calendar_year,calendar_month,town,flat_type_normalised,median_monthly_rent,rental_record_count,median_resale_price,resale_record_count,period,indicative_gross_yield_pct
2021,1,ANG MO KIO,2 ROOM,1500.00,4,218000.00,2,2021-01-01,8.26
2021,1,ANG MO KIO,3 ROOM,1800.00,120,307500.00,50,2021-01-01,7.02
2021,1,ANG MO KIO,4 ROOM,2200.00,39,448000.00,25,2021-01-01,5.89
2021,1,ANG MO KIO,5 ROOM,2300.00,19,768000.00,13,2021-01-01,3.59
2021,1,ANG MO KIO,EXECUTIVE,2500.00,4,795000.00,3,2021-01-01,3.77
2021,1,BEDOK,2 ROOM,1500.00,2,250000.00,2,2021-01-01,7.20
2021,1,BEDOK,3 ROOM,1800.00,83,300000.00,44,2021-01-01,7.20
2021,1,BEDOK,4 ROOM,2150.00,55,419444.00,62,2021-01-01,6.15
2021,1,BEDOK,5 ROOM,2300.00,30,535000.00,34,2021-01-01,5.16
2021,1,BEDOK,EXECUTIVE,2450.00,6,743000.00,9,2021-01-01,3.96
2021,1,BISHAN,3 ROOM,2000.00,11,385000.00,5,2021-01-01,6.23
2021,1,BISHAN,4 ROOM,2350.00,33,555000.00,29,2021-01-01,5.08
2021,1,BISHAN,5 ROOM,2500.00,16,752500.00,16,2021-01-01,3.99
2021,1,BISHAN,EXECUTIVE,2500.00,3,910000.00,5,2021-01-01,3.30
2021,1,BUKIT BATOK,3 ROOM,1600.00,63,288000.00,22,2021-01-01,6.67
2021,1,BUKIT BATOK,4 ROOM,2000.00,50,400000.00,19,2021-01-01,6.00
2021,1,BUKIT BATOK,5 ROOM,2200.00,18,516000.00,15,2021-01-01,5.12
2021,1,BUKIT BATOK,EXECUTIVE,2400.00,7,637500.00,10,2021-01-01,4.52
2021,1,BUKIT MERAH,2 ROOM,1600.00,9,245000.00,3,2021-01-01,7.84
2021,1,BUKIT MERAH,3 ROOM,2000.00,54,339000.00,32,2021-01-01,7.08
2021,1,BUKIT MERAH,4 ROOM,2600.00,51,718000.00,29,2021-01-01,4.35
2021,1,BUKIT MERAH,5 ROOM,2800.00,48,806500.00,26,2021-01-01,4.17
2021,1,BUKIT PANJANG,3 ROOM,1700.00,9,324000.00,11,2021-01-01,6.30
2021,1,BUKIT PANJANG,4 ROOM,2000.00,39,441944.00,60,2021-01-01,5.43
2021,1,BUKIT PANJANG,5 ROOM,2100.00,26,489000.00,26,2021-01-01,5.15
2021,1,BUKIT PANJANG,EXECUTIVE,2200.00,9,680000.00,9,2021-01-01,3.88
2021,1,BUKIT TIMAH,3 ROOM,1750.00,2,418000.00,3,2021-01-01,5.02
2021,1,BUKIT TIMAH,4 ROOM,2325.00,2,643800.00,3,2021-01-01,4.33
2021,1,BUKIT TIMAH,5 ROOM,2250.00,1,827000.00,2,2021-01-01,3.26
2021,1,BUKIT TIMAH,EXECUTIVE,2000.00,1,929000.00,4,2021-01-01,2.58
2021,1,CENTRAL AREA,2 ROOM,1600.00,3,255000.00,1,2021-01-01,7.53
2021,1,CENTRAL AREA,3 ROOM,2200.00,26,390000.00,9,2021-01-01,6.77
2021,1,CENTRAL AREA,4 ROOM,2900.00,18,480000.00,5,2021-01-01,7.25
2021,1,CENTRAL AREA,5 ROOM,3400.00,7,1006500.00,8,2021-01-01,4.05
2021,1,CHOA CHU KANG,3 ROOM,1450.00,6,345000.00,8,2021-01-01,5.04
2021,1,CHOA CHU KANG,4 ROOM,1800.00,57,426500.00,60,2021-01-01,5.06
2021,1,CHOA CHU KANG,5 ROOM,2000.00,47,453000.00,38,2021-01-01,5.30
2021,1,CHOA CHU KANG,EXECUTIVE,2100.00,13,590000.00,9,2021-01-01,4.27
2021,1,CLEMENTI,3 ROOM,1900.00,69,318888.00,33,2021-01-01,7.15
2021,1,CLEMENTI,4 ROOM,2450.00,36,635000.00,23,2021-01-01,4.63
2021,1,CLEMENTI,5 ROOM,2600.00,12,890000.00,9,2021-01-01,3.51
2021,1,CLEMENTI,EXECUTIVE,2700.00,2,787500.00,4,2021-01-01,4.11
2021,1,GEYLANG,2 ROOM,1400.00,3,198000.00,1,2021-01-01,8.48
2021,1,GEYLANG,3 ROOM,1725.00,46,300000.00,30,2021-01-01,6.90
2021,1,GEYLANG,4 ROOM,2300.00,40,515000.00,21,2021-01-01,5.36
2021,1,GEYLANG,5 ROOM,2600.00,11,700000.00,10,2021-01-01,4.46
2021,1,GEYLANG,EXECUTIVE,2700.00,2,786500.00,2,2021-01-01,4.12
2021,1,HOUGANG,2 ROOM,750.00,1,233000.00,1,2021-01-01,3.86
2021,1,HOUGANG,3 ROOM,1700.00,47,305000.00,17,2021-01-01,6.69
2021,1,HOUGANG,4 ROOM,2000.00,65,404000.00,46,2021-01-01,5.94
2021,1,HOUGANG,5 ROOM,2100.00,37,532500.00,30,2021-01-01,4.73
2021,1,HOUGANG,EXECUTIVE,2250.00,10,690544.00,18,2021-01-01,3.91
2021,1,JURONG EAST,3 ROOM,1800.00,38,340000.00,13,2021-01-01,6.35
2021,1,JURONG EAST,4 ROOM,2100.00,29,435333.00,14,2021-01-01,5.79
2021,1,JURONG EAST,5 ROOM,2250.00,18,513000.00,9,2021-01-01,5.26
2021,1,JURONG EAST,EXECUTIVE,2675.00,8,655000.00,8,2021-01-01,4.90
2021,1,JURONG WEST,2 ROOM,1150.00,2,220000.00,1,2021-01-01,6.27
2021,1,JURONG WEST,3 ROOM,1800.00,39,290250.00,20,2021-01-01,7.44
2021,1,JURONG WEST,4 ROOM,2100.00,69,390000.00,48,2021-01-01,6.46
2021,1,JURONG WEST,5 ROOM,2200.00,87,477500.00,48,2021-01-01,5.53
2021,1,JURONG WEST,EXECUTIVE,2350.00,15,554000.00,24,2021-01-01,5.09
2021,1,KALLANG/WHAMPOA,2 ROOM,1700.00,3,230000.00,1,2021-01-01,8.87
2021,1,KALLANG/WHAMPOA,3 ROOM,1950.00,48,294444.00,26,2021-01-01,7.95
2021,1,KALLANG/WHAMPOA,4 ROOM,2400.00,30,518000.00,22,2021-01-01,5.56
2021,1,KALLANG/WHAMPOA,5 ROOM,2650.00,16,689000.00,18,2021-01-01,4.62
2021,1,KALLANG/WHAMPOA,EXECUTIVE,2700.00,2,816500.00,2,2021-01-01,3.97
2021,1,MARINE PARADE,3 ROOM,1825.00,22,380000.00,1,2021-01-01,5.76
2021,1,MARINE PARADE,4 ROOM,2200.00,7,479500.00,2,2021-01-01,5.51
2021,1,MARINE PARADE,5 ROOM,2550.00,4,806500.00,4,2021-01-01,3.79
2021,1,PASIR RIS,2 ROOM,1700.00,1,285000.00,1,2021-01-01,7.16
2021,1,PASIR RIS,3 ROOM,1400.00,2,410000.00,3,2021-01-01,4.10
2021,1,PASIR RIS,4 ROOM,2000.00,34,440000.00,35,2021-01-01,5.45
2021,1,PASIR RIS,5 ROOM,2100.00,36,515000.00,27,2021-01-01,4.89
2021,1,PASIR RIS,EXECUTIVE,2250.00,18,675000.00,29,2021-01-01,4.00
2021,1,PUNGGOL,2 ROOM,1500.00,5,253000.00,4,2021-01-01,7.11
2021,1,PUNGGOL,3 ROOM,1900.00,4,378000.00,27,2021-01-01,6.03
2021,1,PUNGGOL,4 ROOM,2000.00,47,480000.00,124,2021-01-01,5.00
2021,1,PUNGGOL,5 ROOM,2000.00,75,568000.00,77,2021-01-01,4.23
2021,1,PUNGGOL,EXECUTIVE,2100.00,6,565000.00,4,2021-01-01,4.46
2021,1,QUEENSTOWN,2 ROOM,1350.00,7,325000.00,3,2021-01-01,4.98
2021,1,QUEENSTOWN,3 ROOM,1900.00,85,362500.00,30,2021-01-01,6.29
2021,1,QUEENSTOWN,4 ROOM,2575.00,34,782000.00,36,2021-01-01,3.95
2021,1,QUEENSTOWN,5 ROOM,2800.00,11,870000.00,19,2021-01-01,3.86
2021,1,SEMBAWANG,2 ROOM,1425.00,2,235000.00,1,2021-01-01,7.28
2021,1,SEMBAWANG,4 ROOM,1900.00,31,390000.00,21,2021-01-01,5.85
2021,1,SEMBAWANG,5 ROOM,2000.00,35,415000.00,7,2021-01-01,5.78
2021,1,SEMBAWANG,EXECUTIVE,2100.00,19,540000.00,8,2021-01-01,4.67
2021,1,SENGKANG,2 ROOM,1400.00,3,260000.00,5,2021-01-01,6.46
2021,1,SENGKANG,3 ROOM,1700.00,10,371500.00,10,2021-01-01,5.49
2021,1,SENGKANG,4 ROOM,2000.00,84,444444.00,136,2021-01-01,5.40
2021,1,SENGKANG,5 ROOM,2000.00,96,499000.00,80,2021-01-01,4.81
2021,1,SENGKANG,EXECUTIVE,2200.00,21,615000.00,10,2021-01-01,4.29
2021,1,SERANGOON,3 ROOM,1800.00,34,329000.00,10,2021-01-01,6.57
2021,1,SERANGOON,4 ROOM,2250.00,32,453900.00,30,2021-01-01,5.95
2021,1,SERANGOON,5 ROOM,2425.00,12,537500.00,8,2021-01-01,5.41
2021,1,SERANGOON,EXECUTIVE,2550.00,10,718500.00,12,2021-01-01,4.26
2021,1,TAMPINES,2 ROOM,1600.00,1,254000.00,2,2021-01-01,7.56
2021,1,TAMPINES,3 ROOM,1800.00,75,340000.00,41,2021-01-01,6.35
2021,1,TAMPINES,4 ROOM,2100.00,74,435000.00,67,2021-01-01,5.79
2021,1,TAMPINES,5 ROOM,2200.00,57,545000.00,55,2021-01-01,4.84
2021,1,TAMPINES,EXECUTIVE,2600.00,12,686250.00,24,2021-01-01,4.55
2021,1,TOA PAYOH,2 ROOM,1250.00,2,217500.00,2,2021-01-01,6.90
2021,1,TOA PAYOH,3 ROOM,1850.00,68,272500.00,34,2021-01-01,8.15
2021,1,TOA PAYOH,4 ROOM,2300.00,31,550000.00,22,2021-01-01,5.02
2021,1,TOA PAYOH,5 ROOM,2350.00,10,750000.00,19,2021-01-01,3.76
2021,1,TOA PAYOH,EXECUTIVE,2400.00,2,795000.00,2,2021-01-01,3.62
2021,1,WOODLANDS,2 ROOM,875.00,2,255000.00,3,2021-01-01,4.12
2021,1,WOODLANDS,3 ROOM,1600.00,25,290000.00,18,2021-01-01,6.62
2021,1,WOODLANDS,4 ROOM,1800.00,74,376500.00,50,2021-01-01,5.74
2021,1,WOODLANDS,5 ROOM,1925.00,58,456000.00,25,2021-01-01,5.07
2021,1,WOODLANDS,EXECUTIVE,2175.00,20,653444.00,16,2021-01-01,3.99
2021,1,YISHUN,3 ROOM,1650.00,57,300000.00,34,2021-01-01,6.60
2021,1,YISHUN,4 ROOM,1900.00,71,390000.00,57,2021-01-01,5.85
2021,1,YISHUN,5 ROOM,2140.00,26,495000.00,28,2021-01-01,5.19
2021,1,YISHUN,EXECUTIVE,2400.00,9,615000.00,10,2021-01-01,4.68
2021,2,ANG MO KIO,3 ROOM,1800.00,96,295000.00,49,2021-02-01,7.32
2021,2,ANG MO KIO,4 ROOM,2140.00,34,410000.00,27,2021-02-01,6.26
2021,2,ANG MO KIO,5 ROOM,2475.00,14,644000.00,12,2021-02-01,4.61
2021,2,BEDOK,3 ROOM,1775.00,74,310500.00,47,2021-02-01,6.86
2021,2,BEDOK,4 ROOM,2100.00,42,412500.00,33,2021-02-01,6.11
2021,2,BEDOK,5 ROOM,2350.00,21,630000.00,34,2021-02-01,4.48
2021,2,BEDOK,EXECUTIVE,2500.00,9,730000.00,3,2021-02-01,4.11
2021,2,BISHAN,3 ROOM,1800.00,16,375000.00,6,2021-02-01,5.76
2021,2,BISHAN,4 ROOM,2300.00,28,533000.00,26,2021-02-01,5.18
2021,2,BISHAN,5 ROOM,2500.00,22,767000.00,15,2021-02-01,3.91
2021,2,BISHAN,EXECUTIVE,2800.00,3,895000.00,3,2021-02-01,3.75
2021,2,BUKIT BATOK,3 ROOM,1700.00,46,300000.00,13,2021-02-01,6.80
2021,2,BUKIT BATOK,4 ROOM,1950.00,33,418000.00,15,2021-02-01,5.60
2021,2,BUKIT BATOK,5 ROOM,2300.00,13,553000.00,11,2021-02-01,4.99
2021,2,BUKIT BATOK,EXECUTIVE,2000.00,4,665500.00,12,2021-02-01,3.61
2021,2,BUKIT MERAH,1 ROOM,1100.00,1,192500.00,2,2021-02-01,6.86
2021,2,BUKIT MERAH,2 ROOM,1500.00,2,210000.00,3,2021-02-01,8.57
2021,2,BUKIT MERAH,3 ROOM,2075.00,78,370000.00,31,2021-02-01,6.73
2021,2,BUKIT MERAH,4 ROOM,2600.00,55,711250.00,24,2021-02-01,4.39
2021,2,BUKIT MERAH,5 ROOM,2700.00,15,780000.00,25,2021-02-01,4.15
2021,2,BUKIT PANJANG,2 ROOM,1225.00,2,265000.00,3,2021-02-01,5.55
2021,2,BUKIT PANJANG,3 ROOM,1600.00,10,335000.00,13,2021-02-01,5.73
2021,2,BUKIT PANJANG,4 ROOM,1800.00,26,450000.00,39,2021-02-01,4.80
2021,2,BUKIT PANJANG,5 ROOM,2050.00,28,587500.00,26,2021-02-01,4.19
2021,2,BUKIT PANJANG,EXECUTIVE,2200.00,7,715000.00,13,2021-02-01,3.69
2021,2,BUKIT TIMAH,3 ROOM,2225.00,2,390000.00,1,2021-02-01,6.85
2021,2,BUKIT TIMAH,4 ROOM,2400.00,6,628000.00,3,2021-02-01,4.59
2021,2,BUKIT TIMAH,5 ROOM,2450.00,1,850000.00,1,2021-02-01,3.46
2021,2,BUKIT TIMAH,EXECUTIVE,2900.00,2,1169000.00,2,2021-02-01,2.98
2021,2,CENTRAL AREA,3 ROOM,2200.00,15,443000.00,5,2021-02-01,5.96
2021,2,CENTRAL AREA,4 ROOM,2375.00,6,950000.00,7,2021-02-01,3.00
2021,2,CHOA CHU KANG,3 ROOM,1450.00,3,336250.00,8,2021-02-01,5.17
2021,2,CHOA CHU KANG,4 ROOM,1800.00,53,435000.00,48,2021-02-01,4.97
2021,2,CHOA CHU KANG,5 ROOM,2000.00,34,499000.00,32,2021-02-01,4.81
2021,2,CHOA CHU KANG,EXECUTIVE,2050.00,8,596000.00,6,2021-02-01,4.13
2021,2,CLEMENTI,3 ROOM,1900.00,68,320000.00,20,2021-02-01,7.12
2021,2,CLEMENTI,4 ROOM,2400.00,25,555000.00,21,2021-02-01,5.19
2021,2,CLEMENTI,5 ROOM,2700.00,9,908000.00,9,2021-02-01,3.57
2021,2,GEYLANG,2 ROOM,950.00,3,205000.00,2,2021-02-01,5.56
2021,2,GEYLANG,3 ROOM,1800.00,31,259500.00,22,2021-02-01,8.32
2021,2,GEYLANG,4 ROOM,2200.00,19,670000.00,21,2021-02-01,3.94
2021,2,GEYLANG,5 ROOM,2500.00,5,608000.00,7,2021-02-01,4.93
2021,2,GEYLANG,EXECUTIVE,2300.00,1,797500.00,2,2021-02-01,3.46
2021,2,HOUGANG,2 ROOM,1425.00,2,252500.00,2,2021-02-01,6.77
2021,2,HOUGANG,3 ROOM,1650.00,37,315944.00,16,2021-02-01,6.27
2021,2,HOUGANG,4 ROOM,1950.00,49,420000.00,52,2021-02-01,5.57
2021,2,HOUGANG,5 ROOM,2200.00,35,535000.00,27,2021-02-01,4.93
2021,2,HOUGANG,EXECUTIVE,2400.00,7,688000.00,16,2021-02-01,4.19
2021,2,JURONG EAST,3 ROOM,1700.00,24,335000.00,16,2021-02-01,6.09
2021,2,JURONG EAST,4 ROOM,2200.00,22,414400.00,14,2021-02-01,6.37
2021,2,JURONG EAST,5 ROOM,2350.00,14,585000.00,16,2021-02-01,4.82
2021,2,JURONG EAST,EXECUTIVE,2500.00,13,643000.00,7,2021-02-01,4.67
2021,2,JURONG WEST,2 ROOM,1325.00,2,240000.00,3,2021-02-01,6.62
2021,2,JURONG WEST,3 ROOM,1700.00,36,285000.00,21,2021-02-01,7.16
2021,2,JURONG WEST,4 ROOM,2000.00,72,395000.00,41,2021-02-01,6.08
2021,2,JURONG WEST,5 ROOM,2300.00,63,493888.00,47,2021-02-01,5.59
2021,2,JURONG WEST,EXECUTIVE,2150.00,26,575250.00,8,2021-02-01,4.49
2021,2,KALLANG/WHAMPOA,3 ROOM,2000.00,55,309000.00,26,2021-02-01,7.77
2021,2,KALLANG/WHAMPOA,4 ROOM,2500.00,31,507500.00,14,2021-02-01,5.91
2021,2,KALLANG/WHAMPOA,5 ROOM,2700.00,18,722500.00,14,2021-02-01,4.48
2021,2,KALLANG/WHAMPOA,EXECUTIVE,2900.00,3,830000.00,1,2021-02-01,4.19
2021,2,MARINE PARADE,3 ROOM,1900.00,16,382000.00,9,2021-02-01,5.97
2021,2,MARINE PARADE,4 ROOM,2150.00,7,452000.00,5,2021-02-01,5.71
2021,2,MARINE PARADE,5 ROOM,2550.00,6,739999.00,7,2021-02-01,4.14
2021,2,PASIR RIS,4 ROOM,2000.00,26,485000.00,26,2021-02-01,4.95
2021,2,PASIR RIS,5 ROOM,2150.00,25,533880.00,19,2021-02-01,4.83
2021,2,PASIR RIS,EXECUTIVE,2300.00,22,628000.00,23,2021-02-01,4.39
2021,2,PUNGGOL,3 ROOM,1900.00,8,375000.00,18,2021-02-01,6.08
2021,2,PUNGGOL,4 ROOM,2000.00,48,475000.00,105,2021-02-01,5.05
2021,2,PUNGGOL,5 ROOM,2000.00,66,593000.00,71,2021-02-01,4.05
2021,2,PUNGGOL,EXECUTIVE,2100.00,7,555000.00,5,2021-02-01,4.54
2021,2,QUEENSTOWN,2 ROOM,1400.00,6,218000.00,1,2021-02-01,7.71
2021,2,QUEENSTOWN,3 ROOM,1975.00,52,337000.00,28,2021-02-01,7.03
2021,2,QUEENSTOWN,4 ROOM,2800.00,22,820000.00,33,2021-02-01,4.10
2021,2,QUEENSTOWN,5 ROOM,2800.00,20,802500.00,12,2021-02-01,4.19
2021,2,QUEENSTOWN,EXECUTIVE,3200.00,1,1094400.00,2,2021-02-01,3.51
2021,2,SEMBAWANG,2 ROOM,1380.00,1,244000.00,2,2021-02-01,6.79
2021,2,SEMBAWANG,3 ROOM,1700.00,1,321000.00,6,2021-02-01,6.36
2021,2,SEMBAWANG,4 ROOM,1800.00,21,390000.00,13,2021-02-01,5.54
2021,2,SEMBAWANG,5 ROOM,1900.00,31,432500.00,12,2021-02-01,5.27
2021,2,SEMBAWANG,EXECUTIVE,2075.00,12,528000.00,3,2021-02-01,4.72
2021,2,SENGKANG,2 ROOM,1000.00,3,282000.00,3,2021-02-01,4.26
2021,2,SENGKANG,3 ROOM,2000.00,6,361500.00,8,2021-02-01,6.64
2021,2,SENGKANG,4 ROOM,2000.00,66,450000.00,100,2021-02-01,5.33
2021,2,SENGKANG,5 ROOM,2000.00,97,502888.00,85,2021-02-01,4.77
2021,2,SENGKANG,EXECUTIVE,2300.00,21,620000.00,9,2021-02-01,4.45
2021,2,SERANGOON,3 ROOM,1900.00,24,354000.00,5,2021-02-01,6.44
2021,2,SERANGOON,4 ROOM,2200.00,28,488000.00,15,2021-02-01,5.41
2021,2,SERANGOON,5 ROOM,2425.00,14,590000.00,9,2021-02-01,4.93
2021,2,SERANGOON,EXECUTIVE,2600.00,3,720000.00,5,2021-02-01,4.33
2021,2,TAMPINES,3 ROOM,1800.00,63,345000.00,31,2021-02-01,6.26
2021,2,TAMPINES,4 ROOM,2100.00,69,448000.00,61,2021-02-01,5.62
2021,2,TAMPINES,5 ROOM,2300.00,43,560000.00,37,2021-02-01,4.93
2021,2,TAMPINES,EXECUTIVE,2400.00,16,678000.00,21,2021-02-01,4.25
2021,2,TOA PAYOH,2 ROOM,1400.00,5,220000.00,1,2021-02-01,7.64
2021,2,TOA PAYOH,3 ROOM,1825.00,72,280000.00,24,2021-02-01,7.82
2021,2,TOA PAYOH,4 ROOM,2350.00,39,647000.00,33,2021-02-01,4.36
2021,2,TOA PAYOH,5 ROOM,2500.00,12,850444.00,26,2021-02-01,3.53
2021,2,WOODLANDS,2 ROOM,1400.00,3,247000.00,1,2021-02-01,6.80
2021,2,WOODLANDS,3 ROOM,1500.00,19,279000.00,12,2021-02-01,6.45
2021,2,WOODLANDS,4 ROOM,1850.00,59,380000.00,47,2021-02-01,5.84
2021,2,WOODLANDS,5 ROOM,2000.00,61,460000.00,32,2021-02-01,5.22
2021,2,WOODLANDS,EXECUTIVE,2200.00,22,580000.00,9,2021-02-01,4.55
2021,2,YISHUN,3 ROOM,1700.00,52,305000.00,31,2021-02-01,6.69
2021,2,YISHUN,4 ROOM,1950.00,61,401500.00,54,2021-02-01,5.83
2021,2,YISHUN,5 ROOM,2100.00,27,505000.00,30,2021-02-01,4.99
2021,2,YISHUN,EXECUTIVE,2100.00,13,652500.00,6,2021-02-01,3.86
2021,3,ANG MO KIO,3 ROOM,1750.00,129,309000.00,54,2021-03-01,6.80
2021,3,ANG MO KIO,4 ROOM,2200.00,55,448000.00,21,2021-03-01,5.89
2021,3,ANG MO KIO,5 ROOM,2400.00,24,650000.00,15,2021-03-01,4.43
2021,3,BEDOK,2 ROOM,1550.00,1,247500.00,2,2021-03-01,7.52
2021,3,BEDOK,3 ROOM,1800.00,120,308000.00,48,2021-03-01,7.01
2021,3,BEDOK,4 ROOM,2000.00,63,525000.00,53,2021-03-01,4.57
2021,3,BEDOK,5 ROOM,2400.00,37,589500.00,22,2021-03-01,4.89
2021,3,BEDOK,EXECUTIVE,2500.00,10,757750.00,8,2021-03-01,3.96
2021,3,BISHAN,3 ROOM,1900.00,17,370000.00,5,2021-03-01,6.16
2021,3,BISHAN,4 ROOM,2250.00,45,558000.00,21,2021-03-01,4.84
2021,3,BISHAN,5 ROOM,2550.00,29,710000.00,19,2021-03-01,4.31
2021,3,BISHAN,EXECUTIVE,2400.00,5,950000.00,6,2021-03-01,3.03
2021,3,BUKIT BATOK,3 ROOM,1800.00,41,296500.00,24,2021-03-01,7.28
2021,3,BUKIT BATOK,4 ROOM,2000.00,58,400000.00,17,2021-03-01,6.00
2021,3,BUKIT BATOK,5 ROOM,2150.00,17,530000.00,11,2021-03-01,4.87
2021,3,BUKIT BATOK,EXECUTIVE,2500.00,14,716000.00,9,2021-03-01,4.19
2021,3,BUKIT MERAH,1 ROOM,1400.00,1,194000.00,2,2021-03-01,8.66
2021,3,BUKIT MERAH,3 ROOM,2000.00,84,325000.00,26,2021-03-01,7.38
2021,3,BUKIT MERAH,4 ROOM,2600.00,71,715000.00,42,2021-03-01,4.36
2021,3,BUKIT MERAH,5 ROOM,2800.00,48,825000.00,21,2021-03-01,4.07
2021,3,BUKIT PANJANG,2 ROOM,1150.00,2,260000.00,3,2021-03-01,5.31
2021,3,BUKIT PANJANG,3 ROOM,1600.00,9,346500.00,10,2021-03-01,5.54
2021,3,BUKIT PANJANG,4 ROOM,1800.00,43,430000.00,48,2021-03-01,5.02
2021,3,BUKIT PANJANG,5 ROOM,1925.00,36,525000.00,27,2021-03-01,4.40
2021,3,BUKIT PANJANG,EXECUTIVE,2200.00,7,583844.00,6,2021-03-01,4.52
2021,3,BUKIT TIMAH,4 ROOM,2650.00,4,580000.00,1,2021-03-01,5.48
2021,3,BUKIT TIMAH,EXECUTIVE,2800.00,1,1000000.00,7,2021-03-01,3.36
2021,3,CENTRAL AREA,2 ROOM,2100.00,3,308000.00,1,2021-03-01,8.18
2021,3,CENTRAL AREA,3 ROOM,2200.00,35,440000.00,11,2021-03-01,6.00
2021,3,CENTRAL AREA,4 ROOM,2900.00,23,900000.00,13,2021-03-01,3.87
2021,3,CENTRAL AREA,5 ROOM,2600.00,1,814444.00,4,2021-03-01,3.83
2021,3,CHOA CHU KANG,2 ROOM,1500.00,1,253000.00,2,2021-03-01,7.11
2021,3,CHOA CHU KANG,3 ROOM,1500.00,9,347500.00,8,2021-03-01,5.18
2021,3,CHOA CHU KANG,4 ROOM,1850.00,69,440000.00,63,2021-03-01,5.05
2021,3,CHOA CHU KANG,5 ROOM,2000.00,64,497500.00,48,2021-03-01,4.82
2021,3,CHOA CHU KANG,EXECUTIVE,2100.00,17,575000.00,10,2021-03-01,4.38
2021,3,CLEMENTI,3 ROOM,1825.00,76,329000.00,20,2021-03-01,6.66
2021,3,CLEMENTI,4 ROOM,2400.00,30,520500.00,25,2021-03-01,5.53
2021,3,CLEMENTI,5 ROOM,2625.00,10,680000.00,6,2021-03-01,4.63
2021,3,GEYLANG,2 ROOM,1700.00,2,218000.00,1,2021-03-01,9.36
2021,3,GEYLANG,3 ROOM,1800.00,61,260000.00,26,2021-03-01,8.31
2021,3,GEYLANG,4 ROOM,2300.00,37,500000.00,29,2021-03-01,5.52
2021,3,GEYLANG,5 ROOM,2700.00,10,880880.00,3,2021-03-01,3.68
2021,3,GEYLANG,EXECUTIVE,2000.00,4,761500.00,4,2021-03-01,3.15
2021,3,HOUGANG,2 ROOM,1700.00,3,245000.00,1,2021-03-01,8.33
2021,3,HOUGANG,3 ROOM,1700.00,52,318500.00,30,2021-03-01,6.41
2021,3,HOUGANG,4 ROOM,2000.00,93,420000.00,55,2021-03-01,5.71
2021,3,HOUGANG,5 ROOM,2225.00,36,588444.00,28,2021-03-01,4.54
2021,3,HOUGANG,EXECUTIVE,2400.00,16,694600.00,14,2021-03-01,4.15
2021,3,JURONG EAST,3 ROOM,1800.00,40,319500.00,16,2021-03-01,6.76
2021,3,JURONG EAST,4 ROOM,2100.00,29,412500.00,16,2021-03-01,6.11
2021,3,JURONG EAST,5 ROOM,2400.00,29,565000.00,13,2021-03-01,5.10
2021,3,JURONG EAST,EXECUTIVE,2475.00,10,720000.00,6,2021-03-01,4.12
2021,3,JURONG WEST,3 ROOM,1600.00,41,246500.00,24,2021-03-01,7.79
2021,3,JURONG WEST,4 ROOM,2100.00,94,415000.00,47,2021-03-01,6.07
2021,3,JURONG WEST,5 ROOM,2225.00,112,480000.00,43,2021-03-01,5.56
2021,3,JURONG WEST,EXECUTIVE,2300.00,26,574000.00,14,2021-03-01,4.81
2021,3,KALLANG/WHAMPOA,3 ROOM,1900.00,80,326000.00,31,2021-03-01,6.99
2021,3,KALLANG/WHAMPOA,4 ROOM,2500.00,37,529000.00,20,2021-03-01,5.67
2021,3,KALLANG/WHAMPOA,5 ROOM,2700.00,22,807500.00,20,2021-03-01,4.01
2021,3,KALLANG/WHAMPOA,EXECUTIVE,2750.00,2,805000.00,1,2021-03-01,4.10
2021,3,MARINE PARADE,3 ROOM,1800.00,29,380000.00,5,2021-03-01,5.68
2021,3,MARINE PARADE,4 ROOM,2200.00,13,449400.00,2,2021-03-01,5.87
2021,3,MARINE PARADE,5 ROOM,2500.00,5,770000.00,5,2021-03-01,3.90
2021,3,PASIR RIS,2 ROOM,1500.00,1,275000.00,1,2021-03-01,6.55
2021,3,PASIR RIS,3 ROOM,1850.00,4,532500.00,5,2021-03-01,4.17
2021,3,PASIR RIS,4 ROOM,2000.00,41,453500.00,34,2021-03-01,5.29
2021,3,PASIR RIS,5 ROOM,2100.00,45,538000.00,28,2021-03-01,4.68
2021,3,PASIR RIS,EXECUTIVE,2200.00,21,688888.00,13,2021-03-01,3.83
2021,3,PUNGGOL,2 ROOM,1550.00,3,266500.00,2,2021-03-01,6.98
2021,3,PUNGGOL,3 ROOM,1650.00,4,376500.00,20,2021-03-01,5.26
2021,3,PUNGGOL,4 ROOM,2000.00,38,480888.00,137,2021-03-01,4.99
2021,3,PUNGGOL,5 ROOM,1990.00,88,587500.00,72,2021-03-01,4.06
2021,3,PUNGGOL,EXECUTIVE,2300.00,6,560000.00,1,2021-03-01,4.93
2021,3,QUEENSTOWN,2 ROOM,1300.00,5,231500.00,2,2021-03-01,6.74
2021,3,QUEENSTOWN,3 ROOM,1900.00,96,360000.00,36,2021-03-01,6.33
2021,3,QUEENSTOWN,4 ROOM,2700.00,45,777500.00,46,2021-03-01,4.17
2021,3,QUEENSTOWN,5 ROOM,2900.00,17,815000.00,11,2021-03-01,4.27
2021,3,QUEENSTOWN,EXECUTIVE,2900.00,1,945000.00,1,2021-03-01,3.68
2021,3,SEMBAWANG,3 ROOM,2000.00,1,317000.00,1,2021-03-01,7.57
2021,3,SEMBAWANG,4 ROOM,1900.00,32,400000.00,19,2021-03-01,5.70
2021,3,SEMBAWANG,5 ROOM,2000.00,37,472000.00,11,2021-03-01,5.08
2021,3,SEMBAWANG,EXECUTIVE,2250.00,14,568000.00,9,2021-03-01,4.75
2021,3,SENGKANG,2 ROOM,1700.00,1,280000.00,6,2021-03-01,7.29
2021,3,SENGKANG,3 ROOM,1800.00,8,365000.00,19,2021-03-01,5.92
2021,3,SENGKANG,4 ROOM,2000.00,97,445000.00,86,2021-03-01,5.39
2021,3,SENGKANG,5 ROOM,2000.00,114,520000.00,81,2021-03-01,4.62
2021,3,SENGKANG,EXECUTIVE,2200.00,15,606500.00,12,2021-03-01,4.35
2021,3,SERANGOON,3 ROOM,1800.00,25,350000.00,12,2021-03-01,6.17
2021,3,SERANGOON,4 ROOM,2275.00,46,440000.00,15,2021-03-01,6.20
2021,3,SERANGOON,5 ROOM,2100.00,9,580000.00,7,2021-03-01,4.34
2021,3,SERANGOON,EXECUTIVE,2200.00,8,835000.00,7,2021-03-01,3.16
2021,3,TAMPINES,2 ROOM,1500.00,1,280000.00,2,2021-03-01,6.43
2021,3,TAMPINES,3 ROOM,1750.00,57,365000.00,32,2021-03-01,5.75
2021,3,TAMPINES,4 ROOM,2100.00,112,456000.00,82,2021-03-01,5.53
2021,3,TAMPINES,5 ROOM,2300.00,56,570000.00,48,2021-03-01,4.84
2021,3,TAMPINES,EXECUTIVE,2400.00,18,738000.00,13,2021-03-01,3.90
2021,3,TOA PAYOH,3 ROOM,1900.00,78,286500.00,32,2021-03-01,7.96
2021,3,TOA PAYOH,4 ROOM,2250.00,35,683000.00,33,2021-03-01,3.95
2021,3,TOA PAYOH,5 ROOM,2525.00,22,782944.00,12,2021-03-01,3.87
2021,3,TOA PAYOH,EXECUTIVE,2050.00,2,804000.00,4,2021-03-01,3.06
2021,3,WOODLANDS,3 ROOM,1500.00,26,295000.00,20,2021-03-01,6.10
2021,3,WOODLANDS,4 ROOM,1800.00,70,380000.00,58,2021-03-01,5.68
2021,3,WOODLANDS,5 ROOM,2000.00,88,468000.00,43,2021-03-01,5.13
2021,3,WOODLANDS,EXECUTIVE,2200.00,23,638000.00,13,2021-03-01,4.14
2021,3,YISHUN,2 ROOM,1500.00,1,250000.00,3,2021-03-01,7.20
2021,3,YISHUN,3 ROOM,1675.00,60,301500.00,44,2021-03-01,6.67
2021,3,YISHUN,4 ROOM,1900.00,95,416500.00,78,2021-03-01,5.47
2021,3,YISHUN,5 ROOM,2100.00,33,515000.00,22,2021-03-01,4.89
2021,3,YISHUN,EXECUTIVE,2450.00,8,600000.00,11,2021-03-01,4.90
2021,4,ANG MO KIO,2 ROOM,1250.00,3,213250.00,2,2021-04-01,7.03
2021,4,ANG MO KIO,3 ROOM,1800.00,100,316888.00,43,2021-04-01,6.82
2021,4,ANG MO KIO,4 ROOM,2100.00,39,435000.00,24,2021-04-01,5.79
2021,4,ANG MO KIO,5 ROOM,2380.00,15,595000.00,16,2021-04-01,4.80
2021,4,BEDOK,2 ROOM,1300.00,5,246944.00,1,2021-04-01,6.32
2021,4,BEDOK,3 ROOM,1800.00,88,310000.00,39,2021-04-01,6.97
2021,4,BEDOK,4 ROOM,2150.00,64,455000.00,56,2021-04-01,5.67
2021,4,BEDOK,5 ROOM,2300.00,33,615000.00,31,2021-04-01,4.49
2021,4,BEDOK,EXECUTIVE,2400.00,7,798000.00,7,2021-04-01,3.61
2021,4,BISHAN,3 ROOM,1800.00,13,350000.00,5,2021-04-01,6.17
2021,4,BISHAN,4 ROOM,2350.00,39,573000.00,31,2021-04-01,4.92
2021,4,BISHAN,5 ROOM,2600.00,22,720000.00,17,2021-04-01,4.33
2021,4,BISHAN,EXECUTIVE,2550.00,2,933300.00,6,2021-04-01,3.28
2021,4,BUKIT BATOK,3 ROOM,1680.00,49,305000.00,25,2021-04-01,6.61
2021,4,BUKIT BATOK,4 ROOM,2100.00,39,400000.00,23,2021-04-01,6.30
2021,4,BUKIT BATOK,5 ROOM,2300.00,18,545000.00,5,2021-04-01,5.06
2021,4,BUKIT BATOK,EXECUTIVE,2400.00,15,695000.00,6,2021-04-01,4.14
2021,4,BUKIT MERAH,2 ROOM,1700.00,5,241900.00,6,2021-04-01,8.43
2021,4,BUKIT MERAH,3 ROOM,2000.00,57,324000.00,40,2021-04-01,7.41
2021,4,BUKIT MERAH,4 ROOM,2600.00,50,745000.00,36,2021-04-01,4.19
2021,4,BUKIT MERAH,5 ROOM,2800.00,29,764000.00,20,2021-04-01,4.40
2021,4,BUKIT PANJANG,2 ROOM,1300.00,1,290000.00,1,2021-04-01,5.38
2021,4,BUKIT PANJANG,3 ROOM,1600.00,9,320000.00,11,2021-04-01,6.00
2021,4,BUKIT PANJANG,4 ROOM,2000.00,23,428000.00,33,2021-04-01,5.61
2021,4,BUKIT PANJANG,5 ROOM,2200.00,34,531000.00,24,2021-04-01,4.97
2021,4,BUKIT PANJANG,EXECUTIVE,2150.00,8,662500.00,8,2021-04-01,3.89
2021,4,BUKIT TIMAH,3 ROOM,2000.00,4,418000.00,3,2021-04-01,5.74
2021,4,BUKIT TIMAH,4 ROOM,3000.00,1,603000.00,2,2021-04-01,5.97
2021,4,BUKIT TIMAH,EXECUTIVE,2700.00,2,1160000.00,1,2021-04-01,2.79
2021,4,CENTRAL AREA,2 ROOM,1700.00,3,238000.00,2,2021-04-01,8.57
2021,4,CENTRAL AREA,3 ROOM,2150.00,28,392500.00,4,2021-04-01,6.57
2021,4,CENTRAL AREA,4 ROOM,2700.00,14,988888.00,7,2021-04-01,3.28
2021,4,CENTRAL AREA,5 ROOM,3050.00,2,1050000.00,5,2021-04-01,3.49
2021,4,CHOA CHU KANG,2 ROOM,1600.00,1,250000.00,1,2021-04-01,7.68
2021,4,CHOA CHU KANG,3 ROOM,1700.00,6,360000.00,5,2021-04-01,5.67
2021,4,CHOA CHU KANG,4 ROOM,1800.00,54,434444.00,46,2021-04-01,4.97
2021,4,CHOA CHU KANG,5 ROOM,2000.00,41,535000.00,41,2021-04-01,4.49
2021,4,CHOA CHU KANG,EXECUTIVE,2100.00,7,585000.00,12,2021-04-01,4.31
2021,4,CLEMENTI,3 ROOM,1900.00,64,332500.00,18,2021-04-01,6.86
2021,4,CLEMENTI,4 ROOM,2500.00,41,570000.00,26,2021-04-01,5.26
2021,4,CLEMENTI,5 ROOM,2500.00,6,715000.00,6,2021-04-01,4.20
2021,4,GEYLANG,2 ROOM,850.00,4,210000.00,1,2021-04-01,4.86
2021,4,GEYLANG,3 ROOM,1800.00,48,300000.00,23,2021-04-01,7.20
2021,4,GEYLANG,4 ROOM,2225.00,38,620000.00,36,2021-04-01,4.31
2021,4,GEYLANG,5 ROOM,2400.00,17,649000.00,14,2021-04-01,4.44
2021,4,GEYLANG,EXECUTIVE,2650.00,4,758000.00,2,2021-04-01,4.20
2021,4,HOUGANG,3 ROOM,1700.00,38,313000.00,20,2021-04-01,6.52
2021,4,HOUGANG,4 ROOM,2000.00,67,420000.00,58,2021-04-01,5.71
2021,4,HOUGANG,5 ROOM,2200.00,26,595944.00,36,2021-04-01,4.43
2021,4,HOUGANG,EXECUTIVE,2400.00,11,737000.00,13,2021-04-01,3.91
2021,4,JURONG EAST,3 ROOM,1750.00,28,335000.00,11,2021-04-01,6.27
2021,4,JURONG EAST,4 ROOM,2100.00,29,433500.00,12,2021-04-01,5.81
2021,4,JURONG EAST,5 ROOM,2450.00,18,524000.00,16,2021-04-01,5.61
2021,4,JURONG EAST,EXECUTIVE,2300.00,5,786000.00,9,2021-04-01,3.51
2021,4,JURONG WEST,2 ROOM,1650.00,2,250000.00,1,2021-04-01,7.92
2021,4,JURONG WEST,3 ROOM,1800.00,40,318000.00,9,2021-04-01,6.79
2021,4,JURONG WEST,4 ROOM,2000.00,73,405000.00,53,2021-04-01,5.93
2021,4,JURONG WEST,5 ROOM,2300.00,85,495000.00,40,2021-04-01,5.58
2021,4,JURONG WEST,EXECUTIVE,2200.00,29,587500.00,12,2021-04-01,4.49
2021,4,KALLANG/WHAMPOA,2 ROOM,1400.00,3,235000.00,1,2021-04-01,7.15
2021,4,KALLANG/WHAMPOA,3 ROOM,2000.00,63,313000.00,31,2021-04-01,7.67
2021,4,KALLANG/WHAMPOA,4 ROOM,2500.00,33,602500.00,14,2021-04-01,4.98
2021,4,KALLANG/WHAMPOA,5 ROOM,2400.00,17,708000.00,13,2021-04-01,4.07
2021,4,KALLANG/WHAMPOA,EXECUTIVE,2825.00,2,730000.00,1,2021-04-01,4.64
2021,4,MARINE PARADE,3 ROOM,1850.00,18,340000.00,5,2021-04-01,6.53
2021,4,MARINE PARADE,4 ROOM,2350.00,6,490000.00,4,2021-04-01,5.76
2021,4,MARINE PARADE,5 ROOM,2400.00,3,828444.00,4,2021-04-01,3.48
2021,4,PASIR RIS,3 ROOM,2000.00,3,490000.00,3,2021-04-01,4.90
2021,4,PASIR RIS,4 ROOM,2000.00,29,445000.00,25,2021-04-01,5.39
2021,4,PASIR RIS,5 ROOM,2100.00,27,538000.00,23,2021-04-01,4.68
2021,4,PASIR RIS,EXECUTIVE,2300.00,27,690000.00,21,2021-04-01,4.00
2021,4,PUNGGOL,3 ROOM,2000.00,5,380500.00,18,2021-04-01,6.31
2021,4,PUNGGOL,4 ROOM,2000.00,52,488000.00,118,2021-04-01,4.92
2021,4,PUNGGOL,5 ROOM,2025.00,84,576500.00,88,2021-04-01,4.22
2021,4,PUNGGOL,EXECUTIVE,2400.00,3,580000.00,3,2021-04-01,4.97
2021,4,QUEENSTOWN,2 ROOM,1450.00,4,252500.00,2,2021-04-01,6.89
2021,4,QUEENSTOWN,3 ROOM,2000.00,92,345000.00,17,2021-04-01,6.96
2021,4,QUEENSTOWN,4 ROOM,2725.00,32,766944.00,32,2021-04-01,4.26
2021,4,QUEENSTOWN,5 ROOM,2900.00,15,978000.00,11,2021-04-01,3.56
2021,4,SEMBAWANG,2 ROOM,400.00,1,240000.00,1,2021-04-01,2.00
2021,4,SEMBAWANG,4 ROOM,1900.00,21,407500.00,14,2021-04-01,5.60
2021,4,SEMBAWANG,5 ROOM,2000.00,27,455000.00,3,2021-04-01,5.27
2021,4,SEMBAWANG,EXECUTIVE,2100.00,7,533944.00,6,2021-04-01,4.72
2021,4,SENGKANG,2 ROOM,1600.00,2,272500.00,4,2021-04-01,7.05
2021,4,SENGKANG,3 ROOM,1700.00,5,362994.00,10,2021-04-01,5.62
2021,4,SENGKANG,4 ROOM,2000.00,94,450000.00,131,2021-04-01,5.33
2021,4,SENGKANG,5 ROOM,2000.00,90,530000.00,77,2021-04-01,4.53
2021,4,SENGKANG,EXECUTIVE,2350.00,16,574000.00,12,2021-04-01,4.91
2021,4,SERANGOON,3 ROOM,1825.00,18,338000.00,5,2021-04-01,6.48
2021,4,SERANGOON,4 ROOM,2250.00,39,450000.00,21,2021-04-01,6.00
2021,4,SERANGOON,5 ROOM,2750.00,8,615000.00,3,2021-04-01,5.37
2021,4,SERANGOON,EXECUTIVE,2525.00,4,889000.00,10,2021-04-01,3.41
2021,4,TAMPINES,2 ROOM,1700.00,1,298000.00,2,2021-04-01,6.85
2021,4,TAMPINES,3 ROOM,1800.00,60,346000.00,35,2021-04-01,6.24
2021,4,TAMPINES,4 ROOM,2100.00,90,468888.00,83,2021-04-01,5.37
2021,4,TAMPINES,5 ROOM,2200.00,58,597500.00,44,2021-04-01,4.42
2021,4,TAMPINES,EXECUTIVE,2450.00,18,730000.00,18,2021-04-01,4.03
2021,4,TOA PAYOH,2 ROOM,1550.00,2,220000.00,2,2021-04-01,8.45
2021,4,TOA PAYOH,3 ROOM,1880.00,73,295000.00,29,2021-04-01,7.65
2021,4,TOA PAYOH,4 ROOM,2400.00,29,580000.00,23,2021-04-01,4.97
2021,4,TOA PAYOH,5 ROOM,2400.00,16,740500.00,16,2021-04-01,3.89
2021,4,TOA PAYOH,EXECUTIVE,2000.00,1,910000.00,1,2021-04-01,2.64
2021,4,WOODLANDS,2 ROOM,1550.00,1,235000.00,1,2021-04-01,7.91
2021,4,WOODLANDS,3 ROOM,1500.00,18,275000.00,8,2021-04-01,6.55
2021,4,WOODLANDS,4 ROOM,1850.00,49,388000.00,57,2021-04-01,5.72
2021,4,WOODLANDS,5 ROOM,2000.00,53,479000.00,46,2021-04-01,5.01
2021,4,WOODLANDS,EXECUTIVE,2150.00,13,680000.00,15,2021-04-01,3.79
2021,4,YISHUN,2 ROOM,1000.00,1,222000.00,2,2021-04-01,5.41
2021,4,YISHUN,3 ROOM,1600.00,51,318000.00,43,2021-04-01,6.04
2021,4,YISHUN,4 ROOM,2000.00,67,400000.00,66,2021-04-01,6.00
2021,4,YISHUN,5 ROOM,2100.00,43,547500.00,28,2021-04-01,4.60
2021,4,YISHUN,EXECUTIVE,2300.00,8,650000.00,7,2021-04-01,4.25
2021,5,ANG MO KIO,2 ROOM,1000.00,1,230000.00,1,2021-05-01,5.22
2021,5,ANG MO KIO,3 ROOM,1800.00,146,324500.00,34,2021-05-01,6.66
2021,5,ANG MO KIO,4 ROOM,2200.00,45,438000.00,29,2021-05-01,6.03
2021,5,ANG MO KIO,5 ROOM,2300.00,21,670000.00,13,2021-05-01,4.12
2021,5,ANG MO KIO,EXECUTIVE,2200.00,2,920000.00,1,2021-05-01,2.87
2021,5,BEDOK,3 ROOM,1800.00,117,311000.00,42,2021-05-01,6.95
2021,5,BEDOK,4 ROOM,2050.00,73,430000.00,45,2021-05-01,5.72
2021,5,BEDOK,5 ROOM,2400.00,34,607000.00,24,2021-05-01,4.74
2021,5,BEDOK,EXECUTIVE,2100.00,9,744000.00,8,2021-05-01,3.39
2021,5,BISHAN,3 ROOM,1950.00,20,420000.00,7,2021-05-01,5.57
2021,5,BISHAN,4 ROOM,2425.00,44,575000.00,15,2021-05-01,5.06
2021,5,BISHAN,5 ROOM,2700.00,23,780000.00,13,2021-05-01,4.15
2021,5,BISHAN,EXECUTIVE,2300.00,3,910000.00,2,2021-05-01,3.03
2021,5,BUKIT BATOK,3 ROOM,1700.00,51,308000.00,13,2021-05-01,6.62
2021,5,BUKIT BATOK,4 ROOM,2050.00,36,406500.00,16,2021-05-01,6.05
2021,5,BUKIT BATOK,5 ROOM,2300.00,20,584000.00,12,2021-05-01,4.73
2021,5,BUKIT BATOK,EXECUTIVE,2300.00,7,630000.00,6,2021-05-01,4.38
2021,5,BUKIT MERAH,1 ROOM,1225.00,2,190000.00,1,2021-05-01,7.74
2021,5,BUKIT MERAH,3 ROOM,2000.00,76,355000.00,25,2021-05-01,6.76
2021,5,BUKIT MERAH,4 ROOM,2625.00,64,755000.00,37,2021-05-01,4.17
2021,5,BUKIT MERAH,5 ROOM,2950.00,41,846500.00,20,2021-05-01,4.18
2021,5,BUKIT PANJANG,2 ROOM,1200.00,1,276944.00,2,2021-05-01,5.20
2021,5,BUKIT PANJANG,3 ROOM,1700.00,8,355000.00,8,2021-05-01,5.75
2021,5,BUKIT PANJANG,4 ROOM,1900.00,31,470000.00,25,2021-05-01,4.85
2021,5,BUKIT PANJANG,5 ROOM,2000.00,34,545000.00,21,2021-05-01,4.40
2021,5,BUKIT PANJANG,EXECUTIVE,2200.00,9,695000.00,9,2021-05-01,3.80
2021,5,BUKIT TIMAH,3 ROOM,1925.00,2,398000.00,2,2021-05-01,5.80
2021,5,BUKIT TIMAH,4 ROOM,2500.00,5,576000.00,2,2021-05-01,5.21
2021,5,BUKIT TIMAH,5 ROOM,2950.00,4,831500.00,2,2021-05-01,4.26
2021,5,BUKIT TIMAH,EXECUTIVE,2550.00,1,1060000.00,1,2021-05-01,2.89
2021,5,CENTRAL AREA,2 ROOM,1725.00,2,267000.00,1,2021-05-01,7.75
2021,5,CENTRAL AREA,3 ROOM,2300.00,25,429000.00,2,2021-05-01,6.43
2021,5,CENTRAL AREA,4 ROOM,2900.00,16,920888.00,13,2021-05-01,3.78
2021,5,CENTRAL AREA,5 ROOM,2825.00,2,1126500.00,2,2021-05-01,3.01
2021,5,CHOA CHU KANG,2 ROOM,1450.00,2,262500.00,2,2021-05-01,6.63
2021,5,CHOA CHU KANG,3 ROOM,1725.00,2,357500.00,10,2021-05-01,5.79
2021,5,CHOA CHU KANG,4 ROOM,1900.00,46,465000.00,59,2021-05-01,4.90
2021,5,CHOA CHU KANG,5 ROOM,2025.00,40,530000.00,38,2021-05-01,4.58
2021,5,CHOA CHU KANG,EXECUTIVE,2250.00,17,631694.00,10,2021-05-01,4.27
2021,5,CLEMENTI,3 ROOM,2000.00,74,383500.00,12,2021-05-01,6.26
2021,5,CLEMENTI,4 ROOM,2500.00,44,740000.00,14,2021-05-01,4.05
2021,5,CLEMENTI,5 ROOM,2600.00,17,615000.00,5,2021-05-01,5.07
2021,5,CLEMENTI,EXECUTIVE,2900.00,1,860000.00,1,2021-05-01,4.05
2021,5,GEYLANG,2 ROOM,1425.00,6,225000.00,2,2021-05-01,7.60
2021,5,GEYLANG,3 ROOM,1800.00,58,354000.00,21,2021-05-01,6.10
2021,5,GEYLANG,4 ROOM,2335.00,40,546500.00,16,2021-05-01,5.13
2021,5,GEYLANG,5 ROOM,2550.00,9,870000.00,7,2021-05-01,3.52
2021,5,GEYLANG,EXECUTIVE,2500.00,1,833888.00,1,2021-05-01,3.60
2021,5,HOUGANG,3 ROOM,1700.00,41,345000.00,18,2021-05-01,5.91
2021,5,HOUGANG,4 ROOM,2000.00,81,450000.00,39,2021-05-01,5.33
2021,5,HOUGANG,5 ROOM,2185.00,38,557000.00,31,2021-05-01,4.71
2021,5,HOUGANG,EXECUTIVE,2400.00,7,738888.00,9,2021-05-01,3.90
2021,5,JURONG EAST,3 ROOM,1800.00,34,325000.00,9,2021-05-01,6.65
2021,5,JURONG EAST,4 ROOM,2125.00,36,402500.00,14,2021-05-01,6.34
2021,5,JURONG EAST,5 ROOM,2350.00,19,590000.00,5,2021-05-01,4.78
2021,5,JURONG EAST,EXECUTIVE,2400.00,5,765094.00,6,2021-05-01,3.76
2021,5,JURONG WEST,2 ROOM,1325.00,2,259000.00,2,2021-05-01,6.14
2021,5,JURONG WEST,3 ROOM,1700.00,42,287880.00,19,2021-05-01,7.09
2021,5,JURONG WEST,4 ROOM,2100.00,110,409000.00,36,2021-05-01,6.16
2021,5,JURONG WEST,5 ROOM,2300.00,99,500944.00,32,2021-05-01,5.51
2021,5,JURONG WEST,EXECUTIVE,2350.00,28,590000.00,11,2021-05-01,4.78
2021,5,KALLANG/WHAMPOA,2 ROOM,1125.00,4,280000.00,1,2021-05-01,4.82
2021,5,KALLANG/WHAMPOA,3 ROOM,2000.00,59,312500.00,28,2021-05-01,7.68
2021,5,KALLANG/WHAMPOA,4 ROOM,2475.00,34,590000.00,17,2021-05-01,5.03
2021,5,KALLANG/WHAMPOA,5 ROOM,2800.00,30,810000.00,10,2021-05-01,4.15
2021,5,KALLANG/WHAMPOA,EXECUTIVE,2700.00,2,860000.00,1,2021-05-01,3.77
2021,5,MARINE PARADE,3 ROOM,1900.00,25,375000.00,7,2021-05-01,6.08
2021,5,MARINE PARADE,4 ROOM,2125.00,12,472888.00,3,2021-05-01,5.39
2021,5,MARINE PARADE,5 ROOM,2700.00,5,757500.00,6,2021-05-01,4.28
2021,5,PASIR RIS,3 ROOM,2000.00,1,410000.00,1,2021-05-01,5.85
2021,5,PASIR RIS,4 ROOM,2000.00,34,451000.00,21,2021-05-01,5.32
2021,5,PASIR RIS,5 ROOM,2100.00,34,542000.00,23,2021-05-01,4.65
2021,5,PASIR RIS,EXECUTIVE,2225.00,22,688449.00,12,2021-05-01,3.88
2021,5,PUNGGOL,2 ROOM,1575.00,4,269000.00,2,2021-05-01,7.03
2021,5,PUNGGOL,3 ROOM,1875.00,6,392500.00,14,2021-05-01,5.73
2021,5,PUNGGOL,4 ROOM,2000.00,69,488888.00,103,2021-05-01,4.91
2021,5,PUNGGOL,5 ROOM,2050.00,69,582500.00,68,2021-05-01,4.22
2021,5,PUNGGOL,EXECUTIVE,2100.00,1,591500.00,2,2021-05-01,4.26
2021,5,QUEENSTOWN,2 ROOM,1400.00,5,240000.00,1,2021-05-01,7.00
2021,5,QUEENSTOWN,3 ROOM,1900.00,82,356944.00,28,2021-05-01,6.39
2021,5,QUEENSTOWN,4 ROOM,2700.00,46,790000.00,49,2021-05-01,4.10
2021,5,QUEENSTOWN,5 ROOM,2800.00,17,930000.00,9,2021-05-01,3.61
2021,5,SEMBAWANG,2 ROOM,1600.00,2,268000.00,3,2021-05-01,7.16
2021,5,SEMBAWANG,4 ROOM,1800.00,36,412000.00,13,2021-05-01,5.24
2021,5,SEMBAWANG,5 ROOM,2000.00,50,460000.00,16,2021-05-01,5.22
2021,5,SEMBAWANG,EXECUTIVE,2150.00,9,545000.00,6,2021-05-01,4.73
2021,5,SENGKANG,2 ROOM,1450.00,2,287500.00,2,2021-05-01,6.05
2021,5,SENGKANG,3 ROOM,2150.00,4,380000.00,13,2021-05-01,6.79
2021,5,SENGKANG,4 ROOM,2000.00,91,471000.00,96,2021-05-01,5.10
2021,5,SENGKANG,5 ROOM,2150.00,106,500000.00,43,2021-05-01,5.16
2021,5,SENGKANG,EXECUTIVE,2125.00,22,590000.00,11,2021-05-01,4.32
2021,5,SERANGOON,2 ROOM,1200.00,1,220000.00,1,2021-05-01,6.55
2021,5,SERANGOON,3 ROOM,1790.00,22,306000.00,3,2021-05-01,7.02
2021,5,SERANGOON,4 ROOM,2200.00,29,447500.00,14,2021-05-01,5.90
2021,5,SERANGOON,5 ROOM,2200.00,19,595000.00,9,2021-05-01,4.44
2021,5,SERANGOON,EXECUTIVE,2750.00,6,850500.00,8,2021-05-01,3.88
2021,5,TAMPINES,3 ROOM,1850.00,61,358000.00,27,2021-05-01,6.20
2021,5,TAMPINES,4 ROOM,2100.00,94,462500.00,54,2021-05-01,5.45
2021,5,TAMPINES,5 ROOM,2300.00,63,579000.00,40,2021-05-01,4.77
2021,5,TAMPINES,EXECUTIVE,2400.00,15,738000.00,13,2021-05-01,3.90
2021,5,TOA PAYOH,2 ROOM,1200.00,1,205000.00,1,2021-05-01,7.02
2021,5,TOA PAYOH,3 ROOM,1900.00,91,277500.00,28,2021-05-01,8.22
2021,5,TOA PAYOH,4 ROOM,2300.00,35,714000.00,24,2021-05-01,3.87
2021,5,TOA PAYOH,5 ROOM,2700.00,20,747500.00,12,2021-05-01,4.33
2021,5,WOODLANDS,3 ROOM,1500.00,16,300000.00,15,2021-05-01,6.00
2021,5,WOODLANDS,4 ROOM,1875.00,64,415444.00,52,2021-05-01,5.42
2021,5,WOODLANDS,5 ROOM,2000.00,71,480000.00,46,2021-05-01,5.00
2021,5,WOODLANDS,EXECUTIVE,2250.00,15,649000.00,20,2021-05-01,4.16
2021,5,YISHUN,2 ROOM,1375.00,2,240000.00,2,2021-05-01,6.88
2021,5,YISHUN,3 ROOM,1625.00,64,322000.00,22,2021-05-01,6.06
2021,5,YISHUN,4 ROOM,2000.00,95,420000.00,48,2021-05-01,5.71
2021,5,YISHUN,5 ROOM,2200.00,29,544000.00,17,2021-05-01,4.85
2021,5,YISHUN,EXECUTIVE,2425.00,10,625000.00,5,2021-05-01,4.66
2021,6,ANG MO KIO,3 ROOM,1800.00,114,325000.00,41,2021-06-01,6.65
2021,6,ANG MO KIO,4 ROOM,2200.00,39,440000.00,26,2021-06-01,6.00
2021,6,ANG MO KIO,5 ROOM,2475.00,20,595000.00,9,2021-06-01,4.99
2021,6,ANG MO KIO,EXECUTIVE,2000.00,1,812000.00,1,2021-06-01,2.96
2021,6,BEDOK,2 ROOM,1400.00,2,222944.50,2,2021-06-01,7.54
2021,6,BEDOK,3 ROOM,1800.00,117,305999.50,38,2021-06-01,7.06
2021,6,BEDOK,4 ROOM,2100.00,48,430000.00,40,2021-06-01,5.86
2021,6,BEDOK,5 ROOM,2400.00,31,610000.00,41,2021-06-01,4.72
2021,6,BEDOK,EXECUTIVE,2425.00,6,800000.00,7,2021-06-01,3.64
2021,6,BISHAN,3 ROOM,1925.00,12,278000.00,2,2021-06-01,8.31
2021,6,BISHAN,4 ROOM,2400.00,50,542500.00,24,2021-06-01,5.31
2021,6,BISHAN,5 ROOM,2600.00,15,775000.00,17,2021-06-01,4.03
2021,6,BISHAN,EXECUTIVE,2750.00,4,965000.00,5,2021-06-01,3.42
2021,6,BUKIT BATOK,3 ROOM,1650.00,51,311500.00,20,2021-06-01,6.36
2021,6,BUKIT BATOK,4 ROOM,2000.00,45,417500.00,24,2021-06-01,5.75
2021,6,BUKIT BATOK,5 ROOM,2100.00,14,613444.00,10,2021-06-01,4.11
2021,6,BUKIT BATOK,EXECUTIVE,2600.00,7,702500.00,10,2021-06-01,4.44
2021,6,BUKIT MERAH,2 ROOM,1650.00,5,233000.00,6,2021-06-01,8.50
2021,6,BUKIT MERAH,3 ROOM,2000.00,85,350000.00,33,2021-06-01,6.86
2021,6,BUKIT MERAH,4 ROOM,2700.00,72,770000.00,31,2021-06-01,4.21
2021,6,BUKIT MERAH,5 ROOM,2950.00,45,815000.00,22,2021-06-01,4.34
2021,6,BUKIT PANJANG,3 ROOM,1700.00,9,348000.00,4,2021-06-01,5.86
2021,6,BUKIT PANJANG,4 ROOM,1850.00,32,440000.00,41,2021-06-01,5.05
2021,6,BUKIT PANJANG,5 ROOM,2125.00,26,526000.00,20,2021-06-01,4.85
2021,6,BUKIT PANJANG,EXECUTIVE,2175.00,6,700000.00,11,2021-06-01,3.73
2021,6,BUKIT TIMAH,4 ROOM,2300.00,8,655000.00,3,2021-06-01,4.21
2021,6,BUKIT TIMAH,5 ROOM,2450.00,3,889000.00,3,2021-06-01,3.31
2021,6,CENTRAL AREA,3 ROOM,2200.00,17,435000.00,8,2021-06-01,6.07
2021,6,CENTRAL AREA,4 ROOM,2800.00,9,948500.00,10,2021-06-01,3.54
2021,6,CHOA CHU KANG,3 ROOM,1600.00,9,323500.00,6,2021-06-01,5.94
2021,6,CHOA CHU KANG,4 ROOM,1900.00,56,460000.00,57,2021-06-01,4.96
2021,6,CHOA CHU KANG,5 ROOM,2000.00,41,530000.00,49,2021-06-01,4.53
2021,6,CHOA CHU KANG,EXECUTIVE,2200.00,17,615000.00,13,2021-06-01,4.29
2021,6,CLEMENTI,3 ROOM,2000.00,74,330000.00,25,2021-06-01,7.27
2021,6,CLEMENTI,4 ROOM,2500.00,45,700000.00,17,2021-06-01,4.29
2021,6,CLEMENTI,5 ROOM,2650.00,19,649444.00,10,2021-06-01,4.90
2021,6,GEYLANG,3 ROOM,1800.00,44,298000.00,23,2021-06-01,7.25
2021,6,GEYLANG,4 ROOM,2350.00,28,516250.00,28,2021-06-01,5.46
2021,6,GEYLANG,5 ROOM,2725.00,14,575000.00,4,2021-06-01,5.69
2021,6,HOUGANG,3 ROOM,1690.00,40,315000.00,19,2021-06-01,6.44
2021,6,HOUGANG,4 ROOM,2062.50,66,439888.00,55,2021-06-01,5.63
2021,6,HOUGANG,5 ROOM,2200.00,32,614000.00,28,2021-06-01,4.30
2021,6,HOUGANG,EXECUTIVE,2150.00,10,779000.00,18,2021-06-01,3.31
2021,6,JURONG EAST,2 ROOM,700.00,1,243000.00,1,2021-06-01,3.46
2021,6,JURONG EAST,3 ROOM,1800.00,32,319000.00,10,2021-06-01,6.77
2021,6,JURONG EAST,4 ROOM,2250.00,24,480000.00,13,2021-06-01,5.62
2021,6,JURONG EAST,5 ROOM,2300.00,19,520500.00,14,2021-06-01,5.30
2021,6,JURONG EAST,EXECUTIVE,2700.00,7,720000.00,7,2021-06-01,4.50
2021,6,JURONG WEST,2 ROOM,1400.00,3,220000.00,1,2021-06-01,7.64
2021,6,JURONG WEST,3 ROOM,1600.00,31,301500.00,18,2021-06-01,6.37
2021,6,JURONG WEST,4 ROOM,2050.00,73,425888.00,49,2021-06-01,5.78
2021,6,JURONG WEST,5 ROOM,2400.00,76,503000.00,36,2021-06-01,5.73
2021,6,JURONG WEST,EXECUTIVE,2500.00,28,592500.00,16,2021-06-01,5.06
2021,6,KALLANG/WHAMPOA,2 ROOM,1500.00,3,230000.00,1,2021-06-01,7.83
2021,6,KALLANG/WHAMPOA,3 ROOM,2000.00,62,330000.00,45,2021-06-01,7.27
2021,6,KALLANG/WHAMPOA,4 ROOM,2500.00,45,668000.00,25,2021-06-01,4.49
2021,6,KALLANG/WHAMPOA,5 ROOM,2675.00,18,780000.00,7,2021-06-01,4.12
2021,6,KALLANG/WHAMPOA,EXECUTIVE,2000.00,1,780000.00,1,2021-06-01,3.08
2021,6,MARINE PARADE,3 ROOM,1850.00,23,390000.50,4,2021-06-01,5.69
2021,6,MARINE PARADE,4 ROOM,2300.00,7,507500.00,4,2021-06-01,5.44
2021,6,MARINE PARADE,5 ROOM,3100.00,3,792000.00,15,2021-06-01,4.70
2021,6,PASIR RIS,3 ROOM,2000.00,3,402500.00,4,2021-06-01,5.96
2021,6,PASIR RIS,4 ROOM,2100.00,27,473000.00,23,2021-06-01,5.33
2021,6,PASIR RIS,5 ROOM,2200.00,36,555000.00,23,2021-06-01,4.76
2021,6,PASIR RIS,EXECUTIVE,2300.00,24,685000.00,19,2021-06-01,4.03
2021,6,PUNGGOL,2 ROOM,1600.00,6,270000.00,3,2021-06-01,7.11
2021,6,PUNGGOL,3 ROOM,1800.00,13,396000.00,31,2021-06-01,5.45
2021,6,PUNGGOL,4 ROOM,2025.00,58,491000.00,118,2021-06-01,4.95
2021,6,PUNGGOL,5 ROOM,2000.00,56,581500.00,76,2021-06-01,4.13
2021,6,PUNGGOL,EXECUTIVE,2200.00,8,557500.00,4,2021-06-01,4.74
2021,6,QUEENSTOWN,2 ROOM,1450.00,4,291500.00,2,2021-06-01,5.97
2021,6,QUEENSTOWN,3 ROOM,2000.00,81,400000.00,31,2021-06-01,6.00
2021,6,QUEENSTOWN,4 ROOM,2600.00,38,801444.00,34,2021-06-01,3.89
2021,6,QUEENSTOWN,5 ROOM,3050.00,12,839000.00,12,2021-06-01,4.36
2021,6,QUEENSTOWN,EXECUTIVE,3200.00,1,1235000.00,1,2021-06-01,3.11
2021,6,SEMBAWANG,4 ROOM,2000.00,23,408000.00,21,2021-06-01,5.88
2021,6,SEMBAWANG,5 ROOM,2050.00,32,487500.00,16,2021-06-01,5.05
2021,6,SEMBAWANG,EXECUTIVE,2200.00,18,565000.00,4,2021-06-01,4.67
2021,6,SENGKANG,2 ROOM,1400.00,6,296500.00,2,2021-06-01,5.67
2021,6,SENGKANG,3 ROOM,1850.00,2,379000.00,6,2021-06-01,5.86
2021,6,SENGKANG,4 ROOM,2000.00,82,470000.00,116,2021-06-01,5.11
2021,6,SENGKANG,5 ROOM,2100.00,102,506500.00,76,2021-06-01,4.98
2021,6,SENGKANG,EXECUTIVE,2200.00,19,606000.00,14,2021-06-01,4.36
2021,6,SERANGOON,3 ROOM,1900.00,34,348000.00,7,2021-06-01,6.55
2021,6,SERANGOON,4 ROOM,2350.00,28,490000.00,14,2021-06-01,5.76
2021,6,SERANGOON,5 ROOM,2475.00,12,682500.00,10,2021-06-01,4.35
2021,6,SERANGOON,EXECUTIVE,2100.00,4,865000.00,8,2021-06-01,2.91
2021,6,TAMPINES,3 ROOM,1800.00,78,360000.00,22,2021-06-01,6.00
2021,6,TAMPINES,4 ROOM,2175.00,84,460444.00,68,2021-06-01,5.67
2021,6,TAMPINES,5 ROOM,2400.00,59,568000.00,45,2021-06-01,5.07
2021,6,TAMPINES,EXECUTIVE,2500.00,17,724444.00,16,2021-06-01,4.14
2021,6,TOA PAYOH,2 ROOM,1500.00,5,232000.00,5,2021-06-01,7.76
2021,6,TOA PAYOH,3 ROOM,1975.00,90,277000.00,31,2021-06-01,8.56
2021,6,TOA PAYOH,4 ROOM,2400.00,32,655000.00,30,2021-06-01,4.40
2021,6,TOA PAYOH,5 ROOM,2750.00,20,769888.00,20,2021-06-01,4.29
2021,6,TOA PAYOH,EXECUTIVE,2300.00,3,839000.00,4,2021-06-01,3.29
2021,6,WOODLANDS,3 ROOM,1700.00,18,291499.50,14,2021-06-01,7.00
2021,6,WOODLANDS,4 ROOM,1900.00,55,406444.00,66,2021-06-01,5.61
2021,6,WOODLANDS,5 ROOM,2000.00,73,488000.00,39,2021-06-01,4.92
2021,6,WOODLANDS,EXECUTIVE,2200.00,14,644094.00,20,2021-06-01,4.10
2021,6,YISHUN,3 ROOM,1700.00,64,323500.00,28,2021-06-01,6.31
2021,6,YISHUN,4 ROOM,2000.00,82,436500.00,48,2021-06-01,5.50
2021,6,YISHUN,5 ROOM,2200.00,37,540000.00,21,2021-06-01,4.89
2021,6,YISHUN,EXECUTIVE,2200.00,10,620000.00,9,2021-06-01,4.26
2021,7,ANG MO KIO,2 ROOM,1450.00,4,230000.00,2,2021-07-01,7.57
2021,7,ANG MO KIO,3 ROOM,1900.00,113,325000.00,51,2021-07-01,7.02
2021,7,ANG MO KIO,4 ROOM,2200.00,49,470000.00,23,2021-07-01,5.62
2021,7,ANG MO KIO,5 ROOM,2400.00,13,678888.00,17,2021-07-01,4.24
2021,7,ANG MO KIO,EXECUTIVE,2900.00,1,925000.00,2,2021-07-01,3.76
2021,7,BEDOK,3 ROOM,1800.00,91,319000.00,46,2021-07-01,6.77
2021,7,BEDOK,4 ROOM,2200.00,73,438000.00,65,2021-07-01,6.03
2021,7,BEDOK,5 ROOM,2450.00,36,561000.00,38,2021-07-01,5.24
2021,7,BEDOK,EXECUTIVE,2900.00,5,743000.00,11,2021-07-01,4.68
2021,7,BISHAN,3 ROOM,1950.00,8,396000.00,3,2021-07-01,5.91
2021,7,BISHAN,4 ROOM,2300.00,27,568000.00,23,2021-07-01,4.86
2021,7,BISHAN,5 ROOM,2550.00,15,765000.00,16,2021-07-01,4.00
2021,7,BISHAN,EXECUTIVE,3000.00,3,1000000.00,5,2021-07-01,3.60
2021,7,BUKIT BATOK,3 ROOM,1800.00,44,310000.00,28,2021-07-01,6.97
2021,7,BUKIT BATOK,4 ROOM,2200.00,52,443000.00,30,2021-07-01,5.96
2021,7,BUKIT BATOK,5 ROOM,2175.00,18,595000.00,9,2021-07-01,4.39
2021,7,BUKIT BATOK,EXECUTIVE,2450.00,10,660000.00,5,2021-07-01,4.45
2021,7,BUKIT MERAH,3 ROOM,2000.00,73,320000.00,33,2021-07-01,7.50
2021,7,BUKIT MERAH,4 ROOM,2600.00,65,755500.00,32,2021-07-01,4.13
2021,7,BUKIT MERAH,5 ROOM,3000.00,34,790000.00,36,2021-07-01,4.56
2021,7,BUKIT PANJANG,2 ROOM,1725.00,2,263444.00,4,2021-07-01,7.86
2021,7,BUKIT PANJANG,3 ROOM,1700.00,13,332000.00,15,2021-07-01,6.14
2021,7,BUKIT PANJANG,4 ROOM,1850.00,39,445000.00,44,2021-07-01,4.99
2021,7,BUKIT PANJANG,5 ROOM,2100.00,27,559000.00,24,2021-07-01,4.51
2021,7,BUKIT PANJANG,EXECUTIVE,2100.00,13,670000.00,15,2021-07-01,3.76
2021,7,BUKIT TIMAH,4 ROOM,2700.00,5,650000.00,3,2021-07-01,4.98
2021,7,BUKIT TIMAH,EXECUTIVE,2850.00,1,1050000.00,1,2021-07-01,3.26
2021,7,CENTRAL AREA,2 ROOM,1800.00,1,272000.00,1,2021-07-01,7.94
2021,7,CENTRAL AREA,3 ROOM,2300.00,23,432000.00,11,2021-07-01,6.39
2021,7,CENTRAL AREA,4 ROOM,2850.00,16,975000.00,7,2021-07-01,3.51
2021,7,CENTRAL AREA,5 ROOM,3350.00,5,1052000.00,3,2021-07-01,3.82
2021,7,CHOA CHU KANG,3 ROOM,1550.00,7,373000.00,9,2021-07-01,4.99
2021,7,CHOA CHU KANG,4 ROOM,2000.00,48,460000.00,70,2021-07-01,5.22
2021,7,CHOA CHU KANG,5 ROOM,2000.00,46,526944.00,60,2021-07-01,4.55
2021,7,CHOA CHU KANG,EXECUTIVE,2200.00,13,612000.00,13,2021-07-01,4.31
2021,7,CLEMENTI,3 ROOM,1950.00,81,340000.00,28,2021-07-01,6.88
2021,7,CLEMENTI,4 ROOM,2500.00,44,758000.00,29,2021-07-01,3.96
2021,7,CLEMENTI,5 ROOM,2800.00,12,820000.00,9,2021-07-01,4.10
2021,7,CLEMENTI,EXECUTIVE,2600.00,2,845000.00,2,2021-07-01,3.69
2021,7,GEYLANG,2 ROOM,1300.00,9,215000.00,1,2021-07-01,7.26
2021,7,GEYLANG,3 ROOM,1800.00,51,295000.00,27,2021-07-01,7.32
2021,7,GEYLANG,4 ROOM,2400.00,32,620000.00,31,2021-07-01,4.65
2021,7,GEYLANG,5 ROOM,2764.00,10,706888.00,11,2021-07-01,4.69
2021,7,GEYLANG,EXECUTIVE,2700.00,3,813500.00,4,2021-07-01,3.98
2021,7,HOUGANG,3 ROOM,1700.00,42,320000.00,27,2021-07-01,6.38
2021,7,HOUGANG,4 ROOM,2150.00,59,442000.00,65,2021-07-01,5.84
2021,7,HOUGANG,5 ROOM,2100.00,34,603888.00,41,2021-07-01,4.17
2021,7,HOUGANG,EXECUTIVE,2475.00,8,720000.00,9,2021-07-01,4.12
2021,7,JURONG EAST,3 ROOM,1825.00,40,320000.00,11,2021-07-01,6.84
2021,7,JURONG EAST,4 ROOM,2200.00,29,422600.00,16,2021-07-01,6.25
2021,7,JURONG EAST,5 ROOM,2400.00,18,584000.00,11,2021-07-01,4.93
2021,7,JURONG EAST,EXECUTIVE,2500.00,11,670000.00,7,2021-07-01,4.48
2021,7,JURONG WEST,2 ROOM,1625.00,2,261500.00,2,2021-07-01,7.46
2021,7,JURONG WEST,3 ROOM,1800.00,43,282500.00,34,2021-07-01,7.65
2021,7,JURONG WEST,4 ROOM,2200.00,94,425888.00,47,2021-07-01,6.20
2021,7,JURONG WEST,5 ROOM,2400.00,100,512500.00,42,2021-07-01,5.62
2021,7,JURONG WEST,EXECUTIVE,2465.00,20,609000.00,12,2021-07-01,4.86
2021,7,KALLANG/WHAMPOA,2 ROOM,1650.00,1,255000.00,3,2021-07-01,7.76
2021,7,KALLANG/WHAMPOA,3 ROOM,2000.00,58,335000.00,41,2021-07-01,7.16
2021,7,KALLANG/WHAMPOA,4 ROOM,2500.00,34,655000.00,18,2021-07-01,4.58
2021,7,KALLANG/WHAMPOA,5 ROOM,2625.00,12,690000.00,15,2021-07-01,4.57
2021,7,KALLANG/WHAMPOA,EXECUTIVE,2625.00,2,860000.00,1,2021-07-01,3.66
2021,7,MARINE PARADE,3 ROOM,1800.00,23,380000.00,9,2021-07-01,5.68
2021,7,MARINE PARADE,4 ROOM,2200.00,3,467500.00,4,2021-07-01,5.65
2021,7,MARINE PARADE,5 ROOM,2700.00,5,815500.00,8,2021-07-01,3.97
2021,7,PASIR RIS,3 ROOM,1950.00,2,368500.00,2,2021-07-01,6.35
2021,7,PASIR RIS,4 ROOM,2000.00,38,470000.00,23,2021-07-01,5.11
2021,7,PASIR RIS,5 ROOM,2250.00,26,560000.00,21,2021-07-01,4.82
2021,7,PASIR RIS,EXECUTIVE,2300.00,28,709000.00,20,2021-07-01,3.89
2021,7,PUNGGOL,3 ROOM,1850.00,10,394000.00,27,2021-07-01,5.63
2021,7,PUNGGOL,4 ROOM,2000.00,43,485000.00,133,2021-07-01,4.95
2021,7,PUNGGOL,5 ROOM,2000.00,52,605000.00,75,2021-07-01,3.97
2021,7,PUNGGOL,EXECUTIVE,2225.00,6,562500.00,4,2021-07-01,4.75
2021,7,QUEENSTOWN,2 ROOM,1500.00,5,232500.00,2,2021-07-01,7.74
2021,7,QUEENSTOWN,3 ROOM,1975.00,88,356500.00,36,2021-07-01,6.65
2021,7,QUEENSTOWN,4 ROOM,2700.00,39,809000.00,38,2021-07-01,4.00
2021,7,QUEENSTOWN,5 ROOM,3075.00,12,885000.00,19,2021-07-01,4.17
2021,7,SEMBAWANG,2 ROOM,1400.00,3,240000.00,1,2021-07-01,7.00
2021,7,SEMBAWANG,4 ROOM,1900.00,25,400000.00,25,2021-07-01,5.70
2021,7,SEMBAWANG,5 ROOM,2000.00,35,485000.00,16,2021-07-01,4.95
2021,7,SEMBAWANG,EXECUTIVE,2200.00,16,549000.00,11,2021-07-01,4.81
2021,7,SENGKANG,2 ROOM,1600.00,3,256000.00,3,2021-07-01,7.50
2021,7,SENGKANG,3 ROOM,1800.00,5,392500.00,12,2021-07-01,5.50
2021,7,SENGKANG,4 ROOM,2100.00,82,468000.00,137,2021-07-01,5.38
2021,7,SENGKANG,5 ROOM,2025.00,92,513000.00,104,2021-07-01,4.74
2021,7,SENGKANG,EXECUTIVE,2100.00,19,613000.00,16,2021-07-01,4.11
2021,7,SERANGOON,3 ROOM,1850.00,25,333000.00,13,2021-07-01,6.67
2021,7,SERANGOON,4 ROOM,2325.00,38,495000.00,17,2021-07-01,5.64
2021,7,SERANGOON,5 ROOM,2450.00,12,602500.00,8,2021-07-01,4.88
2021,7,SERANGOON,EXECUTIVE,2450.00,8,865000.00,8,2021-07-01,3.40
2021,7,TAMPINES,2 ROOM,1650.00,2,295000.00,2,2021-07-01,6.71
2021,7,TAMPINES,3 ROOM,1800.00,59,370000.00,33,2021-07-01,5.84
2021,7,TAMPINES,4 ROOM,2100.00,85,473500.00,70,2021-07-01,5.32
2021,7,TAMPINES,5 ROOM,2380.00,55,568000.00,64,2021-07-01,5.03
2021,7,TAMPINES,EXECUTIVE,2450.00,18,720000.00,29,2021-07-01,4.08
2021,7,TOA PAYOH,3 ROOM,1900.00,83,292000.00,29,2021-07-01,7.81
2021,7,TOA PAYOH,4 ROOM,2300.00,30,623750.00,20,2021-07-01,4.42
2021,7,TOA PAYOH,5 ROOM,2800.00,17,720000.00,13,2021-07-01,4.67
2021,7,TOA PAYOH,EXECUTIVE,3050.00,2,819000.00,2,2021-07-01,4.47
2021,7,WOODLANDS,2 ROOM,1600.00,1,270000.00,1,2021-07-01,7.11
2021,7,WOODLANDS,3 ROOM,1500.00,15,300000.00,19,2021-07-01,6.00
2021,7,WOODLANDS,4 ROOM,2000.00,67,410000.00,63,2021-07-01,5.85
2021,7,WOODLANDS,5 ROOM,2000.00,56,485000.00,53,2021-07-01,4.95
2021,7,WOODLANDS,EXECUTIVE,2200.00,13,643444.00,20,2021-07-01,4.10
2021,7,YISHUN,3 ROOM,1650.00,59,330000.00,40,2021-07-01,6.00
2021,7,YISHUN,4 ROOM,2000.00,74,438000.00,65,2021-07-01,5.48
2021,7,YISHUN,5 ROOM,2100.00,27,532500.00,24,2021-07-01,4.73
2021,7,YISHUN,EXECUTIVE,2200.00,11,658000.00,11,2021-07-01,4.01
2021,8,ANG MO KIO,3 ROOM,1850.00,110,330000.00,60,2021-08-01,6.73
2021,8,ANG MO KIO,4 ROOM,2200.00,50,450000.00,25,2021-08-01,5.87
2021,8,ANG MO KIO,5 ROOM,2450.00,20,639444.00,16,2021-08-01,4.60
2021,8,ANG MO KIO,EXECUTIVE,2200.00,1,828000.00,1,2021-08-01,3.19
2021,8,BEDOK,2 ROOM,1550.00,6,313000.00,1,2021-08-01,5.94
2021,8,BEDOK,3 ROOM,1800.00,99,322500.00,57,2021-08-01,6.70
2021,8,BEDOK,4 ROOM,2100.00,65,506944.00,52,2021-08-01,4.97
2021,8,BEDOK,5 ROOM,2400.00,30,612500.00,25,2021-08-01,4.70
2021,8,BEDOK,EXECUTIVE,2700.00,13,810000.00,1,2021-08-01,4.00
2021,8,BISHAN,3 ROOM,1900.00,10,418000.00,5,2021-08-01,5.45
2021,8,BISHAN,4 ROOM,2436.00,41,550000.00,25,2021-08-01,5.31
2021,8,BISHAN,5 ROOM,2500.00,16,810000.00,11,2021-08-01,3.70
2021,8,BISHAN,EXECUTIVE,3100.00,1,965000.00,4,2021-08-01,3.85
2021,8,BUKIT BATOK,3 ROOM,1700.00,54,320000.00,21,2021-08-01,6.38
2021,8,BUKIT BATOK,4 ROOM,2150.00,38,444000.00,29,2021-08-01,5.81
2021,8,BUKIT BATOK,5 ROOM,2300.00,27,665000.00,9,2021-08-01,4.15
2021,8,BUKIT BATOK,EXECUTIVE,2500.00,5,720000.00,7,2021-08-01,4.17
2021,8,BUKIT MERAH,2 ROOM,1750.00,8,255000.00,1,2021-08-01,8.24
2021,8,BUKIT MERAH,3 ROOM,2000.00,56,363000.00,43,2021-08-01,6.61
2021,8,BUKIT MERAH,4 ROOM,2700.00,65,725000.00,48,2021-08-01,4.47
2021,8,BUKIT MERAH,5 ROOM,3000.00,39,845000.00,29,2021-08-01,4.26
2021,8,BUKIT PANJANG,2 ROOM,1000.00,1,280000.00,3,2021-08-01,4.29
2021,8,BUKIT PANJANG,3 ROOM,1675.00,12,326000.00,11,2021-08-01,6.17
2021,8,BUKIT PANJANG,4 ROOM,2000.00,37,452900.00,34,2021-08-01,5.30
2021,8,BUKIT PANJANG,5 ROOM,2200.00,34,562500.00,18,2021-08-01,4.69
2021,8,BUKIT PANJANG,EXECUTIVE,2525.00,4,723000.00,11,2021-08-01,4.19
2021,8,BUKIT TIMAH,4 ROOM,2300.00,3,703000.00,3,2021-08-01,3.93
2021,8,BUKIT TIMAH,5 ROOM,2100.00,3,870000.00,3,2021-08-01,2.90
2021,8,CENTRAL AREA,3 ROOM,2300.00,32,420000.00,7,2021-08-01,6.57
2021,8,CENTRAL AREA,4 ROOM,2800.00,9,968000.00,7,2021-08-01,3.47
2021,8,CENTRAL AREA,5 ROOM,3400.00,3,1088888.00,7,2021-08-01,3.75
2021,8,CHOA CHU KANG,2 ROOM,2000.00,1,280000.00,1,2021-08-01,8.57
2021,8,CHOA CHU KANG,3 ROOM,1775.00,12,388000.00,7,2021-08-01,5.49
2021,8,CHOA CHU KANG,4 ROOM,2000.00,56,460000.00,86,2021-08-01,5.22
2021,8,CHOA CHU KANG,5 ROOM,2100.00,40,565000.00,63,2021-08-01,4.46
2021,8,CHOA CHU KANG,EXECUTIVE,2225.00,8,628000.00,13,2021-08-01,4.25
2021,8,CLEMENTI,3 ROOM,1925.00,70,340000.00,18,2021-08-01,6.79
2021,8,CLEMENTI,4 ROOM,2500.00,21,700000.00,27,2021-08-01,4.29
2021,8,CLEMENTI,5 ROOM,2700.00,8,798000.00,13,2021-08-01,4.06
2021,8,GEYLANG,3 ROOM,1800.00,52,296944.00,26,2021-08-01,7.27
2021,8,GEYLANG,4 ROOM,2400.00,29,595000.00,26,2021-08-01,4.84
2021,8,GEYLANG,5 ROOM,2900.00,9,588000.00,8,2021-08-01,5.92
2021,8,GEYLANG,EXECUTIVE,2400.00,3,849000.00,4,2021-08-01,3.39
2021,8,HOUGANG,2 ROOM,1600.00,1,252000.00,1,2021-08-01,7.62
2021,8,HOUGANG,3 ROOM,1775.00,34,330000.00,29,2021-08-01,6.45
2021,8,HOUGANG,4 ROOM,2100.00,60,452500.00,52,2021-08-01,5.57
2021,8,HOUGANG,5 ROOM,2100.00,31,568000.00,32,2021-08-01,4.44
2021,8,HOUGANG,EXECUTIVE,2350.00,15,700000.00,11,2021-08-01,4.03
2021,8,JURONG EAST,3 ROOM,1850.00,42,330000.00,9,2021-08-01,6.73
2021,8,JURONG EAST,4 ROOM,2175.00,26,455000.00,21,2021-08-01,5.74
2021,8,JURONG EAST,5 ROOM,2250.00,22,562500.00,8,2021-08-01,4.80
2021,8,JURONG EAST,EXECUTIVE,2350.00,4,755000.00,9,2021-08-01,3.74
2021,8,JURONG WEST,3 ROOM,1800.00,46,300000.00,30,2021-08-01,7.20
2021,8,JURONG WEST,4 ROOM,2200.00,63,435000.00,59,2021-08-01,6.07
2021,8,JURONG WEST,5 ROOM,2325.00,92,515500.00,46,2021-08-01,5.41
2021,8,JURONG WEST,EXECUTIVE,2450.00,24,640944.00,14,2021-08-01,4.59
2021,8,KALLANG/WHAMPOA,2 ROOM,1700.00,1,250000.00,1,2021-08-01,8.16
2021,8,KALLANG/WHAMPOA,3 ROOM,2000.00,63,341500.00,28,2021-08-01,7.03
2021,8,KALLANG/WHAMPOA,4 ROOM,2500.00,41,640000.00,37,2021-08-01,4.69
2021,8,KALLANG/WHAMPOA,5 ROOM,2725.00,14,729000.00,22,2021-08-01,4.49
2021,8,MARINE PARADE,3 ROOM,1880.00,23,378444.00,12,2021-08-01,5.96
2021,8,MARINE PARADE,4 ROOM,2200.00,12,507500.00,4,2021-08-01,5.20
2021,8,MARINE PARADE,5 ROOM,2750.00,10,778000.00,8,2021-08-01,4.24
2021,8,PASIR RIS,3 ROOM,2075.00,2,387500.00,2,2021-08-01,6.43
2021,8,PASIR RIS,4 ROOM,2050.00,37,470000.00,48,2021-08-01,5.23
2021,8,PASIR RIS,5 ROOM,2250.00,24,550000.00,28,2021-08-01,4.91
2021,8,PASIR RIS,EXECUTIVE,2300.00,29,712000.00,27,2021-08-01,3.88
2021,8,PUNGGOL,2 ROOM,1350.00,4,279500.00,2,2021-08-01,5.80
2021,8,PUNGGOL,3 ROOM,1950.00,8,389000.00,26,2021-08-01,6.02
2021,8,PUNGGOL,4 ROOM,2000.00,45,500000.00,131,2021-08-01,4.80
2021,8,PUNGGOL,5 ROOM,2100.00,68,597000.00,113,2021-08-01,4.22
2021,8,PUNGGOL,EXECUTIVE,2119.00,4,625000.00,5,2021-08-01,4.07
2021,8,QUEENSTOWN,2 ROOM,1675.00,4,330000.00,1,2021-08-01,6.09
2021,8,QUEENSTOWN,3 ROOM,2000.00,93,350000.00,29,2021-08-01,6.86
2021,8,QUEENSTOWN,4 ROOM,2800.00,27,775000.00,39,2021-08-01,4.34
2021,8,QUEENSTOWN,5 ROOM,3100.00,14,963000.00,10,2021-08-01,3.86
2021,8,SEMBAWANG,2 ROOM,1450.00,1,285000.00,1,2021-08-01,6.11
2021,8,SEMBAWANG,4 ROOM,1800.00,24,435000.00,16,2021-08-01,4.97
2021,8,SEMBAWANG,5 ROOM,2075.00,26,475000.00,17,2021-08-01,5.24
2021,8,SEMBAWANG,EXECUTIVE,2100.00,15,604500.00,8,2021-08-01,4.17
2021,8,SENGKANG,2 ROOM,1600.00,5,280000.00,2,2021-08-01,6.86
2021,8,SENGKANG,3 ROOM,1800.00,5,380000.00,21,2021-08-01,5.68
2021,8,SENGKANG,4 ROOM,2100.00,88,477000.00,146,2021-08-01,5.28
2021,8,SENGKANG,5 ROOM,2100.00,81,546000.00,91,2021-08-01,4.62
2021,8,SENGKANG,EXECUTIVE,2300.00,17,643000.00,19,2021-08-01,4.29
2021,8,SERANGOON,3 ROOM,1800.00,25,355000.00,9,2021-08-01,6.08
2021,8,SERANGOON,4 ROOM,2400.00,24,450000.00,23,2021-08-01,6.40
2021,8,SERANGOON,5 ROOM,2450.00,8,640000.00,13,2021-08-01,4.59
2021,8,SERANGOON,EXECUTIVE,2250.00,4,700000.00,6,2021-08-01,3.86
2021,8,TAMPINES,2 ROOM,1700.00,1,315000.00,1,2021-08-01,6.48
2021,8,TAMPINES,3 ROOM,1900.00,51,361944.00,32,2021-08-01,6.30
2021,8,TAMPINES,4 ROOM,2250.00,63,475000.00,72,2021-08-01,5.68
2021,8,TAMPINES,5 ROOM,2300.00,62,579088.00,61,2021-08-01,4.77
2021,8,TAMPINES,EXECUTIVE,2450.00,15,730000.00,25,2021-08-01,4.03
2021,8,TOA PAYOH,2 ROOM,1500.00,4,228000.00,3,2021-08-01,7.89
2021,8,TOA PAYOH,3 ROOM,2000.00,85,285500.00,32,2021-08-01,8.41
2021,8,TOA PAYOH,4 ROOM,2250.00,28,538000.00,23,2021-08-01,5.02
2021,8,TOA PAYOH,5 ROOM,2400.00,21,870000.00,9,2021-08-01,3.31
2021,8,TOA PAYOH,EXECUTIVE,3000.00,1,933000.00,2,2021-08-01,3.86
2021,8,WOODLANDS,3 ROOM,1900.00,20,320000.00,21,2021-08-01,7.12
2021,8,WOODLANDS,4 ROOM,1900.00,72,422250.00,68,2021-08-01,5.40
2021,8,WOODLANDS,5 ROOM,2000.00,63,490000.00,66,2021-08-01,4.90
2021,8,WOODLANDS,EXECUTIVE,2300.00,9,704000.00,22,2021-08-01,3.92
2021,8,YISHUN,2 ROOM,1500.00,3,259000.00,4,2021-08-01,6.95
2021,8,YISHUN,3 ROOM,1750.00,59,331500.00,40,2021-08-01,6.33
2021,8,YISHUN,4 ROOM,2000.00,66,434888.00,75,2021-08-01,5.52
2021,8,YISHUN,5 ROOM,2075.00,16,542444.00,22,2021-08-01,4.59
2021,8,YISHUN,EXECUTIVE,2500.00,3,650000.00,12,2021-08-01,4.62
2021,9,ANG MO KIO,2 ROOM,1825.00,4,233000.00,1,2021-09-01,9.40
2021,9,ANG MO KIO,3 ROOM,1850.00,116,334500.00,42,2021-09-01,6.64
2021,9,ANG MO KIO,4 ROOM,2300.00,42,443500.00,22,2021-09-01,6.22
2021,9,ANG MO KIO,5 ROOM,2300.00,11,650444.00,18,2021-09-01,4.24
2021,9,ANG MO KIO,EXECUTIVE,2900.00,4,876500.00,2,2021-09-01,3.97
2021,9,BEDOK,2 ROOM,1350.00,2,260000.00,1,2021-09-01,6.23
2021,9,BEDOK,3 ROOM,1800.00,83,315000.00,51,2021-09-01,6.86
2021,9,BEDOK,4 ROOM,2200.00,63,435000.00,53,2021-09-01,6.07
2021,9,BEDOK,5 ROOM,2300.00,28,608000.00,29,2021-09-01,4.54
2021,9,BEDOK,EXECUTIVE,2625.00,14,808000.00,6,2021-09-01,3.90
2021,9,BISHAN,3 ROOM,1800.00,15,400000.00,1,2021-09-01,5.40
2021,9,BISHAN,4 ROOM,2500.00,27,618000.00,29,2021-09-01,4.85
2021,9,BISHAN,5 ROOM,2600.00,22,780000.00,13,2021-09-01,4.00
2021,9,BISHAN,EXECUTIVE,3150.00,2,1003000.00,7,2021-09-01,3.77
2021,9,BUKIT BATOK,3 ROOM,1700.00,42,319000.00,19,2021-09-01,6.39
2021,9,BUKIT BATOK,4 ROOM,2000.00,51,457500.00,24,2021-09-01,5.25
2021,9,BUKIT BATOK,5 ROOM,2300.00,16,598500.00,10,2021-09-01,4.61
2021,9,BUKIT BATOK,EXECUTIVE,2550.00,8,700000.00,7,2021-09-01,4.37
2021,9,BUKIT MERAH,2 ROOM,1350.00,2,258000.00,5,2021-09-01,6.28
2021,9,BUKIT MERAH,3 ROOM,2000.00,82,376000.00,33,2021-09-01,6.38
2021,9,BUKIT MERAH,4 ROOM,2550.00,50,790000.00,36,2021-09-01,3.87
2021,9,BUKIT MERAH,5 ROOM,2800.00,34,822500.00,20,2021-09-01,4.09
2021,9,BUKIT PANJANG,3 ROOM,1600.00,9,350000.00,11,2021-09-01,5.49
2021,9,BUKIT PANJANG,4 ROOM,1900.00,38,439000.00,34,2021-09-01,5.19
2021,9,BUKIT PANJANG,5 ROOM,2100.00,25,587500.00,22,2021-09-01,4.29
2021,9,BUKIT PANJANG,EXECUTIVE,2400.00,5,740000.00,13,2021-09-01,3.89
2021,9,BUKIT TIMAH,3 ROOM,1800.00,4,408000.00,1,2021-09-01,5.29
2021,9,BUKIT TIMAH,4 ROOM,2200.00,3,610000.00,4,2021-09-01,4.33
2021,9,BUKIT TIMAH,5 ROOM,2600.00,3,828000.00,3,2021-09-01,3.77
2021,9,CENTRAL AREA,2 ROOM,1750.00,4,318000.00,1,2021-09-01,6.60
2021,9,CENTRAL AREA,3 ROOM,2200.00,31,410000.00,10,2021-09-01,6.44
2021,9,CENTRAL AREA,4 ROOM,2800.00,9,700000.00,7,2021-09-01,4.80
2021,9,CHOA CHU KANG,3 ROOM,1450.00,6,385000.00,17,2021-09-01,4.52
2021,9,CHOA CHU KANG,4 ROOM,2000.00,59,458000.00,71,2021-09-01,5.24
2021,9,CHOA CHU KANG,5 ROOM,2000.00,34,562000.00,49,2021-09-01,4.27
2021,9,CHOA CHU KANG,EXECUTIVE,2150.00,12,620000.00,5,2021-09-01,4.16
2021,9,CLEMENTI,2 ROOM,1500.00,1,340000.00,1,2021-09-01,5.29
2021,9,CLEMENTI,3 ROOM,2000.00,52,376444.00,20,2021-09-01,6.38
2021,9,CLEMENTI,4 ROOM,2400.00,25,715000.00,23,2021-09-01,4.03
2021,9,CLEMENTI,5 ROOM,2600.00,7,695000.00,7,2021-09-01,4.49
2021,9,CLEMENTI,EXECUTIVE,3250.00,4,878000.00,1,2021-09-01,4.44
2021,9,GEYLANG,2 ROOM,1250.00,6,220000.00,1,2021-09-01,6.82
2021,9,GEYLANG,3 ROOM,1950.00,40,297500.00,22,2021-09-01,7.87
2021,9,GEYLANG,4 ROOM,2500.00,37,690000.00,25,2021-09-01,4.35
2021,9,GEYLANG,5 ROOM,2850.00,8,660000.00,9,2021-09-01,5.18
2021,9,GEYLANG,EXECUTIVE,2500.00,3,738000.00,1,2021-09-01,4.07
2021,9,HOUGANG,2 ROOM,1050.00,2,260000.00,1,2021-09-01,4.85
2021,9,HOUGANG,3 ROOM,1700.00,44,335000.00,22,2021-09-01,6.09
2021,9,HOUGANG,4 ROOM,2000.00,69,453000.00,65,2021-09-01,5.30
2021,9,HOUGANG,5 ROOM,2400.00,23,580044.00,26,2021-09-01,4.97
2021,9,HOUGANG,EXECUTIVE,2250.00,10,737500.00,12,2021-09-01,3.66
2021,9,JURONG EAST,2 ROOM,1250.00,1,281000.00,1,2021-09-01,5.34
2021,9,JURONG EAST,3 ROOM,1800.00,46,326944.00,10,2021-09-01,6.61
2021,9,JURONG EAST,4 ROOM,2200.00,23,435000.00,17,2021-09-01,6.07
2021,9,JURONG EAST,5 ROOM,2400.00,21,554000.00,10,2021-09-01,5.20
2021,9,JURONG EAST,EXECUTIVE,2600.00,7,780000.00,7,2021-09-01,4.00
2021,9,JURONG WEST,2 ROOM,1500.00,1,276000.00,1,2021-09-01,6.52
2021,9,JURONG WEST,3 ROOM,1700.00,40,294000.00,20,2021-09-01,6.94
2021,9,JURONG WEST,4 ROOM,2100.00,63,450000.00,48,2021-09-01,5.60
2021,9,JURONG WEST,5 ROOM,2350.00,81,515344.00,46,2021-09-01,5.47
2021,9,JURONG WEST,EXECUTIVE,2400.00,27,615000.00,17,2021-09-01,4.68
2021,9,KALLANG/WHAMPOA,2 ROOM,1500.00,5,240000.00,1,2021-09-01,7.50
2021,9,KALLANG/WHAMPOA,3 ROOM,2000.00,61,322800.00,37,2021-09-01,7.43
2021,9,KALLANG/WHAMPOA,4 ROOM,2500.00,48,718000.00,29,2021-09-01,4.18
2021,9,KALLANG/WHAMPOA,5 ROOM,2600.00,9,797500.00,10,2021-09-01,3.91
2021,9,KALLANG/WHAMPOA,EXECUTIVE,3300.00,1,850000.00,1,2021-09-01,4.66
2021,9,MARINE PARADE,3 ROOM,2000.00,19,385000.00,9,2021-09-01,6.23
2021,9,MARINE PARADE,4 ROOM,2150.00,10,502000.00,5,2021-09-01,5.14
2021,9,MARINE PARADE,5 ROOM,2475.00,2,759000.00,2,2021-09-01,3.91
2021,9,PASIR RIS,3 ROOM,1900.00,3,520000.00,1,2021-09-01,4.38
2021,9,PASIR RIS,4 ROOM,2100.00,37,478000.00,33,2021-09-01,5.27
2021,9,PASIR RIS,5 ROOM,2300.00,43,560000.00,37,2021-09-01,4.93
2021,9,PASIR RIS,EXECUTIVE,2350.00,22,702500.00,16,2021-09-01,4.01
2021,9,PUNGGOL,2 ROOM,1439.00,1,281500.00,6,2021-09-01,6.13
2021,9,PUNGGOL,3 ROOM,2000.00,12,397000.00,18,2021-09-01,6.05
2021,9,PUNGGOL,4 ROOM,2200.00,60,500000.00,127,2021-09-01,5.28
2021,9,PUNGGOL,5 ROOM,2000.00,63,590000.00,82,2021-09-01,4.07
2021,9,PUNGGOL,EXECUTIVE,2350.00,1,606000.00,5,2021-09-01,4.65
2021,9,QUEENSTOWN,2 ROOM,1590.00,8,335444.00,4,2021-09-01,5.69
2021,9,QUEENSTOWN,3 ROOM,2000.00,75,368000.00,27,2021-09-01,6.52
2021,9,QUEENSTOWN,4 ROOM,2700.00,23,780000.00,47,2021-09-01,4.15
2021,9,QUEENSTOWN,5 ROOM,2850.00,15,888000.00,17,2021-09-01,3.85
2021,9,SEMBAWANG,2 ROOM,1400.00,3,275000.00,1,2021-09-01,6.11
2021,9,SEMBAWANG,4 ROOM,1900.00,29,403888.00,19,2021-09-01,5.65
2021,9,SEMBAWANG,5 ROOM,2100.00,29,497500.00,28,2021-09-01,5.07
2021,9,SEMBAWANG,EXECUTIVE,2200.00,10,590000.00,11,2021-09-01,4.47
2021,9,SENGKANG,2 ROOM,1500.00,4,294500.00,4,2021-09-01,6.11
2021,9,SENGKANG,3 ROOM,1900.00,9,392500.00,14,2021-09-01,5.81
2021,9,SENGKANG,4 ROOM,2150.00,69,488000.00,101,2021-09-01,5.29
2021,9,SENGKANG,5 ROOM,2100.00,76,520000.00,91,2021-09-01,4.85
2021,9,SENGKANG,EXECUTIVE,2250.00,18,635000.00,9,2021-09-01,4.25
2021,9,SERANGOON,3 ROOM,1950.00,29,328000.00,11,2021-09-01,7.13
2021,9,SERANGOON,4 ROOM,2283.00,26,480000.00,20,2021-09-01,5.71
2021,9,SERANGOON,5 ROOM,2500.00,9,689500.00,8,2021-09-01,4.35
2021,9,SERANGOON,EXECUTIVE,2550.00,6,760000.00,5,2021-09-01,4.03
2021,9,TAMPINES,3 ROOM,1850.00,56,372500.00,44,2021-09-01,5.96
2021,9,TAMPINES,4 ROOM,2200.00,75,485000.00,82,2021-09-01,5.44
2021,9,TAMPINES,5 ROOM,2280.00,53,590000.00,49,2021-09-01,4.64
2021,9,TAMPINES,EXECUTIVE,2450.00,10,740000.00,33,2021-09-01,3.97
2021,9,TOA PAYOH,2 ROOM,1750.00,2,235000.00,2,2021-09-01,8.94
2021,9,TOA PAYOH,3 ROOM,1900.00,61,290000.00,33,2021-09-01,7.86
2021,9,TOA PAYOH,4 ROOM,2400.00,35,621000.00,19,2021-09-01,4.64
2021,9,TOA PAYOH,5 ROOM,2450.00,13,810000.00,15,2021-09-01,3.63
2021,9,TOA PAYOH,EXECUTIVE,2750.00,6,746500.00,4,2021-09-01,4.42
2021,9,WOODLANDS,2 ROOM,1200.00,1,277000.00,2,2021-09-01,5.20
2021,9,WOODLANDS,3 ROOM,1750.00,26,316000.00,20,2021-09-01,6.65
2021,9,WOODLANDS,4 ROOM,1900.00,65,420000.00,58,2021-09-01,5.43
2021,9,WOODLANDS,5 ROOM,2050.00,52,502500.00,34,2021-09-01,4.90
2021,9,WOODLANDS,EXECUTIVE,2350.00,20,696000.00,24,2021-09-01,4.05
2021,9,YISHUN,3 ROOM,1700.00,69,324000.00,38,2021-09-01,6.30
2021,9,YISHUN,4 ROOM,2050.00,79,435000.00,79,2021-09-01,5.66
2021,9,YISHUN,5 ROOM,2200.00,29,560444.00,30,2021-09-01,4.71
2021,9,YISHUN,EXECUTIVE,2450.00,8,732000.00,5,2021-09-01,4.02
2021,10,ANG MO KIO,2 ROOM,1400.00,4,230000.00,1,2021-10-01,7.30
2021,10,ANG MO KIO,3 ROOM,1800.00,86,338888.00,63,2021-10-01,6.37
2021,10,ANG MO KIO,4 ROOM,2300.00,41,478000.00,17,2021-10-01,5.77
2021,10,ANG MO KIO,5 ROOM,2485.00,14,644000.00,16,2021-10-01,4.63
2021,10,BEDOK,3 ROOM,1850.00,94,330000.00,51,2021-10-01,6.73
2021,10,BEDOK,4 ROOM,2200.00,49,460000.00,45,2021-10-01,5.74
2021,10,BEDOK,5 ROOM,2450.00,25,650000.00,31,2021-10-01,4.52
2021,10,BEDOK,EXECUTIVE,2450.00,5,875000.00,4,2021-10-01,3.36
2021,10,BISHAN,3 ROOM,2100.00,13,415000.00,6,2021-10-01,6.07
2021,10,BISHAN,4 ROOM,2300.00,29,592500.00,18,2021-10-01,4.66
2021,10,BISHAN,5 ROOM,2500.00,22,869000.00,10,2021-10-01,3.45
2021,10,BISHAN,EXECUTIVE,2950.00,6,957500.00,4,2021-10-01,3.70
2021,10,BUKIT BATOK,3 ROOM,1800.00,47,330000.00,20,2021-10-01,6.55
2021,10,BUKIT BATOK,4 ROOM,2050.00,35,442500.00,34,2021-10-01,5.56
2021,10,BUKIT BATOK,5 ROOM,2300.00,17,610000.00,15,2021-10-01,4.52
2021,10,BUKIT BATOK,EXECUTIVE,2500.00,9,690000.00,7,2021-10-01,4.35
2021,10,BUKIT MERAH,2 ROOM,1800.00,7,260000.00,3,2021-10-01,8.31
2021,10,BUKIT MERAH,3 ROOM,2000.00,70,356000.00,45,2021-10-01,6.74
2021,10,BUKIT MERAH,4 ROOM,2600.00,61,698750.00,42,2021-10-01,4.47
2021,10,BUKIT MERAH,5 ROOM,2875.00,26,780000.00,25,2021-10-01,4.42
2021,10,BUKIT PANJANG,2 ROOM,1200.00,2,290000.00,2,2021-10-01,4.97
2021,10,BUKIT PANJANG,3 ROOM,1475.00,8,348500.00,8,2021-10-01,5.08
2021,10,BUKIT PANJANG,4 ROOM,2000.00,43,457500.00,38,2021-10-01,5.25
2021,10,BUKIT PANJANG,5 ROOM,2100.00,25,540000.00,37,2021-10-01,4.67
2021,10,BUKIT PANJANG,EXECUTIVE,2100.00,10,718000.00,9,2021-10-01,3.51
2021,10,BUKIT TIMAH,4 ROOM,2200.00,4,550000.00,3,2021-10-01,4.80
2021,10,BUKIT TIMAH,5 ROOM,2360.00,2,860000.00,1,2021-10-01,3.29
2021,10,CENTRAL AREA,3 ROOM,2200.00,28,462500.00,8,2021-10-01,5.71
2021,10,CENTRAL AREA,4 ROOM,2900.00,16,995000.00,13,2021-10-01,3.50
2021,10,CENTRAL AREA,5 ROOM,3125.00,4,1120000.00,3,2021-10-01,3.35
2021,10,CHOA CHU KANG,2 ROOM,1800.00,1,280000.00,1,2021-10-01,7.71
2021,10,CHOA CHU KANG,3 ROOM,1550.00,3,365888.00,11,2021-10-01,5.08
2021,10,CHOA CHU KANG,4 ROOM,2000.00,56,460000.00,61,2021-10-01,5.22
2021,10,CHOA CHU KANG,5 ROOM,2000.00,41,560000.00,52,2021-10-01,4.29
2021,10,CHOA CHU KANG,EXECUTIVE,2500.00,13,630000.00,13,2021-10-01,4.76
2021,10,CLEMENTI,3 ROOM,2000.00,65,370888.00,27,2021-10-01,6.47
2021,10,CLEMENTI,4 ROOM,2500.00,30,708000.00,27,2021-10-01,4.24
2021,10,CLEMENTI,5 ROOM,2700.00,11,608000.00,8,2021-10-01,5.33
2021,10,GEYLANG,3 ROOM,1900.00,56,291000.00,25,2021-10-01,7.84
2021,10,GEYLANG,4 ROOM,2400.00,33,685000.00,22,2021-10-01,4.20
2021,10,GEYLANG,5 ROOM,2550.00,11,680000.00,7,2021-10-01,4.50
2021,10,GEYLANG,EXECUTIVE,2900.00,4,919000.00,2,2021-10-01,3.79
2021,10,HOUGANG,3 ROOM,1800.00,51,320000.00,16,2021-10-01,6.75
2021,10,HOUGANG,4 ROOM,2100.00,71,451500.00,42,2021-10-01,5.58
2021,10,HOUGANG,5 ROOM,2200.00,38,557500.00,30,2021-10-01,4.74
2021,10,HOUGANG,EXECUTIVE,2500.00,9,790000.00,15,2021-10-01,3.80
2021,10,JURONG EAST,3 ROOM,1725.00,24,349000.00,20,2021-10-01,5.93
2021,10,JURONG EAST,4 ROOM,2350.00,28,460000.00,15,2021-10-01,6.13
2021,10,JURONG EAST,5 ROOM,2400.00,18,600000.00,8,2021-10-01,4.80
2021,10,JURONG EAST,EXECUTIVE,2700.00,5,600000.00,1,2021-10-01,5.40
2021,10,JURONG WEST,3 ROOM,1800.00,38,320000.00,27,2021-10-01,6.75
2021,10,JURONG WEST,4 ROOM,2200.00,61,448000.00,39,2021-10-01,5.89
2021,10,JURONG WEST,5 ROOM,2200.00,79,529000.00,54,2021-10-01,4.99
2021,10,JURONG WEST,EXECUTIVE,2475.00,24,640000.00,17,2021-10-01,4.64
2021,10,KALLANG/WHAMPOA,2 ROOM,1775.00,2,270000.00,1,2021-10-01,7.89
2021,10,KALLANG/WHAMPOA,3 ROOM,2000.00,59,326000.00,22,2021-10-01,7.36
2021,10,KALLANG/WHAMPOA,4 ROOM,2500.00,47,665000.00,27,2021-10-01,4.51
2021,10,KALLANG/WHAMPOA,5 ROOM,2550.00,20,750000.00,15,2021-10-01,4.08
2021,10,KALLANG/WHAMPOA,EXECUTIVE,2700.00,1,900000.00,1,2021-10-01,3.60
2021,10,MARINE PARADE,3 ROOM,2000.00,16,357800.00,9,2021-10-01,6.71
2021,10,MARINE PARADE,4 ROOM,2450.00,9,492500.00,4,2021-10-01,5.97
2021,10,MARINE PARADE,5 ROOM,2425.00,2,822500.00,6,2021-10-01,3.54
2021,10,PASIR RIS,3 ROOM,1700.00,1,496500.00,2,2021-10-01,4.11
2021,10,PASIR RIS,4 ROOM,2050.00,47,491000.00,22,2021-10-01,5.01
2021,10,PASIR RIS,5 ROOM,2200.00,29,575888.00,23,2021-10-01,4.58
2021,10,PASIR RIS,EXECUTIVE,2400.00,22,725000.00,22,2021-10-01,3.97
2021,10,PUNGGOL,2 ROOM,1600.00,2,289000.00,2,2021-10-01,6.64
2021,10,PUNGGOL,3 ROOM,1800.00,5,400000.00,20,2021-10-01,5.40
2021,10,PUNGGOL,4 ROOM,2150.00,58,508888.00,114,2021-10-01,5.07
2021,10,PUNGGOL,5 ROOM,2175.00,58,625000.00,81,2021-10-01,4.18
2021,10,PUNGGOL,EXECUTIVE,2550.00,2,636694.00,4,2021-10-01,4.81
2021,10,QUEENSTOWN,3 ROOM,2015.00,72,360000.00,41,2021-10-01,6.72
2021,10,QUEENSTOWN,4 ROOM,2700.00,32,776500.00,38,2021-10-01,4.17
2021,10,QUEENSTOWN,5 ROOM,3000.00,13,911500.00,12,2021-10-01,3.95
2021,10,SEMBAWANG,3 ROOM,1900.00,1,355000.00,1,2021-10-01,6.42
2021,10,SEMBAWANG,4 ROOM,1900.00,27,431500.00,16,2021-10-01,5.28
2021,10,SEMBAWANG,5 ROOM,2000.00,33,500000.00,17,2021-10-01,4.80
2021,10,SEMBAWANG,EXECUTIVE,2000.00,13,566500.00,6,2021-10-01,4.24
2021,10,SENGKANG,2 ROOM,1450.00,6,285000.00,9,2021-10-01,6.11
2021,10,SENGKANG,3 ROOM,1850.00,13,400000.00,13,2021-10-01,5.55
2021,10,SENGKANG,4 ROOM,2100.00,87,488500.00,106,2021-10-01,5.16
2021,10,SENGKANG,5 ROOM,2150.00,101,530000.00,88,2021-10-01,4.87
2021,10,SENGKANG,EXECUTIVE,2250.00,24,638000.00,15,2021-10-01,4.23
2021,10,SERANGOON,3 ROOM,1925.00,22,367500.00,8,2021-10-01,6.29
2021,10,SERANGOON,4 ROOM,2350.00,29,506500.00,14,2021-10-01,5.57
2021,10,SERANGOON,5 ROOM,2500.00,17,616800.00,11,2021-10-01,4.86
2021,10,SERANGOON,EXECUTIVE,2675.00,10,886400.00,5,2021-10-01,3.62
2021,10,TAMPINES,2 ROOM,1750.00,4,265000.00,1,2021-10-01,7.92
2021,10,TAMPINES,3 ROOM,1850.00,52,360000.00,41,2021-10-01,6.17
2021,10,TAMPINES,4 ROOM,2200.00,86,480000.00,82,2021-10-01,5.50
2021,10,TAMPINES,5 ROOM,2400.00,62,590000.00,45,2021-10-01,4.88
2021,10,TAMPINES,EXECUTIVE,2500.00,15,721000.00,30,2021-10-01,4.16
2021,10,TOA PAYOH,2 ROOM,1300.00,2,265000.00,1,2021-10-01,5.89
2021,10,TOA PAYOH,3 ROOM,2000.00,78,309500.00,44,2021-10-01,7.75
2021,10,TOA PAYOH,4 ROOM,2400.00,41,637500.00,32,2021-10-01,4.52
2021,10,TOA PAYOH,5 ROOM,2625.00,16,878444.00,12,2021-10-01,3.59
2021,10,TOA PAYOH,EXECUTIVE,2650.00,2,898000.00,1,2021-10-01,3.54
2021,10,WOODLANDS,2 ROOM,1400.00,1,282500.00,2,2021-10-01,5.95
2021,10,WOODLANDS,3 ROOM,1800.00,13,325000.00,15,2021-10-01,6.65
2021,10,WOODLANDS,4 ROOM,2000.00,79,420000.00,55,2021-10-01,5.71
2021,10,WOODLANDS,5 ROOM,2100.00,54,500000.00,38,2021-10-01,5.04
2021,10,WOODLANDS,EXECUTIVE,2300.00,22,700000.00,21,2021-10-01,3.94
2021,10,YISHUN,2 ROOM,1450.00,3,272000.00,1,2021-10-01,6.40
2021,10,YISHUN,3 ROOM,1700.00,73,345000.00,46,2021-10-01,5.91
2021,10,YISHUN,4 ROOM,2000.00,81,450000.00,83,2021-10-01,5.33
2021,10,YISHUN,5 ROOM,2100.00,26,550000.00,34,2021-10-01,4.58
2021,10,YISHUN,EXECUTIVE,2500.00,7,700000.00,11,2021-10-01,4.29
2021,11,ANG MO KIO,2 ROOM,1400.00,2,250000.00,1,2021-11-01,6.72
2021,11,ANG MO KIO,3 ROOM,1900.00,108,340000.00,43,2021-11-01,6.71
2021,11,ANG MO KIO,4 ROOM,2375.00,44,468000.00,21,2021-11-01,6.09
2021,11,ANG MO KIO,5 ROOM,2600.00,19,660000.00,18,2021-11-01,4.73
2021,11,ANG MO KIO,EXECUTIVE,2500.00,2,975000.00,2,2021-11-01,3.08
2021,11,BEDOK,3 ROOM,1900.00,93,339000.00,48,2021-11-01,6.73
2021,11,BEDOK,4 ROOM,2250.00,59,445500.00,56,2021-11-01,6.06
2021,11,BEDOK,5 ROOM,2500.00,19,650000.00,27,2021-11-01,4.62
2021,11,BEDOK,EXECUTIVE,2800.00,2,750000.00,7,2021-11-01,4.48
2021,11,BISHAN,3 ROOM,2050.00,18,410000.00,5,2021-11-01,6.00
2021,11,BISHAN,4 ROOM,2500.00,32,606944.00,26,2021-11-01,4.94
2021,11,BISHAN,5 ROOM,2650.00,20,770000.00,7,2021-11-01,4.13
2021,11,BISHAN,EXECUTIVE,3000.00,1,952500.00,6,2021-11-01,3.78
2021,11,BUKIT BATOK,3 ROOM,1800.00,36,335000.00,24,2021-11-01,6.45
2021,11,BUKIT BATOK,4 ROOM,2100.00,35,466500.00,26,2021-11-01,5.40
2021,11,BUKIT BATOK,5 ROOM,2100.00,9,640000.00,6,2021-11-01,3.94
2021,11,BUKIT BATOK,EXECUTIVE,2200.00,7,680000.00,5,2021-11-01,3.88
2021,11,BUKIT MERAH,2 ROOM,1650.00,6,374000.00,2,2021-11-01,5.29
2021,11,BUKIT MERAH,3 ROOM,2100.00,59,338944.00,28,2021-11-01,7.43
2021,11,BUKIT MERAH,4 ROOM,2650.00,45,770888.00,51,2021-11-01,4.13
2021,11,BUKIT MERAH,5 ROOM,3000.00,33,830500.00,22,2021-11-01,4.33
2021,11,BUKIT PANJANG,2 ROOM,1700.00,1,287500.00,4,2021-11-01,7.10
2021,11,BUKIT PANJANG,3 ROOM,1600.00,9,360000.00,11,2021-11-01,5.33
2021,11,BUKIT PANJANG,4 ROOM,1900.00,28,462500.00,42,2021-11-01,4.93
2021,11,BUKIT PANJANG,5 ROOM,2300.00,32,560888.00,31,2021-11-01,4.92
2021,11,BUKIT PANJANG,EXECUTIVE,2050.00,10,691444.00,4,2021-11-01,3.56
2021,11,BUKIT TIMAH,3 ROOM,1800.00,3,422000.00,1,2021-11-01,5.12
2021,11,BUKIT TIMAH,4 ROOM,2175.00,4,601500.00,2,2021-11-01,4.34
2021,11,BUKIT TIMAH,5 ROOM,2500.00,5,940000.00,1,2021-11-01,3.19
2021,11,CENTRAL AREA,3 ROOM,2300.00,28,476000.00,7,2021-11-01,5.80
2021,11,CENTRAL AREA,4 ROOM,2713.50,18,950000.00,7,2021-11-01,3.43
2021,11,CHOA CHU KANG,2 ROOM,1200.00,1,272000.00,1,2021-11-01,5.29
2021,11,CHOA CHU KANG,3 ROOM,1600.00,3,383000.00,11,2021-11-01,5.01
2021,11,CHOA CHU KANG,4 ROOM,2000.00,53,478000.00,74,2021-11-01,5.02
2021,11,CHOA CHU KANG,5 ROOM,2150.00,36,545000.00,46,2021-11-01,4.73
2021,11,CHOA CHU KANG,EXECUTIVE,2200.00,9,647500.00,12,2021-11-01,4.08
2021,11,CLEMENTI,2 ROOM,1750.00,1,336500.00,2,2021-11-01,6.24
2021,11,CLEMENTI,3 ROOM,1925.00,68,352000.00,28,2021-11-01,6.56
2021,11,CLEMENTI,4 ROOM,2550.00,29,733944.00,20,2021-11-01,4.17
2021,11,CLEMENTI,5 ROOM,2500.00,5,666500.00,10,2021-11-01,4.50
2021,11,CLEMENTI,EXECUTIVE,2900.00,3,900000.00,2,2021-11-01,3.87
2021,11,GEYLANG,3 ROOM,1950.00,50,300000.00,29,2021-11-01,7.80
2021,11,GEYLANG,4 ROOM,2425.00,28,540000.00,29,2021-11-01,5.39
2021,11,GEYLANG,5 ROOM,2500.00,12,715000.00,10,2021-11-01,4.20
2021,11,GEYLANG,EXECUTIVE,2800.00,1,900000.00,3,2021-11-01,3.73
2021,11,HOUGANG,3 ROOM,1825.00,32,333000.00,27,2021-11-01,6.58
2021,11,HOUGANG,4 ROOM,2200.00,54,490000.00,69,2021-11-01,5.39
2021,11,HOUGANG,5 ROOM,2275.00,30,607000.00,35,2021-11-01,4.50
2021,11,HOUGANG,EXECUTIVE,2550.00,9,786000.00,18,2021-11-01,3.89
2021,11,JURONG EAST,3 ROOM,1850.00,41,348000.00,18,2021-11-01,6.38
2021,11,JURONG EAST,4 ROOM,2200.00,27,445000.00,18,2021-11-01,5.93
2021,11,JURONG EAST,5 ROOM,2350.00,20,634000.00,14,2021-11-01,4.45
2021,11,JURONG EAST,EXECUTIVE,3000.00,8,833000.00,9,2021-11-01,4.32
2021,11,JURONG WEST,2 ROOM,1800.00,1,282500.00,2,2021-11-01,7.65
2021,11,JURONG WEST,3 ROOM,1750.00,39,320000.00,17,2021-11-01,6.56
2021,11,JURONG WEST,4 ROOM,2100.00,65,457000.00,34,2021-11-01,5.51
2021,11,JURONG WEST,5 ROOM,2365.00,82,529000.00,34,2021-11-01,5.36
2021,11,JURONG WEST,EXECUTIVE,2250.00,22,630000.00,19,2021-11-01,4.29
2021,11,KALLANG/WHAMPOA,2 ROOM,1850.00,3,260000.00,2,2021-11-01,8.54
2021,11,KALLANG/WHAMPOA,3 ROOM,2000.00,64,332500.00,36,2021-11-01,7.22
2021,11,KALLANG/WHAMPOA,4 ROOM,2650.00,23,711500.00,32,2021-11-01,4.47
2021,11,KALLANG/WHAMPOA,5 ROOM,2750.00,15,886944.00,10,2021-11-01,3.72
2021,11,KALLANG/WHAMPOA,EXECUTIVE,2950.00,2,885000.00,4,2021-11-01,4.00
2021,11,MARINE PARADE,3 ROOM,2050.00,24,392500.00,4,2021-11-01,6.27
2021,11,MARINE PARADE,4 ROOM,2500.00,10,488000.00,3,2021-11-01,6.15
2021,11,MARINE PARADE,5 ROOM,2700.00,7,819444.00,4,2021-11-01,3.95
2021,11,PASIR RIS,3 ROOM,1925.00,4,500000.00,1,2021-11-01,4.62
2021,11,PASIR RIS,4 ROOM,2100.00,35,480000.00,36,2021-11-01,5.25
2021,11,PASIR RIS,5 ROOM,2300.00,33,577500.00,32,2021-11-01,4.78
2021,11,PASIR RIS,EXECUTIVE,2400.00,24,725000.00,30,2021-11-01,3.97
2021,11,PUNGGOL,2 ROOM,1750.00,2,283500.00,6,2021-11-01,7.41
2021,11,PUNGGOL,3 ROOM,2000.00,9,410000.00,21,2021-11-01,5.85
2021,11,PUNGGOL,4 ROOM,2100.00,56,520000.00,100,2021-11-01,4.85
2021,11,PUNGGOL,5 ROOM,2150.00,68,630000.00,90,2021-11-01,4.10
2021,11,PUNGGOL,EXECUTIVE,2200.00,1,655000.00,3,2021-11-01,4.03
2021,11,QUEENSTOWN,2 ROOM,1725.00,4,250000.00,1,2021-11-01,8.28
2021,11,QUEENSTOWN,3 ROOM,2000.00,80,350000.00,36,2021-11-01,6.86
2021,11,QUEENSTOWN,4 ROOM,2800.00,24,765500.00,24,2021-11-01,4.39
2021,11,QUEENSTOWN,5 ROOM,2800.00,15,904444.00,10,2021-11-01,3.71
2021,11,SEMBAWANG,3 ROOM,2000.00,2,372000.00,1,2021-11-01,6.45
2021,11,SEMBAWANG,4 ROOM,2175.00,14,438000.00,21,2021-11-01,5.96
2021,11,SEMBAWANG,5 ROOM,2125.00,20,492500.00,12,2021-11-01,5.18
2021,11,SEMBAWANG,EXECUTIVE,2400.00,8,567500.00,10,2021-11-01,5.07
2021,11,SENGKANG,2 ROOM,1400.00,3,305888.00,5,2021-11-01,5.49
2021,11,SENGKANG,3 ROOM,1600.00,4,395000.00,18,2021-11-01,4.86
2021,11,SENGKANG,4 ROOM,2150.00,87,495000.00,120,2021-11-01,5.21
2021,11,SENGKANG,5 ROOM,2200.00,98,537500.00,84,2021-11-01,4.91
2021,11,SENGKANG,EXECUTIVE,2200.00,23,640000.00,19,2021-11-01,4.12
2021,11,SERANGOON,3 ROOM,2000.00,17,365000.00,9,2021-11-01,6.58
2021,11,SERANGOON,4 ROOM,2350.00,34,488000.00,19,2021-11-01,5.78
2021,11,SERANGOON,5 ROOM,2500.00,13,650000.00,11,2021-11-01,4.62
2021,11,SERANGOON,EXECUTIVE,2600.00,8,780000.00,11,2021-11-01,4.00
2021,11,TAMPINES,3 ROOM,1800.00,54,375000.00,38,2021-11-01,5.76
2021,11,TAMPINES,4 ROOM,2200.00,87,490000.00,75,2021-11-01,5.39
2021,11,TAMPINES,5 ROOM,2350.00,65,585000.00,57,2021-11-01,4.82
2021,11,TAMPINES,EXECUTIVE,2500.00,11,730000.00,15,2021-11-01,4.11
2021,11,TOA PAYOH,2 ROOM,1300.00,1,252500.00,4,2021-11-01,6.18
2021,11,TOA PAYOH,3 ROOM,2000.00,83,310000.00,29,2021-11-01,7.74
2021,11,TOA PAYOH,4 ROOM,2500.00,30,532500.00,22,2021-11-01,5.63
2021,11,TOA PAYOH,5 ROOM,2550.00,22,888000.00,21,2021-11-01,3.45
2021,11,TOA PAYOH,EXECUTIVE,2650.00,3,935000.00,4,2021-11-01,3.40
2021,11,WOODLANDS,2 ROOM,1200.00,1,279000.00,2,2021-11-01,5.16
2021,11,WOODLANDS,3 ROOM,1750.00,17,328000.00,13,2021-11-01,6.40
2021,11,WOODLANDS,4 ROOM,2100.00,57,434444.00,62,2021-11-01,5.80
2021,11,WOODLANDS,5 ROOM,2000.00,48,510000.00,43,2021-11-01,4.71
2021,11,WOODLANDS,EXECUTIVE,2300.00,20,700000.00,25,2021-11-01,3.94
2021,11,YISHUN,2 ROOM,2200.00,1,276000.00,1,2021-11-01,9.57
2021,11,YISHUN,3 ROOM,1800.00,42,338888.00,47,2021-11-01,6.37
2021,11,YISHUN,4 ROOM,2090.00,54,450000.00,92,2021-11-01,5.57
2021,11,YISHUN,5 ROOM,2300.00,27,595000.00,37,2021-11-01,4.64
2021,11,YISHUN,EXECUTIVE,2400.00,7,688000.00,11,2021-11-01,4.19
2021,12,ANG MO KIO,2 ROOM,1950.00,4,245000.00,1,2021-12-01,9.55
2021,12,ANG MO KIO,3 ROOM,1900.00,103,340000.00,34,2021-12-01,6.71
2021,12,ANG MO KIO,4 ROOM,2300.00,48,485500.00,24,2021-12-01,5.68
2021,12,ANG MO KIO,5 ROOM,2725.00,22,645000.00,13,2021-12-01,5.07
2021,12,ANG MO KIO,EXECUTIVE,3050.00,1,990000.00,3,2021-12-01,3.70
2021,12,BEDOK,2 ROOM,1250.00,2,260000.00,3,2021-12-01,5.77
2021,12,BEDOK,3 ROOM,1860.00,107,325000.00,51,2021-12-01,6.87
2021,12,BEDOK,4 ROOM,2200.00,48,460000.00,39,2021-12-01,5.74
2021,12,BEDOK,5 ROOM,2500.00,33,628000.00,29,2021-12-01,4.78
2021,12,BEDOK,EXECUTIVE,2550.00,8,728888.00,5,2021-12-01,4.20
2021,12,BISHAN,3 ROOM,2100.00,18,414444.00,2,2021-12-01,6.08
2021,12,BISHAN,4 ROOM,2400.00,33,600000.00,20,2021-12-01,4.80
2021,12,BISHAN,5 ROOM,2875.00,24,808000.00,15,2021-12-01,4.27
2021,12,BISHAN,EXECUTIVE,3000.00,1,1014000.00,4,2021-12-01,3.55
2021,12,BUKIT BATOK,3 ROOM,1900.00,45,336500.00,22,2021-12-01,6.78
2021,12,BUKIT BATOK,4 ROOM,2100.00,41,456500.00,24,2021-12-01,5.52
2021,12,BUKIT BATOK,5 ROOM,2300.00,14,616694.00,12,2021-12-01,4.48
2021,12,BUKIT BATOK,EXECUTIVE,2600.00,3,725000.00,11,2021-12-01,4.30
2021,12,BUKIT MERAH,3 ROOM,2000.00,77,383500.00,44,2021-12-01,6.26
2021,12,BUKIT MERAH,4 ROOM,2700.00,48,776800.00,33,2021-12-01,4.17
2021,12,BUKIT MERAH,5 ROOM,3000.00,39,890000.00,12,2021-12-01,4.04
2021,12,BUKIT PANJANG,2 ROOM,1900.00,1,288000.00,3,2021-12-01,7.92
2021,12,BUKIT PANJANG,3 ROOM,1775.00,12,372000.00,7,2021-12-01,5.73
2021,12,BUKIT PANJANG,4 ROOM,2000.00,36,460000.00,35,2021-12-01,5.22
2021,12,BUKIT PANJANG,5 ROOM,2000.00,27,547500.00,32,2021-12-01,4.38
2021,12,BUKIT PANJANG,EXECUTIVE,2300.00,5,718000.00,13,2021-12-01,3.84
2021,12,BUKIT TIMAH,3 ROOM,2350.00,4,416500.00,2,2021-12-01,6.77
2021,12,BUKIT TIMAH,4 ROOM,2400.00,4,620000.00,3,2021-12-01,4.65
2021,12,CENTRAL AREA,2 ROOM,1200.00,3,258000.00,1,2021-12-01,5.58
2021,12,CENTRAL AREA,3 ROOM,2300.00,30,456000.00,8,2021-12-01,6.05
2021,12,CENTRAL AREA,4 ROOM,2800.00,17,925500.00,12,2021-12-01,3.63
2021,12,CENTRAL AREA,5 ROOM,3600.00,5,1202500.00,6,2021-12-01,3.59
2021,12,CHOA CHU KANG,3 ROOM,1650.00,5,370000.00,15,2021-12-01,5.35
2021,12,CHOA CHU KANG,4 ROOM,2000.00,49,472500.00,62,2021-12-01,5.08
2021,12,CHOA CHU KANG,5 ROOM,2400.00,34,569000.00,46,2021-12-01,5.06
2021,12,CHOA CHU KANG,EXECUTIVE,2200.00,16,680000.00,7,2021-12-01,3.88
2021,12,CLEMENTI,3 ROOM,2100.00,65,385000.00,16,2021-12-01,6.55
2021,12,CLEMENTI,4 ROOM,2550.00,33,730888.00,27,2021-12-01,4.19
2021,12,CLEMENTI,5 ROOM,2600.00,11,943000.00,7,2021-12-01,3.31
2021,12,GEYLANG,2 ROOM,1700.00,2,220000.00,1,2021-12-01,9.27
2021,12,GEYLANG,3 ROOM,1900.00,41,296500.00,24,2021-12-01,7.69
2021,12,GEYLANG,4 ROOM,2350.00,30,640000.00,23,2021-12-01,4.41
2021,12,GEYLANG,5 ROOM,2700.00,14,776500.00,10,2021-12-01,4.17
2021,12,GEYLANG,EXECUTIVE,3050.00,2,875500.00,4,2021-12-01,4.18
2021,12,HOUGANG,3 ROOM,1825.00,30,350000.00,33,2021-12-01,6.26
2021,12,HOUGANG,4 ROOM,2100.00,68,475888.00,55,2021-12-01,5.30
2021,12,HOUGANG,5 ROOM,2400.00,36,597500.00,26,2021-12-01,4.82
2021,12,HOUGANG,EXECUTIVE,2375.00,8,772500.00,12,2021-12-01,3.69
2021,12,JURONG EAST,3 ROOM,1900.00,20,345000.00,19,2021-12-01,6.61
2021,12,JURONG EAST,4 ROOM,2200.00,27,448000.00,13,2021-12-01,5.89
2021,12,JURONG EAST,5 ROOM,2400.00,21,647500.00,8,2021-12-01,4.45
2021,12,JURONG EAST,EXECUTIVE,2400.00,1,850000.00,5,2021-12-01,3.39
2021,12,JURONG WEST,3 ROOM,1900.00,34,337000.00,23,2021-12-01,6.77
2021,12,JURONG WEST,4 ROOM,2200.00,63,458000.00,41,2021-12-01,5.76
2021,12,JURONG WEST,5 ROOM,2400.00,88,530000.00,33,2021-12-01,5.43
2021,12,JURONG WEST,EXECUTIVE,2500.00,29,632500.00,10,2021-12-01,4.74
2021,12,KALLANG/WHAMPOA,2 ROOM,1900.00,3,287000.00,1,2021-12-01,7.94
2021,12,KALLANG/WHAMPOA,3 ROOM,2000.00,70,405000.00,32,2021-12-01,5.93
2021,12,KALLANG/WHAMPOA,4 ROOM,2500.00,40,689000.00,40,2021-12-01,4.35
2021,12,KALLANG/WHAMPOA,5 ROOM,2800.00,15,800000.00,13,2021-12-01,4.20
2021,12,MARINE PARADE,3 ROOM,2125.00,26,383000.00,11,2021-12-01,6.66
2021,12,MARINE PARADE,4 ROOM,2475.00,4,570000.00,1,2021-12-01,5.21
2021,12,MARINE PARADE,5 ROOM,2900.00,4,885000.00,7,2021-12-01,3.93
2021,12,PASIR RIS,3 ROOM,2050.00,2,495000.00,2,2021-12-01,4.97
2021,12,PASIR RIS,4 ROOM,2200.00,48,480000.00,35,2021-12-01,5.50
2021,12,PASIR RIS,5 ROOM,2150.00,30,587500.00,24,2021-12-01,4.39
2021,12,PASIR RIS,EXECUTIVE,2300.00,26,710000.00,17,2021-12-01,3.89
2021,12,PUNGGOL,2 ROOM,1950.00,1,295000.00,3,2021-12-01,7.93
2021,12,PUNGGOL,3 ROOM,2300.00,3,400000.00,10,2021-12-01,6.90
2021,12,PUNGGOL,4 ROOM,2175.00,64,522000.00,122,2021-12-01,5.00
2021,12,PUNGGOL,5 ROOM,2100.00,75,590000.00,77,2021-12-01,4.27
2021,12,PUNGGOL,EXECUTIVE,2225.00,2,630000.00,4,2021-12-01,4.24
2021,12,QUEENSTOWN,2 ROOM,1650.00,1,265000.00,1,2021-12-01,7.47
2021,12,QUEENSTOWN,3 ROOM,2200.00,81,361500.00,26,2021-12-01,7.30
2021,12,QUEENSTOWN,4 ROOM,2750.00,37,772000.00,29,2021-12-01,4.27
2021,12,QUEENSTOWN,5 ROOM,3200.00,17,980088.00,11,2021-12-01,3.92
2021,12,SEMBAWANG,4 ROOM,2000.00,24,441500.00,16,2021-12-01,5.44
2021,12,SEMBAWANG,5 ROOM,2050.00,29,501500.00,20,2021-12-01,4.91
2021,12,SEMBAWANG,EXECUTIVE,2397.00,9,588000.00,7,2021-12-01,4.89
2021,12,SENGKANG,2 ROOM,1600.00,4,305000.00,5,2021-12-01,6.30
2021,12,SENGKANG,3 ROOM,2200.00,7,397000.00,20,2021-12-01,6.65
2021,12,SENGKANG,4 ROOM,2170.00,94,495000.00,122,2021-12-01,5.26
2021,12,SENGKANG,5 ROOM,2200.00,110,545000.00,82,2021-12-01,4.84
2021,12,SENGKANG,EXECUTIVE,2550.00,20,634000.00,12,2021-12-01,4.83
2021,12,SERANGOON,3 ROOM,1900.00,27,332000.00,9,2021-12-01,6.87
2021,12,SERANGOON,4 ROOM,2230.00,37,495944.00,18,2021-12-01,5.40
2021,12,SERANGOON,5 ROOM,2450.00,9,668000.00,5,2021-12-01,4.40
2021,12,SERANGOON,EXECUTIVE,2850.00,6,850000.00,9,2021-12-01,4.02
2021,12,TAMPINES,3 ROOM,1850.00,78,377500.00,38,2021-12-01,5.88
2021,12,TAMPINES,4 ROOM,2250.00,95,487000.00,74,2021-12-01,5.54
2021,12,TAMPINES,5 ROOM,2400.00,50,590000.00,42,2021-12-01,4.88
2021,12,TAMPINES,EXECUTIVE,2625.00,8,775500.00,20,2021-12-01,4.06
2021,12,TOA PAYOH,2 ROOM,1400.00,4,243750.00,2,2021-12-01,6.89
2021,12,TOA PAYOH,3 ROOM,2000.00,85,302500.00,30,2021-12-01,7.93
2021,12,TOA PAYOH,4 ROOM,2550.00,31,610000.00,20,2021-12-01,5.02
2021,12,TOA PAYOH,5 ROOM,2600.00,13,844444.00,14,2021-12-01,3.69
2021,12,TOA PAYOH,EXECUTIVE,2400.00,1,826500.00,4,2021-12-01,3.48
2021,12,WOODLANDS,2 ROOM,1400.00,1,290000.00,1,2021-12-01,5.79
2021,12,WOODLANDS,3 ROOM,1850.00,28,339000.00,16,2021-12-01,6.55
2021,12,WOODLANDS,4 ROOM,2000.00,88,435000.00,65,2021-12-01,5.52
2021,12,WOODLANDS,5 ROOM,2200.00,65,513500.00,46,2021-12-01,5.14
2021,12,WOODLANDS,EXECUTIVE,2300.00,15,705000.00,16,2021-12-01,3.91
2021,12,YISHUN,2 ROOM,1450.00,5,275000.00,1,2021-12-01,6.33
2021,12,YISHUN,3 ROOM,1800.00,49,345000.00,39,2021-12-01,6.26
2021,12,YISHUN,4 ROOM,2100.00,74,452500.00,98,2021-12-01,5.57
2021,12,YISHUN,5 ROOM,2200.00,25,565000.00,34,2021-12-01,4.67
2021,12,YISHUN,EXECUTIVE,2450.00,11,672500.00,8,2021-12-01,4.37
2022,1,ANG MO KIO,2 ROOM,1325.00,2,245000.00,1,2022-01-01,6.49
2022,1,ANG MO KIO,3 ROOM,1900.00,123,343888.00,47,2022-01-01,6.63
2022,1,ANG MO KIO,4 ROOM,2300.00,36,457500.00,20,2022-01-01,6.03
2022,1,ANG MO KIO,5 ROOM,2660.00,11,695000.00,11,2022-01-01,4.59
2022,1,BEDOK,2 ROOM,1463.00,4,240000.00,3,2022-01-01,7.32
2022,1,BEDOK,3 ROOM,1850.00,93,338000.00,55,2022-01-01,6.57
2022,1,BEDOK,4 ROOM,2200.00,59,475000.00,39,2022-01-01,5.56
2022,1,BEDOK,5 ROOM,2550.00,32,679000.00,20,2022-01-01,4.51
2022,1,BEDOK,EXECUTIVE,2500.00,9,845794.00,6,2022-01-01,3.55
2022,1,BISHAN,3 ROOM,2200.00,13,305000.00,7,2022-01-01,8.66
2022,1,BISHAN,4 ROOM,2375.00,32,646444.00,20,2022-01-01,4.41
2022,1,BISHAN,5 ROOM,2650.00,13,806000.00,14,2022-01-01,3.95
2022,1,BISHAN,EXECUTIVE,2900.00,7,947500.00,6,2022-01-01,3.67
2022,1,BUKIT BATOK,3 ROOM,1900.00,44,340000.00,27,2022-01-01,6.71
2022,1,BUKIT BATOK,4 ROOM,2025.00,56,465000.00,31,2022-01-01,5.23
2022,1,BUKIT BATOK,5 ROOM,2600.00,17,630000.00,17,2022-01-01,4.95
2022,1,BUKIT BATOK,EXECUTIVE,3050.00,6,735000.00,8,2022-01-01,4.98
2022,1,BUKIT MERAH,2 ROOM,1900.00,4,242500.00,2,2022-01-01,9.40
2022,1,BUKIT MERAH,3 ROOM,2050.00,72,370000.00,28,2022-01-01,6.65
2022,1,BUKIT MERAH,4 ROOM,2750.00,69,726500.00,38,2022-01-01,4.54
2022,1,BUKIT MERAH,5 ROOM,2975.00,34,795000.00,14,2022-01-01,4.49
2022,1,BUKIT PANJANG,3 ROOM,1725.00,14,359000.00,14,2022-01-01,5.77
2022,1,BUKIT PANJANG,4 ROOM,2050.00,31,469000.00,48,2022-01-01,5.25
2022,1,BUKIT PANJANG,5 ROOM,2250.00,32,558000.00,21,2022-01-01,4.84
2022,1,BUKIT PANJANG,EXECUTIVE,2300.00,7,690000.00,7,2022-01-01,4.00
2022,1,BUKIT TIMAH,3 ROOM,2100.00,4,395000.00,3,2022-01-01,6.38
2022,1,BUKIT TIMAH,4 ROOM,2625.00,6,709000.00,2,2022-01-01,4.44
2022,1,BUKIT TIMAH,5 ROOM,3250.00,3,800000.00,1,2022-01-01,4.88
2022,1,BUKIT TIMAH,EXECUTIVE,3000.00,2,1202000.00,1,2022-01-01,3.00
2022,1,CENTRAL AREA,3 ROOM,2400.00,29,436500.00,6,2022-01-01,6.60
2022,1,CENTRAL AREA,4 ROOM,3000.00,19,925000.00,7,2022-01-01,3.89
2022,1,CENTRAL AREA,5 ROOM,2500.00,3,1088000.00,3,2022-01-01,2.76
2022,1,CHOA CHU KANG,2 ROOM,1675.00,2,268000.00,1,2022-01-01,7.50
2022,1,CHOA CHU KANG,3 ROOM,1675.00,8,388000.00,13,2022-01-01,5.18
2022,1,CHOA CHU KANG,4 ROOM,2050.00,67,472500.00,64,2022-01-01,5.21
2022,1,CHOA CHU KANG,5 ROOM,2100.00,38,565000.00,57,2022-01-01,4.46
2022,1,CHOA CHU KANG,EXECUTIVE,2200.00,13,691000.00,21,2022-01-01,3.82
2022,1,CLEMENTI,3 ROOM,2000.00,99,362500.00,34,2022-01-01,6.62
2022,1,CLEMENTI,4 ROOM,2600.00,30,645000.00,17,2022-01-01,4.84
2022,1,CLEMENTI,5 ROOM,2700.00,14,731500.00,8,2022-01-01,4.43
2022,1,CLEMENTI,EXECUTIVE,3400.00,1,930000.00,1,2022-01-01,4.39
2022,1,GEYLANG,2 ROOM,1000.00,3,233000.00,3,2022-01-01,5.15
2022,1,GEYLANG,3 ROOM,1950.00,47,295000.00,25,2022-01-01,7.93
2022,1,GEYLANG,4 ROOM,2500.00,37,517000.00,22,2022-01-01,5.80
2022,1,GEYLANG,5 ROOM,2650.00,14,919000.00,6,2022-01-01,3.46
2022,1,GEYLANG,EXECUTIVE,2500.00,1,915000.00,3,2022-01-01,3.28
2022,1,HOUGANG,3 ROOM,1950.00,54,350000.00,31,2022-01-01,6.69
2022,1,HOUGANG,4 ROOM,2200.00,73,488000.00,69,2022-01-01,5.41
2022,1,HOUGANG,5 ROOM,2400.00,34,590000.00,30,2022-01-01,4.88
2022,1,HOUGANG,EXECUTIVE,2400.00,7,735000.00,16,2022-01-01,3.92
2022,1,JURONG EAST,3 ROOM,1900.00,36,330500.00,18,2022-01-01,6.90
2022,1,JURONG EAST,4 ROOM,2350.00,22,442500.00,12,2022-01-01,6.37
2022,1,JURONG EAST,5 ROOM,2400.00,21,603888.00,11,2022-01-01,4.77
2022,1,JURONG EAST,EXECUTIVE,2600.00,5,662500.00,2,2022-01-01,4.71
2022,1,JURONG WEST,2 ROOM,1125.00,2,252500.00,2,2022-01-01,5.35
2022,1,JURONG WEST,3 ROOM,1800.00,42,336000.00,30,2022-01-01,6.43
2022,1,JURONG WEST,4 ROOM,2300.00,85,432000.00,53,2022-01-01,6.39
2022,1,JURONG WEST,5 ROOM,2400.00,91,527500.00,46,2022-01-01,5.46
2022,1,JURONG WEST,EXECUTIVE,2700.00,13,640000.00,14,2022-01-01,5.06
2022,1,KALLANG/WHAMPOA,3 ROOM,2000.00,63,363500.00,28,2022-01-01,6.60
2022,1,KALLANG/WHAMPOA,4 ROOM,2550.00,39,725000.00,33,2022-01-01,4.22
2022,1,KALLANG/WHAMPOA,5 ROOM,2700.00,27,830000.00,13,2022-01-01,3.90
2022,1,KALLANG/WHAMPOA,EXECUTIVE,3000.00,1,800000.00,1,2022-01-01,4.50
2022,1,MARINE PARADE,3 ROOM,1950.00,28,477500.00,2,2022-01-01,4.90
2022,1,MARINE PARADE,4 ROOM,2400.00,13,465000.00,5,2022-01-01,6.19
2022,1,MARINE PARADE,5 ROOM,2900.00,6,850000.00,5,2022-01-01,4.09
2022,1,PASIR RIS,3 ROOM,2000.00,2,435500.00,4,2022-01-01,5.51
2022,1,PASIR RIS,4 ROOM,2100.00,39,493500.00,34,2022-01-01,5.11
2022,1,PASIR RIS,5 ROOM,2300.00,37,570000.00,18,2022-01-01,4.84
2022,1,PASIR RIS,EXECUTIVE,2400.00,28,760000.00,19,2022-01-01,3.79
2022,1,PUNGGOL,2 ROOM,1475.00,4,291234.00,5,2022-01-01,6.08
2022,1,PUNGGOL,3 ROOM,2300.00,9,410000.00,23,2022-01-01,6.73
2022,1,PUNGGOL,4 ROOM,2300.00,59,515080.00,103,2022-01-01,5.36
2022,1,PUNGGOL,5 ROOM,2200.00,69,560000.00,71,2022-01-01,4.71
2022,1,PUNGGOL,EXECUTIVE,2400.00,5,651500.00,4,2022-01-01,4.42
2022,1,QUEENSTOWN,2 ROOM,1700.00,3,264000.00,4,2022-01-01,7.73
2022,1,QUEENSTOWN,3 ROOM,2200.00,93,374444.00,32,2022-01-01,7.05
2022,1,QUEENSTOWN,4 ROOM,2900.00,29,790000.00,27,2022-01-01,4.41
2022,1,QUEENSTOWN,5 ROOM,3000.00,13,942500.00,14,2022-01-01,3.82
2022,1,SEMBAWANG,2 ROOM,1350.00,2,292500.00,2,2022-01-01,5.54
2022,1,SEMBAWANG,3 ROOM,2300.00,1,375000.00,3,2022-01-01,7.36
2022,1,SEMBAWANG,4 ROOM,2100.00,47,450000.00,29,2022-01-01,5.60
2022,1,SEMBAWANG,5 ROOM,2100.00,31,506000.00,24,2022-01-01,4.98
2022,1,SEMBAWANG,EXECUTIVE,2050.00,17,625000.00,2,2022-01-01,3.94
2022,1,SENGKANG,2 ROOM,1500.00,2,306000.00,3,2022-01-01,5.88
2022,1,SENGKANG,3 ROOM,2300.00,5,406000.00,19,2022-01-01,6.80
2022,1,SENGKANG,4 ROOM,2101.50,88,512000.00,106,2022-01-01,4.93
2022,1,SENGKANG,5 ROOM,2300.00,91,564000.00,84,2022-01-01,4.89
2022,1,SENGKANG,EXECUTIVE,2400.00,23,628888.00,9,2022-01-01,4.58
2022,1,SERANGOON,3 ROOM,1900.00,20,352250.00,10,2022-01-01,6.47
2022,1,SERANGOON,4 ROOM,2300.00,34,475000.00,17,2022-01-01,5.81
2022,1,SERANGOON,5 ROOM,2750.00,9,639000.00,8,2022-01-01,5.16
2022,1,SERANGOON,EXECUTIVE,2800.00,7,778000.00,5,2022-01-01,4.32
2022,1,TAMPINES,3 ROOM,1900.00,78,380000.00,35,2022-01-01,6.00
2022,1,TAMPINES,4 ROOM,2300.00,76,500000.00,71,2022-01-01,5.52
2022,1,TAMPINES,5 ROOM,2475.00,62,600000.00,44,2022-01-01,4.95
2022,1,TAMPINES,EXECUTIVE,2575.00,12,782000.00,13,2022-01-01,3.95
2022,1,TOA PAYOH,3 ROOM,2000.00,72,319000.00,30,2022-01-01,7.52
2022,1,TOA PAYOH,4 ROOM,2425.00,30,630000.00,17,2022-01-01,4.62
2022,1,TOA PAYOH,5 ROOM,2700.00,9,850000.00,11,2022-01-01,3.81
2022,1,WOODLANDS,2 ROOM,1600.00,4,290000.00,1,2022-01-01,6.62
2022,1,WOODLANDS,3 ROOM,1600.00,24,341000.00,17,2022-01-01,5.63
2022,1,WOODLANDS,4 ROOM,2000.00,75,447500.00,52,2022-01-01,5.36
2022,1,WOODLANDS,5 ROOM,2200.00,58,515000.00,37,2022-01-01,5.13
2022,1,WOODLANDS,EXECUTIVE,2500.00,20,715000.00,16,2022-01-01,4.20
2022,1,YISHUN,2 ROOM,1800.00,3,280000.00,5,2022-01-01,7.71
2022,1,YISHUN,3 ROOM,1950.00,58,368000.00,44,2022-01-01,6.36
2022,1,YISHUN,4 ROOM,2000.00,57,450000.00,87,2022-01-01,5.33
2022,1,YISHUN,5 ROOM,2200.00,34,570000.00,42,2022-01-01,4.63
2022,1,YISHUN,EXECUTIVE,2400.00,9,800000.00,7,2022-01-01,3.60
2022,2,ANG MO KIO,2 ROOM,1500.00,2,236944.00,4,2022-02-01,7.60
2022,2,ANG MO KIO,3 ROOM,1900.00,95,350000.00,48,2022-02-01,6.51
2022,2,ANG MO KIO,4 ROOM,2300.00,29,460000.00,21,2022-02-01,6.00
2022,2,ANG MO KIO,5 ROOM,2700.00,11,688000.00,7,2022-02-01,4.71
2022,2,BEDOK,2 ROOM,1500.00,3,265000.00,1,2022-02-01,6.79
2022,2,BEDOK,3 ROOM,2000.00,79,331000.00,40,2022-02-01,7.25
2022,2,BEDOK,4 ROOM,2200.00,37,450000.00,41,2022-02-01,5.87
2022,2,BEDOK,5 ROOM,2400.00,29,619194.00,12,2022-02-01,4.65
2022,2,BEDOK,EXECUTIVE,2700.00,5,740000.00,1,2022-02-01,4.38
2022,2,BISHAN,3 ROOM,1950.00,6,422500.00,8,2022-02-01,5.54
2022,2,BISHAN,4 ROOM,2475.00,32,642500.00,12,2022-02-01,4.62
2022,2,BISHAN,5 ROOM,2700.00,15,825500.00,6,2022-02-01,3.92
2022,2,BISHAN,EXECUTIVE,3350.00,4,1040000.00,4,2022-02-01,3.87
2022,2,BUKIT BATOK,3 ROOM,2000.00,38,338000.00,17,2022-02-01,7.10
2022,2,BUKIT BATOK,4 ROOM,2050.00,33,496500.00,22,2022-02-01,4.95
2022,2,BUKIT BATOK,5 ROOM,2750.00,12,715000.00,10,2022-02-01,4.62
2022,2,BUKIT BATOK,EXECUTIVE,2600.00,6,750000.00,5,2022-02-01,4.16
2022,2,BUKIT MERAH,2 ROOM,1950.00,2,260000.00,1,2022-02-01,9.00
2022,2,BUKIT MERAH,3 ROOM,2150.00,68,540000.00,23,2022-02-01,4.78
2022,2,BUKIT MERAH,4 ROOM,2700.00,55,760000.00,29,2022-02-01,4.26
2022,2,BUKIT MERAH,5 ROOM,3000.00,28,885000.00,17,2022-02-01,4.07
2022,2,BUKIT PANJANG,2 ROOM,1500.00,1,262500.00,2,2022-02-01,6.86
2022,2,BUKIT PANJANG,3 ROOM,1600.00,9,349000.00,8,2022-02-01,5.50
2022,2,BUKIT PANJANG,4 ROOM,2075.00,30,445000.00,32,2022-02-01,5.60
2022,2,BUKIT PANJANG,5 ROOM,2475.00,26,637500.00,22,2022-02-01,4.66
2022,2,BUKIT PANJANG,EXECUTIVE,2250.00,6,545500.00,5,2022-02-01,4.95
2022,2,BUKIT TIMAH,3 ROOM,2050.00,3,450000.00,1,2022-02-01,5.47
2022,2,BUKIT TIMAH,4 ROOM,2250.00,1,775500.00,2,2022-02-01,3.48
2022,2,CENTRAL AREA,3 ROOM,2300.00,17,442500.00,8,2022-02-01,6.24
2022,2,CENTRAL AREA,4 ROOM,3050.00,12,882000.00,7,2022-02-01,4.15
2022,2,CHOA CHU KANG,2 ROOM,1450.00,2,275000.00,1,2022-02-01,6.33
2022,2,CHOA CHU KANG,3 ROOM,2100.00,6,400000.00,4,2022-02-01,6.30
2022,2,CHOA CHU KANG,4 ROOM,2000.00,46,480000.00,47,2022-02-01,5.00
2022,2,CHOA CHU KANG,5 ROOM,2225.00,38,550000.00,43,2022-02-01,4.85
2022,2,CHOA CHU KANG,EXECUTIVE,2200.00,15,644000.00,2,2022-02-01,4.10
2022,2,CLEMENTI,3 ROOM,2075.00,69,338000.00,16,2022-02-01,7.37
2022,2,CLEMENTI,4 ROOM,2500.00,27,750000.00,19,2022-02-01,4.00
2022,2,CLEMENTI,5 ROOM,2900.00,5,728000.00,9,2022-02-01,4.78
2022,2,CLEMENTI,EXECUTIVE,3000.00,1,850000.00,1,2022-02-01,4.24
2022,2,GEYLANG,2 ROOM,1500.00,7,237500.00,2,2022-02-01,7.58
2022,2,GEYLANG,3 ROOM,2000.00,45,308888.00,27,2022-02-01,7.77
2022,2,GEYLANG,4 ROOM,2525.00,26,683000.00,17,2022-02-01,4.44
2022,2,GEYLANG,5 ROOM,2550.00,4,713000.00,6,2022-02-01,4.29
2022,2,GEYLANG,EXECUTIVE,2750.00,2,873500.00,2,2022-02-01,3.78
2022,2,HOUGANG,3 ROOM,1900.00,46,350000.00,24,2022-02-01,6.51
2022,2,HOUGANG,4 ROOM,2200.00,53,458000.00,43,2022-02-01,5.76
2022,2,HOUGANG,5 ROOM,2200.00,36,555000.00,19,2022-02-01,4.76
2022,2,HOUGANG,EXECUTIVE,2500.00,11,858888.00,5,2022-02-01,3.49
2022,2,JURONG EAST,2 ROOM,1525.00,2,288000.00,1,2022-02-01,6.35
2022,2,JURONG EAST,3 ROOM,1800.00,17,330000.00,11,2022-02-01,6.55
2022,2,JURONG EAST,4 ROOM,2400.00,23,430000.00,11,2022-02-01,6.70
2022,2,JURONG EAST,5 ROOM,2500.00,19,557500.00,8,2022-02-01,5.38
2022,2,JURONG EAST,EXECUTIVE,2500.00,5,850000.00,7,2022-02-01,3.53
2022,2,JURONG WEST,3 ROOM,1750.00,29,325000.00,19,2022-02-01,6.46
2022,2,JURONG WEST,4 ROOM,2200.00,60,440000.00,42,2022-02-01,6.00
2022,2,JURONG WEST,5 ROOM,2500.00,75,550000.00,37,2022-02-01,5.45
2022,2,JURONG WEST,EXECUTIVE,2500.00,18,645000.00,19,2022-02-01,4.65
2022,2,KALLANG/WHAMPOA,3 ROOM,2200.00,50,364000.00,20,2022-02-01,7.25
2022,2,KALLANG/WHAMPOA,4 ROOM,2600.00,41,839000.00,34,2022-02-01,3.72
2022,2,KALLANG/WHAMPOA,5 ROOM,2700.00,17,805000.00,13,2022-02-01,4.02
2022,2,MARINE PARADE,3 ROOM,2150.00,16,378500.00,6,2022-02-01,6.82
2022,2,MARINE PARADE,4 ROOM,2400.00,10,522000.00,3,2022-02-01,5.52
2022,2,MARINE PARADE,5 ROOM,2850.00,2,830000.00,2,2022-02-01,4.12
2022,2,PASIR RIS,2 ROOM,1900.00,1,315000.00,1,2022-02-01,7.24
2022,2,PASIR RIS,3 ROOM,1580.00,1,515000.00,1,2022-02-01,3.68
2022,2,PASIR RIS,4 ROOM,2400.00,22,480000.00,27,2022-02-01,6.00
2022,2,PASIR RIS,5 ROOM,2350.00,19,602500.00,28,2022-02-01,4.68
2022,2,PASIR RIS,EXECUTIVE,2350.00,19,703000.00,15,2022-02-01,4.01
2022,2,PUNGGOL,2 ROOM,1800.00,2,315000.00,1,2022-02-01,6.86
2022,2,PUNGGOL,3 ROOM,2000.00,9,415000.00,13,2022-02-01,5.78
2022,2,PUNGGOL,4 ROOM,2200.00,41,520000.00,75,2022-02-01,5.08
2022,2,PUNGGOL,5 ROOM,2400.00,72,592500.00,44,2022-02-01,4.86
2022,2,PUNGGOL,EXECUTIVE,2100.00,5,645000.00,1,2022-02-01,3.91
2022,2,QUEENSTOWN,3 ROOM,2200.00,73,342500.00,30,2022-02-01,7.71
2022,2,QUEENSTOWN,4 ROOM,2900.00,29,841500.00,20,2022-02-01,4.14
2022,2,QUEENSTOWN,5 ROOM,3100.00,15,990000.00,5,2022-02-01,3.76
2022,2,QUEENSTOWN,EXECUTIVE,3400.00,1,1130000.00,2,2022-02-01,3.61
2022,2,SEMBAWANG,4 ROOM,2000.00,22,465000.00,23,2022-02-01,5.16
2022,2,SEMBAWANG,5 ROOM,2450.00,26,640000.00,14,2022-02-01,4.59
2022,2,SEMBAWANG,EXECUTIVE,2350.00,10,610000.00,3,2022-02-01,4.62
2022,2,SENGKANG,2 ROOM,1500.00,1,310000.00,3,2022-02-01,5.81
2022,2,SENGKANG,3 ROOM,2000.00,9,412000.00,14,2022-02-01,5.83
2022,2,SENGKANG,4 ROOM,2300.00,67,510000.00,79,2022-02-01,5.41
2022,2,SENGKANG,5 ROOM,2250.00,90,577500.00,60,2022-02-01,4.68
2022,2,SENGKANG,EXECUTIVE,2400.00,15,659000.00,8,2022-02-01,4.37
2022,2,SERANGOON,3 ROOM,1950.00,16,355000.00,7,2022-02-01,6.59
2022,2,SERANGOON,4 ROOM,2300.00,26,526000.00,19,2022-02-01,5.25
2022,2,SERANGOON,5 ROOM,2575.00,9,650000.00,5,2022-02-01,4.75
2022,2,SERANGOON,EXECUTIVE,2675.00,8,919444.00,8,2022-02-01,3.49
2022,2,TAMPINES,2 ROOM,2000.00,1,302000.00,1,2022-02-01,7.95
2022,2,TAMPINES,3 ROOM,2000.00,46,380000.00,26,2022-02-01,6.32
2022,2,TAMPINES,4 ROOM,2300.00,82,485000.00,46,2022-02-01,5.69
2022,2,TAMPINES,5 ROOM,2600.00,47,623444.00,34,2022-02-01,5.00
2022,2,TAMPINES,EXECUTIVE,2550.00,16,805000.00,21,2022-02-01,3.80
2022,2,TOA PAYOH,3 ROOM,1950.00,61,308888.00,19,2022-02-01,7.58
2022,2,TOA PAYOH,4 ROOM,2400.00,33,575000.00,17,2022-02-01,5.01
2022,2,TOA PAYOH,5 ROOM,2875.00,14,864000.00,10,2022-02-01,3.99
2022,2,TOA PAYOH,EXECUTIVE,2700.00,2,940000.00,5,2022-02-01,3.45
2022,2,WOODLANDS,2 ROOM,1200.00,1,297500.00,2,2022-02-01,4.84
2022,2,WOODLANDS,3 ROOM,1700.00,10,330000.00,10,2022-02-01,6.18
2022,2,WOODLANDS,4 ROOM,2200.00,57,446500.00,68,2022-02-01,5.91
2022,2,WOODLANDS,5 ROOM,2425.00,48,538000.00,35,2022-02-01,5.41
2022,2,WOODLANDS,EXECUTIVE,2500.00,13,757500.00,14,2022-02-01,3.96
2022,2,YISHUN,2 ROOM,1400.00,2,303500.00,4,2022-02-01,5.54
2022,2,YISHUN,3 ROOM,1800.00,61,350000.00,35,2022-02-01,6.17
2022,2,YISHUN,4 ROOM,2100.00,63,446000.00,58,2022-02-01,5.65
2022,2,YISHUN,5 ROOM,2275.00,26,605000.00,24,2022-02-01,4.51
2022,2,YISHUN,EXECUTIVE,2490.00,9,834500.00,6,2022-02-01,3.58
2022,3,ANG MO KIO,3 ROOM,2000.00,128,366500.00,44,2022-03-01,6.55
2022,3,ANG MO KIO,4 ROOM,2400.00,52,562000.00,25,2022-03-01,5.12
2022,3,ANG MO KIO,5 ROOM,2600.00,23,738000.00,12,2022-03-01,4.23
2022,3,BEDOK,3 ROOM,2000.00,111,335000.00,58,2022-03-01,7.16
2022,3,BEDOK,4 ROOM,2200.00,57,435000.00,35,2022-03-01,6.07
2022,3,BEDOK,5 ROOM,2500.00,33,605000.00,24,2022-03-01,4.96
2022,3,BEDOK,EXECUTIVE,2650.00,8,830000.00,7,2022-03-01,3.83
2022,3,BISHAN,3 ROOM,2100.00,15,455000.00,1,2022-03-01,5.54
2022,3,BISHAN,4 ROOM,2550.00,36,600000.00,28,2022-03-01,5.10
2022,3,BISHAN,5 ROOM,2850.00,24,780000.00,13,2022-03-01,4.38
2022,3,BISHAN,EXECUTIVE,3200.00,6,1000000.00,3,2022-03-01,3.84
2022,3,BUKIT BATOK,3 ROOM,1850.00,48,344444.00,22,2022-03-01,6.45
2022,3,BUKIT BATOK,4 ROOM,2200.00,49,460000.00,25,2022-03-01,5.74
2022,3,BUKIT BATOK,5 ROOM,2500.00,15,633000.00,15,2022-03-01,4.74
2022,3,BUKIT BATOK,EXECUTIVE,2700.00,7,750000.00,5,2022-03-01,4.32
2022,3,BUKIT MERAH,1 ROOM,1275.00,2,215000.00,2,2022-03-01,7.12
2022,3,BUKIT MERAH,2 ROOM,1700.00,8,405000.00,2,2022-03-01,5.04
2022,3,BUKIT MERAH,3 ROOM,2200.00,66,385000.00,36,2022-03-01,6.86
2022,3,BUKIT MERAH,4 ROOM,2800.00,46,735000.00,33,2022-03-01,4.57
2022,3,BUKIT MERAH,5 ROOM,3075.00,40,750000.00,19,2022-03-01,4.92
2022,3,BUKIT PANJANG,3 ROOM,1825.00,16,356000.00,12,2022-03-01,6.15
2022,3,BUKIT PANJANG,4 ROOM,2050.00,30,455000.00,47,2022-03-01,5.41
2022,3,BUKIT PANJANG,5 ROOM,2450.00,38,560000.00,25,2022-03-01,5.25
2022,3,BUKIT PANJANG,EXECUTIVE,3500.00,3,723444.00,6,2022-03-01,5.81
2022,3,BUKIT TIMAH,3 ROOM,2400.00,2,465000.00,1,2022-03-01,6.19
2022,3,BUKIT TIMAH,4 ROOM,2700.00,3,580000.00,1,2022-03-01,5.59
2022,3,BUKIT TIMAH,EXECUTIVE,3600.00,1,1134000.00,2,2022-03-01,3.81
2022,3,CENTRAL AREA,3 ROOM,2300.00,25,390000.00,9,2022-03-01,7.08
2022,3,CENTRAL AREA,4 ROOM,3000.00,15,689000.00,8,2022-03-01,5.22
2022,3,CENTRAL AREA,5 ROOM,3500.00,5,1368888.44,2,2022-03-01,3.07
2022,3,CHOA CHU KANG,2 ROOM,2250.00,1,237500.00,2,2022-03-01,11.37
2022,3,CHOA CHU KANG,3 ROOM,1850.00,8,360000.00,15,2022-03-01,6.17
2022,3,CHOA CHU KANG,4 ROOM,2200.00,53,460000.00,62,2022-03-01,5.74
2022,3,CHOA CHU KANG,5 ROOM,2300.00,39,585500.00,52,2022-03-01,4.71
2022,3,CHOA CHU KANG,EXECUTIVE,2625.00,8,705000.00,11,2022-03-01,4.47
2022,3,CLEMENTI,3 ROOM,2200.00,78,428000.00,31,2022-03-01,6.17
2022,3,CLEMENTI,4 ROOM,2550.00,33,662500.00,20,2022-03-01,4.62
2022,3,CLEMENTI,5 ROOM,2900.00,11,844000.00,12,2022-03-01,4.12
2022,3,CLEMENTI,EXECUTIVE,3200.00,2,890000.00,3,2022-03-01,4.31
2022,3,GEYLANG,2 ROOM,1475.00,10,235000.00,3,2022-03-01,7.53
2022,3,GEYLANG,3 ROOM,2000.00,57,310000.00,26,2022-03-01,7.74
2022,3,GEYLANG,4 ROOM,2475.00,24,529999.50,32,2022-03-01,5.60
2022,3,GEYLANG,5 ROOM,2450.00,6,878444.00,8,2022-03-01,3.35
2022,3,GEYLANG,EXECUTIVE,2900.00,5,805000.00,2,2022-03-01,4.32
2022,3,HOUGANG,3 ROOM,1850.00,51,345000.00,25,2022-03-01,6.43
2022,3,HOUGANG,4 ROOM,2200.00,65,498000.00,72,2022-03-01,5.30
2022,3,HOUGANG,5 ROOM,2400.00,32,608888.00,21,2022-03-01,4.73
2022,3,HOUGANG,EXECUTIVE,2600.00,13,827000.00,8,2022-03-01,3.77
2022,3,JURONG EAST,3 ROOM,2000.00,30,375000.00,11,2022-03-01,6.40
2022,3,JURONG EAST,4 ROOM,2300.00,30,517500.00,12,2022-03-01,5.33
2022,3,JURONG EAST,5 ROOM,2550.00,24,508000.00,9,2022-03-01,6.02
2022,3,JURONG EAST,EXECUTIVE,2725.00,6,708000.00,7,2022-03-01,4.62
2022,3,JURONG WEST,3 ROOM,1950.00,50,329000.00,20,2022-03-01,7.11
2022,3,JURONG WEST,4 ROOM,2200.00,83,465000.00,42,2022-03-01,5.68
2022,3,JURONG WEST,5 ROOM,2525.00,76,530000.00,39,2022-03-01,5.72
2022,3,JURONG WEST,EXECUTIVE,2525.00,18,635000.00,16,2022-03-01,4.77
2022,3,KALLANG/WHAMPOA,2 ROOM,1675.00,4,269000.00,2,2022-03-01,7.47
2022,3,KALLANG/WHAMPOA,3 ROOM,2150.00,67,350000.00,36,2022-03-01,7.37
2022,3,KALLANG/WHAMPOA,4 ROOM,2600.00,41,746694.00,46,2022-03-01,4.18
2022,3,KALLANG/WHAMPOA,5 ROOM,2500.00,21,766500.00,16,2022-03-01,3.91
2022,3,MARINE PARADE,3 ROOM,2100.00,23,381500.00,6,2022-03-01,6.61
2022,3,MARINE PARADE,4 ROOM,2050.00,6,595000.00,3,2022-03-01,4.13
2022,3,MARINE PARADE,5 ROOM,2700.00,7,800000.00,5,2022-03-01,4.05
2022,3,PASIR RIS,4 ROOM,2300.00,32,494500.00,22,2022-03-01,5.58
2022,3,PASIR RIS,5 ROOM,2350.00,28,600000.00,23,2022-03-01,4.70
2022,3,PASIR RIS,EXECUTIVE,2550.00,16,729000.00,16,2022-03-01,4.20
2022,3,PUNGGOL,2 ROOM,2000.00,1,295000.00,7,2022-03-01,8.14
2022,3,PUNGGOL,3 ROOM,2200.00,5,412944.00,16,2022-03-01,6.39
2022,3,PUNGGOL,4 ROOM,2325.00,36,525000.00,92,2022-03-01,5.31
2022,3,PUNGGOL,5 ROOM,2300.00,60,640000.00,47,2022-03-01,4.31
2022,3,PUNGGOL,EXECUTIVE,2800.00,5,648888.00,3,2022-03-01,5.18
2022,3,QUEENSTOWN,2 ROOM,1650.00,4,310000.00,2,2022-03-01,6.39
2022,3,QUEENSTOWN,3 ROOM,2200.00,69,355000.00,27,2022-03-01,7.44
2022,3,QUEENSTOWN,4 ROOM,2800.00,32,820000.00,25,2022-03-01,4.10
2022,3,QUEENSTOWN,5 ROOM,3000.00,16,940000.00,7,2022-03-01,3.83
2022,3,SEMBAWANG,4 ROOM,2100.00,35,480000.00,25,2022-03-01,5.25
2022,3,SEMBAWANG,5 ROOM,2400.00,31,525000.00,25,2022-03-01,5.49
2022,3,SEMBAWANG,EXECUTIVE,3000.00,9,600000.00,11,2022-03-01,6.00
2022,3,SENGKANG,2 ROOM,2200.00,5,318000.00,3,2022-03-01,8.30
2022,3,SENGKANG,3 ROOM,1800.00,5,406500.00,16,2022-03-01,5.31
2022,3,SENGKANG,4 ROOM,2200.00,65,502000.00,99,2022-03-01,5.26
2022,3,SENGKANG,5 ROOM,2200.00,91,540000.00,62,2022-03-01,4.89
2022,3,SENGKANG,EXECUTIVE,2400.00,11,670000.00,10,2022-03-01,4.30
2022,3,SERANGOON,3 ROOM,2100.00,29,405000.00,9,2022-03-01,6.22
2022,3,SERANGOON,4 ROOM,2425.00,28,478000.00,10,2022-03-01,6.09
2022,3,SERANGOON,5 ROOM,2400.00,19,664000.00,8,2022-03-01,4.34
2022,3,SERANGOON,EXECUTIVE,2800.00,7,954444.00,6,2022-03-01,3.52
2022,3,TAMPINES,3 ROOM,2000.00,75,385500.00,28,2022-03-01,6.23
2022,3,TAMPINES,4 ROOM,2400.00,96,502000.00,53,2022-03-01,5.74
2022,3,TAMPINES,5 ROOM,2500.00,69,620000.00,28,2022-03-01,4.84
2022,3,TAMPINES,EXECUTIVE,2500.00,11,808000.00,19,2022-03-01,3.71
2022,3,TOA PAYOH,2 ROOM,1425.00,4,245000.00,5,2022-03-01,6.98
2022,3,TOA PAYOH,3 ROOM,2000.00,74,334000.00,32,2022-03-01,7.19
2022,3,TOA PAYOH,4 ROOM,2500.00,29,662500.00,24,2022-03-01,4.53
2022,3,TOA PAYOH,5 ROOM,2750.00,25,890000.00,18,2022-03-01,3.71
2022,3,TOA PAYOH,EXECUTIVE,2600.00,3,908000.00,3,2022-03-01,3.44
2022,3,WOODLANDS,3 ROOM,1700.00,22,350000.00,10,2022-03-01,5.83
2022,3,WOODLANDS,4 ROOM,2000.00,75,448000.00,48,2022-03-01,5.36
2022,3,WOODLANDS,5 ROOM,2350.00,72,531000.00,38,2022-03-01,5.31
2022,3,WOODLANDS,EXECUTIVE,2500.00,15,716500.00,20,2022-03-01,4.19
2022,3,YISHUN,2 ROOM,1750.00,2,285000.00,2,2022-03-01,7.37
2022,3,YISHUN,3 ROOM,2000.00,53,361400.00,52,2022-03-01,6.64
2022,3,YISHUN,4 ROOM,2200.00,81,460000.00,67,2022-03-01,5.74
2022,3,YISHUN,5 ROOM,2500.00,36,614444.00,30,2022-03-01,4.88
2022,3,YISHUN,EXECUTIVE,1850.00,6,723000.00,9,2022-03-01,3.07
2022,4,ANG MO KIO,2 ROOM,1350.00,4,273500.00,2,2022-04-01,5.92
2022,4,ANG MO KIO,3 ROOM,1900.00,107,359444.00,36,2022-04-01,6.34
2022,4,ANG MO KIO,4 ROOM,2300.00,30,589000.00,30,2022-04-01,4.69
2022,4,ANG MO KIO,5 ROOM,2650.00,13,700000.00,11,2022-04-01,4.54
2022,4,BEDOK,2 ROOM,1500.00,4,295000.00,2,2022-04-01,6.10
2022,4,BEDOK,3 ROOM,1900.00,81,343000.00,49,2022-04-01,6.65
2022,4,BEDOK,4 ROOM,2315.00,50,472500.00,44,2022-04-01,5.88
2022,4,BEDOK,5 ROOM,2375.00,24,646000.00,23,2022-04-01,4.41
2022,4,BEDOK,EXECUTIVE,2600.00,3,846500.00,10,2022-04-01,3.69
2022,4,BISHAN,3 ROOM,2100.00,9,438000.00,5,2022-04-01,5.75
2022,4,BISHAN,4 ROOM,2500.00,32,602500.00,26,2022-04-01,4.98
2022,4,BISHAN,5 ROOM,2750.00,18,818000.00,5,2022-04-01,4.03
2022,4,BISHAN,EXECUTIVE,2850.00,3,1034000.00,2,2022-04-01,3.31
2022,4,BUKIT BATOK,3 ROOM,1800.00,41,342000.00,25,2022-04-01,6.32
2022,4,BUKIT BATOK,4 ROOM,2250.00,37,495000.00,27,2022-04-01,5.45
2022,4,BUKIT BATOK,5 ROOM,2175.00,12,788500.00,12,2022-04-01,3.31
2022,4,BUKIT BATOK,EXECUTIVE,2800.00,7,790000.00,9,2022-04-01,4.25
2022,4,BUKIT MERAH,2 ROOM,1925.00,6,257500.00,4,2022-04-01,8.97
2022,4,BUKIT MERAH,3 ROOM,2250.00,67,380000.00,30,2022-04-01,7.11
2022,4,BUKIT MERAH,4 ROOM,2900.00,41,662500.00,34,2022-04-01,5.25
2022,4,BUKIT MERAH,5 ROOM,2900.00,22,898444.00,24,2022-04-01,3.87
2022,4,BUKIT PANJANG,3 ROOM,1650.00,9,350000.00,16,2022-04-01,5.66
2022,4,BUKIT PANJANG,4 ROOM,2200.00,24,470000.00,46,2022-04-01,5.62
2022,4,BUKIT PANJANG,5 ROOM,2500.00,28,620000.00,21,2022-04-01,4.84
2022,4,BUKIT PANJANG,EXECUTIVE,2550.00,6,731500.00,8,2022-04-01,4.18
2022,4,BUKIT TIMAH,4 ROOM,2800.00,2,624000.00,4,2022-04-01,5.38
2022,4,BUKIT TIMAH,5 ROOM,1400.00,1,888000.00,1,2022-04-01,1.89
2022,4,CENTRAL AREA,2 ROOM,1550.00,1,330000.00,1,2022-04-01,5.64
2022,4,CENTRAL AREA,3 ROOM,2400.00,22,436500.00,4,2022-04-01,6.60
2022,4,CENTRAL AREA,4 ROOM,2700.00,7,974000.00,6,2022-04-01,3.33
2022,4,CENTRAL AREA,5 ROOM,3600.00,5,1100000.00,5,2022-04-01,3.93
2022,4,CHOA CHU KANG,3 ROOM,1800.00,5,400000.00,8,2022-04-01,5.40
2022,4,CHOA CHU KANG,4 ROOM,2100.00,39,480000.00,65,2022-04-01,5.25
2022,4,CHOA CHU KANG,5 ROOM,2400.00,43,580000.00,47,2022-04-01,4.97
2022,4,CHOA CHU KANG,EXECUTIVE,2700.00,15,700000.00,7,2022-04-01,4.63
2022,4,CLEMENTI,3 ROOM,2100.00,67,366500.00,22,2022-04-01,6.88
2022,4,CLEMENTI,4 ROOM,2550.00,25,720000.00,30,2022-04-01,4.25
2022,4,CLEMENTI,5 ROOM,3300.00,7,1000000.00,9,2022-04-01,3.96
2022,4,GEYLANG,2 ROOM,1250.00,4,253000.00,1,2022-04-01,5.93
2022,4,GEYLANG,3 ROOM,1900.00,43,358444.00,32,2022-04-01,6.36
2022,4,GEYLANG,4 ROOM,2350.00,25,548500.00,20,2022-04-01,5.14
2022,4,GEYLANG,5 ROOM,2675.00,10,720000.00,5,2022-04-01,4.46
2022,4,HOUGANG,2 ROOM,1800.00,1,299000.00,1,2022-04-01,7.22
2022,4,HOUGANG,3 ROOM,1950.00,40,350000.00,31,2022-04-01,6.69
2022,4,HOUGANG,4 ROOM,2100.00,59,480000.00,54,2022-04-01,5.25
2022,4,HOUGANG,5 ROOM,2450.00,22,600000.00,21,2022-04-01,4.90
2022,4,HOUGANG,EXECUTIVE,3125.00,8,760000.00,8,2022-04-01,4.93
2022,4,JURONG EAST,3 ROOM,2000.00,24,355000.00,13,2022-04-01,6.76
2022,4,JURONG EAST,4 ROOM,2350.00,20,490000.00,5,2022-04-01,5.76
2022,4,JURONG EAST,5 ROOM,2600.00,20,630000.00,11,2022-04-01,4.95
2022,4,JURONG EAST,EXECUTIVE,2750.00,5,769000.00,6,2022-04-01,4.29
2022,4,JURONG WEST,2 ROOM,1600.00,3,285000.00,2,2022-04-01,6.74
2022,4,JURONG WEST,3 ROOM,1800.00,33,312500.00,26,2022-04-01,6.91
2022,4,JURONG WEST,4 ROOM,2400.00,63,485000.00,46,2022-04-01,5.94
2022,4,JURONG WEST,5 ROOM,2400.00,60,540000.00,49,2022-04-01,5.33
2022,4,JURONG WEST,EXECUTIVE,2700.00,25,665944.00,16,2022-04-01,4.87
2022,4,KALLANG/WHAMPOA,3 ROOM,2200.00,52,365000.00,25,2022-04-01,7.23
2022,4,KALLANG/WHAMPOA,4 ROOM,2600.00,26,768000.00,42,2022-04-01,4.06
2022,4,KALLANG/WHAMPOA,5 ROOM,2900.00,12,797500.00,6,2022-04-01,4.36
2022,4,KALLANG/WHAMPOA,EXECUTIVE,3300.00,1,942500.00,2,2022-04-01,4.20
2022,4,MARINE PARADE,3 ROOM,2200.00,23,430000.00,8,2022-04-01,6.14
2022,4,MARINE PARADE,4 ROOM,2100.00,5,505000.00,4,2022-04-01,4.99
2022,4,MARINE PARADE,5 ROOM,3050.00,2,790000.00,6,2022-04-01,4.63
2022,4,PASIR RIS,3 ROOM,1800.00,3,460000.00,1,2022-04-01,4.70
2022,4,PASIR RIS,4 ROOM,2200.00,29,500000.00,31,2022-04-01,5.28
2022,4,PASIR RIS,5 ROOM,2375.00,20,610000.00,21,2022-04-01,4.67
2022,4,PASIR RIS,EXECUTIVE,2500.00,19,730000.00,19,2022-04-01,4.11
2022,4,PUNGGOL,2 ROOM,1300.00,3,308000.00,1,2022-04-01,5.06
2022,4,PUNGGOL,3 ROOM,2300.00,5,440000.00,14,2022-04-01,6.27
2022,4,PUNGGOL,4 ROOM,2400.00,49,550000.00,89,2022-04-01,5.24
2022,4,PUNGGOL,5 ROOM,2200.00,53,592000.00,71,2022-04-01,4.46
2022,4,PUNGGOL,EXECUTIVE,2400.00,9,635000.00,3,2022-04-01,4.54
2022,4,QUEENSTOWN,3 ROOM,2400.00,65,405000.00,19,2022-04-01,7.11
2022,4,QUEENSTOWN,4 ROOM,3000.00,24,838000.00,22,2022-04-01,4.30
2022,4,QUEENSTOWN,5 ROOM,3200.00,20,875000.00,9,2022-04-01,4.39
2022,4,SEMBAWANG,2 ROOM,1475.00,2,300000.00,2,2022-04-01,5.90
2022,4,SEMBAWANG,4 ROOM,2050.00,18,475000.00,26,2022-04-01,5.18
2022,4,SEMBAWANG,5 ROOM,2275.00,28,530000.00,19,2022-04-01,5.15
2022,4,SEMBAWANG,EXECUTIVE,2350.00,9,591500.00,6,2022-04-01,4.77
2022,4,SENGKANG,2 ROOM,1425.00,2,291000.00,2,2022-04-01,5.88
2022,4,SENGKANG,3 ROOM,2500.00,5,408000.00,13,2022-04-01,7.35
2022,4,SENGKANG,4 ROOM,2300.00,83,501444.00,104,2022-04-01,5.50
2022,4,SENGKANG,5 ROOM,2400.00,81,579000.00,70,2022-04-01,4.97
2022,4,SENGKANG,EXECUTIVE,2500.00,16,688000.00,13,2022-04-01,4.36
2022,4,SERANGOON,3 ROOM,1900.00,18,360000.00,5,2022-04-01,6.33
2022,4,SERANGOON,4 ROOM,2600.00,28,500000.00,21,2022-04-01,6.24
2022,4,SERANGOON,5 ROOM,2700.00,9,673444.00,8,2022-04-01,4.81
2022,4,SERANGOON,EXECUTIVE,2300.00,1,976500.00,6,2022-04-01,2.83
2022,4,TAMPINES,3 ROOM,1950.00,53,387444.00,38,2022-04-01,6.04
2022,4,TAMPINES,4 ROOM,2300.00,86,512000.00,55,2022-04-01,5.39
2022,4,TAMPINES,5 ROOM,2400.00,50,625000.00,37,2022-04-01,4.61
2022,4,TAMPINES,EXECUTIVE,2500.00,11,805000.00,15,2022-04-01,3.73
2022,4,TOA PAYOH,2 ROOM,1450.00,6,260000.00,3,2022-04-01,6.69
2022,4,TOA PAYOH,3 ROOM,2000.00,59,315000.00,29,2022-04-01,7.62
2022,4,TOA PAYOH,4 ROOM,2500.00,26,715000.00,15,2022-04-01,4.20
2022,4,TOA PAYOH,5 ROOM,2800.00,16,855000.00,15,2022-04-01,3.93
2022,4,WOODLANDS,2 ROOM,1550.00,3,300000.00,1,2022-04-01,6.20
2022,4,WOODLANDS,3 ROOM,1750.00,13,330000.00,10,2022-04-01,6.36
2022,4,WOODLANDS,4 ROOM,2200.00,58,445000.00,63,2022-04-01,5.93
2022,4,WOODLANDS,5 ROOM,2300.00,44,535000.00,45,2022-04-01,5.16
2022,4,WOODLANDS,EXECUTIVE,2500.00,9,737500.00,19,2022-04-01,4.07
2022,4,YISHUN,2 ROOM,2100.00,3,280000.00,5,2022-04-01,9.00
2022,4,YISHUN,3 ROOM,1900.00,57,351000.00,32,2022-04-01,6.50
2022,4,YISHUN,4 ROOM,2100.00,70,467500.00,78,2022-04-01,5.39
2022,4,YISHUN,5 ROOM,2500.00,24,617000.00,32,2022-04-01,4.86
2022,4,YISHUN,EXECUTIVE,2500.00,8,742194.00,10,2022-04-01,4.04
2022,5,ANG MO KIO,2 ROOM,2100.00,1,274000.00,2,2022-05-01,9.20
2022,5,ANG MO KIO,3 ROOM,2100.00,105,369000.00,44,2022-05-01,6.83
2022,5,ANG MO KIO,4 ROOM,2400.00,44,504000.00,32,2022-05-01,5.71
2022,5,ANG MO KIO,5 ROOM,2650.00,13,720000.00,14,2022-05-01,4.42
2022,5,BEDOK,2 ROOM,1450.00,2,265000.00,3,2022-05-01,6.57
2022,5,BEDOK,3 ROOM,2000.00,97,352000.00,42,2022-05-01,6.82
2022,5,BEDOK,4 ROOM,2500.00,53,457000.00,41,2022-05-01,6.56
2022,5,BEDOK,5 ROOM,2500.00,17,635000.00,22,2022-05-01,4.72
2022,5,BEDOK,EXECUTIVE,2225.00,2,890000.00,5,2022-05-01,3.00
2022,5,BISHAN,3 ROOM,2200.00,15,416000.00,6,2022-05-01,6.35
2022,5,BISHAN,4 ROOM,2750.00,35,598000.00,11,2022-05-01,5.52
2022,5,BISHAN,5 ROOM,2730.00,12,841000.00,12,2022-05-01,3.90
2022,5,BISHAN,EXECUTIVE,3000.00,1,1094000.00,6,2022-05-01,3.29
2022,5,BUKIT BATOK,3 ROOM,1800.00,47,338000.00,23,2022-05-01,6.39
2022,5,BUKIT BATOK,4 ROOM,2500.00,51,490000.00,27,2022-05-01,6.12
2022,5,BUKIT BATOK,5 ROOM,2500.00,24,722000.00,12,2022-05-01,4.16
2022,5,BUKIT BATOK,EXECUTIVE,2800.00,7,750000.00,5,2022-05-01,4.48
2022,5,BUKIT MERAH,1 ROOM,1225.00,2,228500.00,2,2022-05-01,6.43
2022,5,BUKIT MERAH,2 ROOM,1800.00,5,247500.00,2,2022-05-01,8.73
2022,5,BUKIT MERAH,3 ROOM,2200.00,66,330000.00,24,2022-05-01,8.00
2022,5,BUKIT MERAH,4 ROOM,3000.00,48,762500.00,38,2022-05-01,4.72
2022,5,BUKIT MERAH,5 ROOM,3000.00,35,818000.00,25,2022-05-01,4.40
2022,5,BUKIT PANJANG,3 ROOM,2350.00,6,350000.00,3,2022-05-01,8.06
2022,5,BUKIT PANJANG,4 ROOM,2450.00,23,460000.00,37,2022-05-01,6.39
2022,5,BUKIT PANJANG,5 ROOM,2350.00,20,563888.00,23,2022-05-01,5.00
2022,5,BUKIT PANJANG,EXECUTIVE,2400.00,5,720000.00,5,2022-05-01,4.00
2022,5,BUKIT TIMAH,4 ROOM,2700.00,7,780000.00,1,2022-05-01,4.15
2022,5,BUKIT TIMAH,5 ROOM,3400.00,3,870000.00,2,2022-05-01,4.69
2022,5,CENTRAL AREA,3 ROOM,2500.00,16,439000.00,6,2022-05-01,6.83
2022,5,CENTRAL AREA,4 ROOM,3450.00,12,950000.00,7,2022-05-01,4.36
2022,5,CENTRAL AREA,5 ROOM,3950.00,2,1170000.00,3,2022-05-01,4.05
2022,5,CHOA CHU KANG,3 ROOM,2100.00,7,394000.00,8,2022-05-01,6.40
2022,5,CHOA CHU KANG,4 ROOM,2300.00,49,495000.00,57,2022-05-01,5.58
2022,5,CHOA CHU KANG,5 ROOM,2500.00,43,569500.00,36,2022-05-01,5.27
2022,5,CHOA CHU KANG,EXECUTIVE,2700.00,7,689000.00,8,2022-05-01,4.70
2022,5,CLEMENTI,3 ROOM,2225.00,70,419000.00,26,2022-05-01,6.37
2022,5,CLEMENTI,4 ROOM,2675.00,48,675000.00,17,2022-05-01,4.76
2022,5,CLEMENTI,5 ROOM,3200.00,11,952000.00,9,2022-05-01,4.03
2022,5,GEYLANG,2 ROOM,1200.00,1,243000.00,1,2022-05-01,5.93
2022,5,GEYLANG,3 ROOM,1900.00,44,348000.00,18,2022-05-01,6.55
2022,5,GEYLANG,4 ROOM,2400.00,29,582500.00,20,2022-05-01,4.94
2022,5,GEYLANG,5 ROOM,2800.00,8,758750.00,6,2022-05-01,4.43
2022,5,HOUGANG,3 ROOM,1900.00,40,342500.00,20,2022-05-01,6.66
2022,5,HOUGANG,4 ROOM,2200.00,65,496500.00,58,2022-05-01,5.32
2022,5,HOUGANG,5 ROOM,2600.00,24,635000.00,16,2022-05-01,4.91
2022,5,HOUGANG,EXECUTIVE,2500.00,14,803000.00,11,2022-05-01,3.74
2022,5,JURONG EAST,3 ROOM,2050.00,30,340000.00,17,2022-05-01,7.24
2022,5,JURONG EAST,4 ROOM,2300.00,19,510000.00,11,2022-05-01,5.41
2022,5,JURONG EAST,5 ROOM,2750.00,17,668000.00,9,2022-05-01,4.94
2022,5,JURONG EAST,EXECUTIVE,2850.00,10,825000.00,3,2022-05-01,4.15
2022,5,JURONG WEST,2 ROOM,1850.00,2,292500.00,2,2022-05-01,7.59
2022,5,JURONG WEST,3 ROOM,2000.00,54,347500.00,32,2022-05-01,6.91
2022,5,JURONG WEST,4 ROOM,2400.00,80,495000.00,43,2022-05-01,5.82
2022,5,JURONG WEST,5 ROOM,2600.00,67,550000.00,54,2022-05-01,5.67
2022,5,JURONG WEST,EXECUTIVE,2575.00,22,655000.00,18,2022-05-01,4.72
2022,5,KALLANG/WHAMPOA,2 ROOM,1825.00,4,274000.00,2,2022-05-01,7.99
2022,5,KALLANG/WHAMPOA,3 ROOM,2100.00,60,400000.00,36,2022-05-01,6.30
2022,5,KALLANG/WHAMPOA,4 ROOM,2700.00,34,788000.00,39,2022-05-01,4.11
2022,5,KALLANG/WHAMPOA,5 ROOM,3000.00,15,870000.00,9,2022-05-01,4.14
2022,5,MARINE PARADE,3 ROOM,2200.00,22,408000.00,9,2022-05-01,6.47
2022,5,MARINE PARADE,4 ROOM,2550.00,10,526500.00,4,2022-05-01,5.81
2022,5,MARINE PARADE,5 ROOM,3400.00,5,812500.00,4,2022-05-01,5.02
2022,5,PASIR RIS,3 ROOM,2250.00,4,480000.00,3,2022-05-01,5.62
2022,5,PASIR RIS,4 ROOM,2375.00,32,508000.00,23,2022-05-01,5.61
2022,5,PASIR RIS,5 ROOM,2400.00,32,599888.00,27,2022-05-01,4.80
2022,5,PASIR RIS,EXECUTIVE,2800.00,21,770000.00,14,2022-05-01,4.36
2022,5,PUNGGOL,3 ROOM,2400.00,10,430000.00,20,2022-05-01,6.70
2022,5,PUNGGOL,4 ROOM,2200.00,41,550000.00,79,2022-05-01,4.80
2022,5,PUNGGOL,5 ROOM,2325.00,62,549000.00,44,2022-05-01,5.08
2022,5,PUNGGOL,EXECUTIVE,2500.00,3,665000.00,3,2022-05-01,4.51
2022,5,QUEENSTOWN,2 ROOM,1750.00,2,263000.00,1,2022-05-01,7.98
2022,5,QUEENSTOWN,3 ROOM,2200.00,78,362500.00,26,2022-05-01,7.28
2022,5,QUEENSTOWN,4 ROOM,2875.00,30,784000.00,22,2022-05-01,4.40
2022,5,QUEENSTOWN,5 ROOM,3200.00,17,863888.00,13,2022-05-01,4.45
2022,5,SEMBAWANG,2 ROOM,2200.00,3,310000.00,1,2022-05-01,8.52
2022,5,SEMBAWANG,3 ROOM,1650.00,1,425000.00,9,2022-05-01,4.66
2022,5,SEMBAWANG,4 ROOM,2185.00,22,495000.00,25,2022-05-01,5.30
2022,5,SEMBAWANG,5 ROOM,2400.00,27,555000.00,17,2022-05-01,5.19
2022,5,SEMBAWANG,EXECUTIVE,2200.00,9,610888.00,5,2022-05-01,4.32
2022,5,SENGKANG,2 ROOM,1925.00,6,302500.00,8,2022-05-01,7.64
2022,5,SENGKANG,3 ROOM,2000.00,6,422500.00,14,2022-05-01,5.68
2022,5,SENGKANG,4 ROOM,2300.00,68,515000.00,93,2022-05-01,5.36
2022,5,SENGKANG,5 ROOM,2400.00,78,579000.00,72,2022-05-01,4.97
2022,5,SENGKANG,EXECUTIVE,2500.00,18,658000.00,13,2022-05-01,4.56
2022,5,SERANGOON,3 ROOM,2350.00,24,356000.00,7,2022-05-01,7.92
2022,5,SERANGOON,4 ROOM,2375.00,26,542500.00,16,2022-05-01,5.25
2022,5,SERANGOON,5 ROOM,2900.00,7,709000.00,6,2022-05-01,4.91
2022,5,SERANGOON,EXECUTIVE,3250.00,6,844000.00,4,2022-05-01,4.62
2022,5,TAMPINES,2 ROOM,2200.00,2,325000.00,1,2022-05-01,8.12
2022,5,TAMPINES,3 ROOM,2200.00,50,388000.00,29,2022-05-01,6.80
2022,5,TAMPINES,4 ROOM,2350.00,86,509000.00,50,2022-05-01,5.54
2022,5,TAMPINES,5 ROOM,2600.00,52,640000.00,24,2022-05-01,4.88
2022,5,TAMPINES,EXECUTIVE,2800.00,20,809444.00,12,2022-05-01,4.15
2022,5,TOA PAYOH,2 ROOM,1350.00,1,270000.00,3,2022-05-01,6.00
2022,5,TOA PAYOH,3 ROOM,2000.00,66,334000.00,30,2022-05-01,7.19
2022,5,TOA PAYOH,4 ROOM,2600.00,34,670000.00,26,2022-05-01,4.66
2022,5,TOA PAYOH,5 ROOM,2875.00,16,708000.00,11,2022-05-01,4.87
2022,5,WOODLANDS,3 ROOM,2000.00,31,316000.00,21,2022-05-01,7.59
2022,5,WOODLANDS,4 ROOM,2400.00,50,445000.00,67,2022-05-01,6.47
2022,5,WOODLANDS,5 ROOM,2400.00,48,545000.00,46,2022-05-01,5.28
2022,5,WOODLANDS,EXECUTIVE,2275.00,8,814000.00,14,2022-05-01,3.35
2022,5,YISHUN,2 ROOM,1600.00,2,276000.00,2,2022-05-01,6.96
2022,5,YISHUN,3 ROOM,1900.00,59,365000.00,53,2022-05-01,6.25
2022,5,YISHUN,4 ROOM,2275.00,68,469444.00,70,2022-05-01,5.82
2022,5,YISHUN,5 ROOM,2175.00,16,608000.00,27,2022-05-01,4.29
2022,5,YISHUN,EXECUTIVE,2150.00,4,760000.00,5,2022-05-01,3.39
2022,6,ANG MO KIO,3 ROOM,2100.00,115,368000.00,33,2022-06-01,6.85
2022,6,ANG MO KIO,4 ROOM,2500.00,34,505000.00,41,2022-06-01,5.94
2022,6,ANG MO KIO,5 ROOM,2700.00,11,945000.00,17,2022-06-01,3.43
2022,6,BEDOK,2 ROOM,2000.00,3,255000.00,1,2022-06-01,9.41
2022,6,BEDOK,3 ROOM,2000.00,72,340000.00,35,2022-06-01,7.06
2022,6,BEDOK,4 ROOM,2400.00,50,460000.00,29,2022-06-01,6.26
2022,6,BEDOK,5 ROOM,2700.00,29,688500.00,20,2022-06-01,4.71
2022,6,BEDOK,EXECUTIVE,2900.00,1,848888.00,8,2022-06-01,4.10
2022,6,BISHAN,3 ROOM,2325.00,22,466000.00,9,2022-06-01,5.99
2022,6,BISHAN,4 ROOM,2750.00,36,617500.00,18,2022-06-01,5.34
2022,6,BISHAN,5 ROOM,2800.00,17,868000.00,13,2022-06-01,3.87
2022,6,BISHAN,EXECUTIVE,3000.00,3,954000.00,5,2022-06-01,3.77
2022,6,BUKIT BATOK,3 ROOM,2000.00,43,359000.00,22,2022-06-01,6.69
2022,6,BUKIT BATOK,4 ROOM,2400.00,29,497500.00,34,2022-06-01,5.79
2022,6,BUKIT BATOK,5 ROOM,2700.00,17,865000.00,11,2022-06-01,3.75
2022,6,BUKIT BATOK,EXECUTIVE,3200.00,2,750000.00,7,2022-06-01,5.12
2022,6,BUKIT MERAH,1 ROOM,1000.00,1,248000.00,1,2022-06-01,4.84
2022,6,BUKIT MERAH,2 ROOM,1800.00,9,336000.00,2,2022-06-01,6.43
2022,6,BUKIT MERAH,3 ROOM,2200.00,70,365000.00,28,2022-06-01,7.23
2022,6,BUKIT MERAH,4 ROOM,2800.00,54,765000.00,35,2022-06-01,4.39
2022,6,BUKIT MERAH,5 ROOM,3200.00,40,800888.00,17,2022-06-01,4.79
2022,6,BUKIT PANJANG,2 ROOM,1200.00,3,290000.00,5,2022-06-01,4.97
2022,6,BUKIT PANJANG,3 ROOM,1750.00,7,392500.00,4,2022-06-01,5.35
2022,6,BUKIT PANJANG,4 ROOM,2400.00,31,495500.00,44,2022-06-01,5.81
2022,6,BUKIT PANJANG,5 ROOM,2600.00,12,580000.00,24,2022-06-01,5.38
2022,6,BUKIT PANJANG,EXECUTIVE,2400.00,7,800000.00,1,2022-06-01,3.60
2022,6,BUKIT TIMAH,3 ROOM,2000.00,1,368000.00,1,2022-06-01,6.52
2022,6,BUKIT TIMAH,4 ROOM,2900.00,1,600000.00,3,2022-06-01,5.80
2022,6,CENTRAL AREA,3 ROOM,2300.00,21,440000.00,9,2022-06-01,6.27
2022,6,CENTRAL AREA,4 ROOM,3200.00,18,970000.00,9,2022-06-01,3.96
2022,6,CENTRAL AREA,5 ROOM,3800.00,3,1123888.00,1,2022-06-01,4.06
2022,6,CHOA CHU KANG,2 ROOM,1100.00,1,297500.00,2,2022-06-01,4.44
2022,6,CHOA CHU KANG,3 ROOM,2200.00,8,405000.00,8,2022-06-01,6.52
2022,6,CHOA CHU KANG,4 ROOM,2325.00,48,485000.00,50,2022-06-01,5.75
2022,6,CHOA CHU KANG,5 ROOM,2500.00,25,580000.00,40,2022-06-01,5.17
2022,6,CHOA CHU KANG,EXECUTIVE,2550.00,9,705000.00,12,2022-06-01,4.34
2022,6,CLEMENTI,3 ROOM,2300.00,69,368000.00,28,2022-06-01,7.50
2022,6,CLEMENTI,4 ROOM,2800.00,36,808888.00,13,2022-06-01,4.15
2022,6,CLEMENTI,5 ROOM,2700.00,10,850000.00,7,2022-06-01,3.81
2022,6,GEYLANG,2 ROOM,1500.00,3,240000.00,4,2022-06-01,7.50
2022,6,GEYLANG,3 ROOM,2000.00,47,315000.00,19,2022-06-01,7.62
2022,6,GEYLANG,4 ROOM,2500.00,25,586000.00,16,2022-06-01,5.12
2022,6,GEYLANG,5 ROOM,2700.00,7,894000.00,6,2022-06-01,3.62
2022,6,GEYLANG,EXECUTIVE,3575.00,2,952888.00,3,2022-06-01,4.50
2022,6,HOUGANG,3 ROOM,1850.00,33,368000.00,21,2022-06-01,6.03
2022,6,HOUGANG,4 ROOM,2575.00,58,505000.00,53,2022-06-01,6.12
2022,6,HOUGANG,5 ROOM,2475.00,26,599000.00,22,2022-06-01,4.96
2022,6,HOUGANG,EXECUTIVE,2550.00,12,788944.00,12,2022-06-01,3.88
2022,6,JURONG EAST,2 ROOM,2000.00,1,265000.00,1,2022-06-01,9.06
2022,6,JURONG EAST,3 ROOM,1975.00,30,362500.00,14,2022-06-01,6.54
2022,6,JURONG EAST,4 ROOM,2500.00,17,490500.00,10,2022-06-01,6.12
2022,6,JURONG EAST,5 ROOM,2900.00,25,623000.00,12,2022-06-01,5.59
2022,6,JURONG EAST,EXECUTIVE,3400.00,4,717500.00,4,2022-06-01,5.69
2022,6,JURONG WEST,2 ROOM,1700.00,1,325000.00,1,2022-06-01,6.28
2022,6,JURONG WEST,3 ROOM,2000.00,33,339000.00,38,2022-06-01,7.08
2022,6,JURONG WEST,4 ROOM,2500.00,77,449000.00,56,2022-06-01,6.68
2022,6,JURONG WEST,5 ROOM,2700.00,78,550000.00,40,2022-06-01,5.89
2022,6,JURONG WEST,EXECUTIVE,2800.00,25,700000.00,11,2022-06-01,4.80
2022,6,KALLANG/WHAMPOA,2 ROOM,1250.00,2,255000.00,1,2022-06-01,5.88
2022,6,KALLANG/WHAMPOA,3 ROOM,2100.00,50,367500.00,22,2022-06-01,6.86
2022,6,KALLANG/WHAMPOA,4 ROOM,2800.00,33,777500.00,38,2022-06-01,4.32
2022,6,KALLANG/WHAMPOA,5 ROOM,2950.00,14,838888.00,13,2022-06-01,4.22
2022,6,MARINE PARADE,3 ROOM,2200.00,19,396500.00,6,2022-06-01,6.66
2022,6,MARINE PARADE,4 ROOM,2500.00,7,570000.00,5,2022-06-01,5.26
2022,6,MARINE PARADE,5 ROOM,2800.00,2,851500.00,4,2022-06-01,3.95
2022,6,PASIR RIS,3 ROOM,2800.00,1,480000.00,1,2022-06-01,7.00
2022,6,PASIR RIS,4 ROOM,2450.00,22,505000.00,19,2022-06-01,5.82
2022,6,PASIR RIS,5 ROOM,2400.00,27,614000.00,24,2022-06-01,4.69
2022,6,PASIR RIS,EXECUTIVE,2750.00,16,755000.00,28,2022-06-01,4.37
2022,6,PUNGGOL,2 ROOM,2000.00,3,310000.00,3,2022-06-01,7.74
2022,6,PUNGGOL,3 ROOM,2350.00,7,438000.00,12,2022-06-01,6.44
2022,6,PUNGGOL,4 ROOM,2700.00,44,548444.00,86,2022-06-01,5.91
2022,6,PUNGGOL,5 ROOM,2550.00,52,605000.00,60,2022-06-01,5.06
2022,6,PUNGGOL,EXECUTIVE,2150.00,3,648000.00,1,2022-06-01,3.98
2022,6,QUEENSTOWN,3 ROOM,2250.00,63,375000.00,19,2022-06-01,7.20
2022,6,QUEENSTOWN,4 ROOM,2900.00,30,830000.00,27,2022-06-01,4.19
2022,6,QUEENSTOWN,5 ROOM,3200.00,15,885000.00,13,2022-06-01,4.34
2022,6,SEMBAWANG,2 ROOM,1550.00,4,329500.00,2,2022-06-01,5.64
2022,6,SEMBAWANG,4 ROOM,2500.00,33,452000.00,23,2022-06-01,6.64
2022,6,SEMBAWANG,5 ROOM,2425.00,30,568000.00,23,2022-06-01,5.12
2022,6,SEMBAWANG,EXECUTIVE,2500.00,5,625000.00,5,2022-06-01,4.80
2022,6,SENGKANG,2 ROOM,2200.00,3,310000.00,6,2022-06-01,8.52
2022,6,SENGKANG,3 ROOM,2500.00,5,430000.00,20,2022-06-01,6.98
2022,6,SENGKANG,4 ROOM,2400.00,91,520000.00,73,2022-06-01,5.54
2022,6,SENGKANG,5 ROOM,2500.00,103,608888.00,69,2022-06-01,4.93
2022,6,SENGKANG,EXECUTIVE,2680.00,15,687500.00,12,2022-06-01,4.68
2022,6,SERANGOON,3 ROOM,2100.00,21,390000.00,5,2022-06-01,6.46
2022,6,SERANGOON,4 ROOM,2600.00,29,533000.00,9,2022-06-01,5.85
2022,6,SERANGOON,5 ROOM,2650.00,6,688888.00,5,2022-06-01,4.62
2022,6,SERANGOON,EXECUTIVE,2700.00,4,835000.00,3,2022-06-01,3.88
2022,6,TAMPINES,3 ROOM,2300.00,50,391500.00,28,2022-06-01,7.05
2022,6,TAMPINES,4 ROOM,2400.00,57,515500.00,58,2022-06-01,5.59
2022,6,TAMPINES,5 ROOM,2800.00,53,620000.00,39,2022-06-01,5.42
2022,6,TAMPINES,EXECUTIVE,3000.00,20,819444.00,18,2022-06-01,4.39
2022,6,TOA PAYOH,3 ROOM,2150.00,78,328000.00,29,2022-06-01,7.87
2022,6,TOA PAYOH,4 ROOM,2600.00,35,739444.00,18,2022-06-01,4.22
2022,6,TOA PAYOH,5 ROOM,3100.00,5,770000.00,11,2022-06-01,4.83
2022,6,WOODLANDS,2 ROOM,2350.00,1,340000.00,1,2022-06-01,8.29
2022,6,WOODLANDS,3 ROOM,2100.00,20,352500.00,20,2022-06-01,7.15
2022,6,WOODLANDS,4 ROOM,2400.00,61,453500.00,60,2022-06-01,6.35
2022,6,WOODLANDS,5 ROOM,2490.00,61,550000.00,51,2022-06-01,5.43
2022,6,WOODLANDS,EXECUTIVE,3000.00,9,755000.00,19,2022-06-01,4.77
2022,6,YISHUN,2 ROOM,1700.00,2,280500.00,4,2022-06-01,7.27
2022,6,YISHUN,3 ROOM,2000.00,57,360000.00,37,2022-06-01,6.67
2022,6,YISHUN,4 ROOM,2475.00,72,470500.00,66,2022-06-01,6.31
2022,6,YISHUN,5 ROOM,2500.00,30,625000.00,34,2022-06-01,4.80
2022,6,YISHUN,EXECUTIVE,2450.00,12,808000.00,7,2022-06-01,3.64
2022,7,ANG MO KIO,2 ROOM,1700.00,3,243000.00,1,2022-07-01,8.40
2022,7,ANG MO KIO,3 ROOM,2250.00,101,368000.00,51,2022-07-01,7.34
2022,7,ANG MO KIO,4 ROOM,2500.00,31,525000.00,26,2022-07-01,5.71
2022,7,ANG MO KIO,5 ROOM,2950.00,11,854000.00,14,2022-07-01,4.15
2022,7,BEDOK,2 ROOM,1600.00,8,260000.00,3,2022-07-01,7.38
2022,7,BEDOK,3 ROOM,2100.00,100,353800.00,49,2022-07-01,7.12
2022,7,BEDOK,4 ROOM,2500.00,41,460000.00,37,2022-07-01,6.52
2022,7,BEDOK,5 ROOM,2600.00,20,625000.00,30,2022-07-01,4.99
2022,7,BEDOK,EXECUTIVE,3200.00,4,830000.00,8,2022-07-01,4.63
2022,7,BISHAN,3 ROOM,2400.00,11,428000.00,6,2022-07-01,6.73
2022,7,BISHAN,4 ROOM,2600.00,32,630000.00,19,2022-07-01,4.95
2022,7,BISHAN,5 ROOM,3600.00,7,868000.00,11,2022-07-01,4.98
2022,7,BISHAN,EXECUTIVE,3000.00,2,1068000.00,11,2022-07-01,3.37
2022,7,BUKIT BATOK,3 ROOM,2000.00,49,345000.00,23,2022-07-01,6.96
2022,7,BUKIT BATOK,4 ROOM,2500.00,44,515000.00,19,2022-07-01,5.83
2022,7,BUKIT BATOK,5 ROOM,2700.00,12,717500.00,16,2022-07-01,4.52
2022,7,BUKIT BATOK,EXECUTIVE,2900.00,5,799000.00,8,2022-07-01,4.36
2022,7,BUKIT MERAH,2 ROOM,2050.00,10,270000.00,4,2022-07-01,9.11
2022,7,BUKIT MERAH,3 ROOM,2400.00,71,380000.00,32,2022-07-01,7.58
2022,7,BUKIT MERAH,4 ROOM,2900.00,68,768000.00,29,2022-07-01,4.53
2022,7,BUKIT MERAH,5 ROOM,3450.00,25,790000.00,19,2022-07-01,5.24
2022,7,BUKIT PANJANG,2 ROOM,1200.00,3,280000.00,1,2022-07-01,5.14
2022,7,BUKIT PANJANG,3 ROOM,1850.00,8,391500.00,8,2022-07-01,5.67
2022,7,BUKIT PANJANG,4 ROOM,2700.00,35,475000.00,33,2022-07-01,6.82
2022,7,BUKIT PANJANG,5 ROOM,2200.00,16,608944.00,22,2022-07-01,4.34
2022,7,BUKIT PANJANG,EXECUTIVE,2500.00,7,745000.00,10,2022-07-01,4.03
2022,7,BUKIT TIMAH,3 ROOM,2850.00,2,465500.00,2,2022-07-01,7.35
2022,7,BUKIT TIMAH,4 ROOM,3250.00,4,598444.00,4,2022-07-01,6.52
2022,7,BUKIT TIMAH,5 ROOM,3700.00,4,900000.00,1,2022-07-01,4.93
2022,7,CENTRAL AREA,3 ROOM,2550.00,24,458888.00,7,2022-07-01,6.67
2022,7,CENTRAL AREA,4 ROOM,3400.00,7,676888.00,5,2022-07-01,6.03
2022,7,CENTRAL AREA,5 ROOM,3700.00,5,969000.00,2,2022-07-01,4.58
2022,7,CHOA CHU KANG,2 ROOM,1375.00,2,300000.00,1,2022-07-01,5.50
2022,7,CHOA CHU KANG,3 ROOM,2000.00,5,364000.00,6,2022-07-01,6.59
2022,7,CHOA CHU KANG,4 ROOM,2600.00,37,470888.00,51,2022-07-01,6.63
2022,7,CHOA CHU KANG,5 ROOM,2500.00,33,591500.00,36,2022-07-01,5.07
2022,7,CHOA CHU KANG,EXECUTIVE,3000.00,7,735000.00,9,2022-07-01,4.90
2022,7,CLEMENTI,3 ROOM,2375.00,50,384500.00,26,2022-07-01,7.41
2022,7,CLEMENTI,4 ROOM,3050.00,37,609000.00,18,2022-07-01,6.01
2022,7,CLEMENTI,5 ROOM,3175.00,10,840000.00,7,2022-07-01,4.54
2022,7,CLEMENTI,EXECUTIVE,3400.00,1,895000.00,3,2022-07-01,4.56
2022,7,GEYLANG,2 ROOM,1400.00,4,254000.00,2,2022-07-01,6.61
2022,7,GEYLANG,3 ROOM,2200.00,48,315000.00,33,2022-07-01,8.38
2022,7,GEYLANG,4 ROOM,2500.00,24,547500.00,16,2022-07-01,5.48
2022,7,GEYLANG,5 ROOM,2800.00,8,727500.00,8,2022-07-01,4.62
2022,7,GEYLANG,EXECUTIVE,4000.00,1,903000.00,1,2022-07-01,5.32
2022,7,HOUGANG,3 ROOM,2200.00,30,375000.00,27,2022-07-01,7.04
2022,7,HOUGANG,4 ROOM,2500.00,68,507000.00,59,2022-07-01,5.92
2022,7,HOUGANG,5 ROOM,2400.00,24,647000.00,19,2022-07-01,4.45
2022,7,HOUGANG,EXECUTIVE,2650.00,10,838000.00,15,2022-07-01,3.79
2022,7,JURONG EAST,3 ROOM,2225.00,28,358000.00,13,2022-07-01,7.46
2022,7,JURONG EAST,4 ROOM,2600.00,19,459000.00,11,2022-07-01,6.80
2022,7,JURONG EAST,5 ROOM,2800.00,20,600000.00,13,2022-07-01,5.60
2022,7,JURONG EAST,EXECUTIVE,2450.00,4,850944.00,4,2022-07-01,3.45
2022,7,JURONG WEST,2 ROOM,900.00,2,300000.00,1,2022-07-01,3.60
2022,7,JURONG WEST,3 ROOM,2000.00,36,339000.00,30,2022-07-01,7.08
2022,7,JURONG WEST,4 ROOM,2700.00,81,470000.00,50,2022-07-01,6.89
2022,7,JURONG WEST,5 ROOM,2800.00,61,560000.00,39,2022-07-01,6.00
2022,7,JURONG WEST,EXECUTIVE,2600.00,26,660000.00,17,2022-07-01,4.73
2022,7,KALLANG/WHAMPOA,3 ROOM,2500.00,47,383000.00,39,2022-07-01,7.83
2022,7,KALLANG/WHAMPOA,4 ROOM,2850.00,34,772500.00,48,2022-07-01,4.43
2022,7,KALLANG/WHAMPOA,5 ROOM,3200.00,17,798000.00,11,2022-07-01,4.81
2022,7,MARINE PARADE,3 ROOM,2200.00,21,407500.00,4,2022-07-01,6.48
2022,7,MARINE PARADE,4 ROOM,2500.00,7,589000.00,4,2022-07-01,5.09
2022,7,MARINE PARADE,5 ROOM,1700.00,1,826240.00,8,2022-07-01,2.47
2022,7,PASIR RIS,3 ROOM,1700.00,1,538000.00,1,2022-07-01,3.79
2022,7,PASIR RIS,4 ROOM,2500.00,32,518000.00,25,2022-07-01,5.79
2022,7,PASIR RIS,5 ROOM,2425.00,18,615000.00,24,2022-07-01,4.73
2022,7,PASIR RIS,EXECUTIVE,3000.00,14,780000.00,26,2022-07-01,4.62
2022,7,PUNGGOL,2 ROOM,1900.00,3,312500.00,4,2022-07-01,7.30
2022,7,PUNGGOL,3 ROOM,2750.00,6,426500.00,16,2022-07-01,7.74
2022,7,PUNGGOL,4 ROOM,2700.00,53,550000.00,99,2022-07-01,5.89
2022,7,PUNGGOL,5 ROOM,2500.00,51,650000.00,67,2022-07-01,4.62
2022,7,PUNGGOL,EXECUTIVE,2600.00,3,677000.00,3,2022-07-01,4.61
2022,7,QUEENSTOWN,2 ROOM,1500.00,1,349000.00,2,2022-07-01,5.16
2022,7,QUEENSTOWN,3 ROOM,2400.00,66,370000.00,26,2022-07-01,7.78
2022,7,QUEENSTOWN,4 ROOM,3150.00,39,852500.00,26,2022-07-01,4.43
2022,7,QUEENSTOWN,5 ROOM,3475.00,20,980000.00,11,2022-07-01,4.26
2022,7,SEMBAWANG,2 ROOM,400.00,1,315500.00,2,2022-07-01,1.52
2022,7,SEMBAWANG,3 ROOM,2175.00,2,440000.00,1,2022-07-01,5.93
2022,7,SEMBAWANG,4 ROOM,2300.00,18,521000.00,26,2022-07-01,5.30
2022,7,SEMBAWANG,5 ROOM,2300.00,29,551000.00,24,2022-07-01,5.01
2022,7,SEMBAWANG,EXECUTIVE,3300.00,9,611388.00,8,2022-07-01,6.48
2022,7,SENGKANG,2 ROOM,1400.00,3,310000.00,4,2022-07-01,5.42
2022,7,SENGKANG,3 ROOM,2000.00,7,436500.00,18,2022-07-01,5.50
2022,7,SENGKANG,4 ROOM,2700.00,65,530000.00,121,2022-07-01,6.11
2022,7,SENGKANG,5 ROOM,2700.00,73,623000.00,70,2022-07-01,5.20
2022,7,SENGKANG,EXECUTIVE,2650.00,14,695000.00,12,2022-07-01,4.58
2022,7,SERANGOON,3 ROOM,2200.00,27,388000.00,7,2022-07-01,6.80
2022,7,SERANGOON,4 ROOM,2700.00,15,523444.00,18,2022-07-01,6.19
2022,7,SERANGOON,5 ROOM,3000.00,9,769000.00,10,2022-07-01,4.68
2022,7,SERANGOON,EXECUTIVE,2900.00,4,838000.00,6,2022-07-01,4.15
2022,7,TAMPINES,3 ROOM,2200.00,53,390000.00,29,2022-07-01,6.77
2022,7,TAMPINES,4 ROOM,2600.00,71,520000.00,60,2022-07-01,6.00
2022,7,TAMPINES,5 ROOM,2800.00,39,650000.00,29,2022-07-01,5.17
2022,7,TAMPINES,EXECUTIVE,2600.00,11,840000.00,19,2022-07-01,3.71
2022,7,TOA PAYOH,3 ROOM,2200.00,68,330500.00,38,2022-07-01,7.99
2022,7,TOA PAYOH,4 ROOM,2700.00,27,730000.00,31,2022-07-01,4.44
2022,7,TOA PAYOH,5 ROOM,3500.00,15,854000.00,18,2022-07-01,4.92
2022,7,TOA PAYOH,EXECUTIVE,2550.00,1,955000.00,1,2022-07-01,3.20
2022,7,WOODLANDS,2 ROOM,1800.00,3,265000.00,1,2022-07-01,8.15
2022,7,WOODLANDS,3 ROOM,1875.00,20,333000.00,17,2022-07-01,6.76
2022,7,WOODLANDS,4 ROOM,2500.00,58,459000.00,68,2022-07-01,6.54
2022,7,WOODLANDS,5 ROOM,2600.00,48,545000.00,43,2022-07-01,5.72
2022,7,WOODLANDS,EXECUTIVE,2800.00,15,752000.00,13,2022-07-01,4.47
2022,7,YISHUN,3 ROOM,2100.00,47,360000.00,46,2022-07-01,7.00
2022,7,YISHUN,4 ROOM,2125.00,62,470000.00,87,2022-07-01,5.43
2022,7,YISHUN,5 ROOM,2300.00,22,608000.00,36,2022-07-01,4.54
2022,7,YISHUN,EXECUTIVE,2700.00,5,727500.00,10,2022-07-01,4.45
2022,8,ANG MO KIO,2 ROOM,2100.00,2,255000.00,3,2022-08-01,9.88
2022,8,ANG MO KIO,3 ROOM,2250.00,101,367888.00,65,2022-08-01,7.34
2022,8,ANG MO KIO,4 ROOM,2600.00,45,475000.00,19,2022-08-01,6.57
2022,8,ANG MO KIO,5 ROOM,3200.00,15,749000.00,14,2022-08-01,5.13
2022,8,BEDOK,2 ROOM,1575.00,2,284500.00,4,2022-08-01,6.64
2022,8,BEDOK,3 ROOM,2385.00,64,350000.00,44,2022-08-01,8.18
2022,8,BEDOK,4 ROOM,2300.00,47,470000.00,43,2022-08-01,5.87
2022,8,BEDOK,5 ROOM,3050.00,18,674000.00,40,2022-08-01,5.43
2022,8,BEDOK,EXECUTIVE,3200.00,3,869888.00,5,2022-08-01,4.41
2022,8,BISHAN,3 ROOM,2500.00,14,315000.00,1,2022-08-01,9.52
2022,8,BISHAN,4 ROOM,2800.00,30,670000.00,13,2022-08-01,5.01
2022,8,BISHAN,5 ROOM,3000.00,9,805000.00,12,2022-08-01,4.47
2022,8,BISHAN,EXECUTIVE,3250.00,2,969000.00,4,2022-08-01,4.02
2022,8,BUKIT BATOK,3 ROOM,2000.00,37,350000.00,31,2022-08-01,6.86
2022,8,BUKIT BATOK,4 ROOM,2600.00,33,488000.00,41,2022-08-01,6.39
2022,8,BUKIT BATOK,5 ROOM,2800.00,16,650000.00,13,2022-08-01,5.17
2022,8,BUKIT BATOK,EXECUTIVE,2800.00,3,772500.00,14,2022-08-01,4.35
2022,8,BUKIT MERAH,2 ROOM,1900.00,3,248000.00,1,2022-08-01,9.19
2022,8,BUKIT MERAH,3 ROOM,2400.00,50,389000.00,26,2022-08-01,7.40
2022,8,BUKIT MERAH,4 ROOM,3100.00,48,763400.00,28,2022-08-01,4.87
2022,8,BUKIT MERAH,5 ROOM,3600.00,23,880000.00,27,2022-08-01,4.91
2022,8,BUKIT PANJANG,3 ROOM,1800.00,13,382000.00,7,2022-08-01,5.65
2022,8,BUKIT PANJANG,4 ROOM,2400.00,23,470000.00,48,2022-08-01,6.13
2022,8,BUKIT PANJANG,5 ROOM,3000.00,25,622500.00,22,2022-08-01,5.78
2022,8,BUKIT PANJANG,EXECUTIVE,2800.00,3,757500.00,8,2022-08-01,4.44
2022,8,BUKIT TIMAH,3 ROOM,3250.00,2,439000.00,2,2022-08-01,8.88
2022,8,BUKIT TIMAH,4 ROOM,2680.00,1,651500.00,2,2022-08-01,4.94
2022,8,CENTRAL AREA,3 ROOM,2550.00,24,465000.00,6,2022-08-01,6.58
2022,8,CENTRAL AREA,4 ROOM,3350.00,14,635000.00,7,2022-08-01,6.33
2022,8,CENTRAL AREA,5 ROOM,3900.00,6,1155000.00,2,2022-08-01,4.05
2022,8,CHOA CHU KANG,2 ROOM,2200.00,1,290000.00,3,2022-08-01,9.10
2022,8,CHOA CHU KANG,3 ROOM,1900.00,5,372500.00,8,2022-08-01,6.12
2022,8,CHOA CHU KANG,4 ROOM,2575.00,32,500000.00,46,2022-08-01,6.18
2022,8,CHOA CHU KANG,5 ROOM,2500.00,24,560000.00,33,2022-08-01,5.36
2022,8,CHOA CHU KANG,EXECUTIVE,3100.00,12,691000.00,6,2022-08-01,5.38
2022,8,CLEMENTI,3 ROOM,2500.00,52,385000.00,27,2022-08-01,7.79
2022,8,CLEMENTI,4 ROOM,3150.00,28,572000.00,19,2022-08-01,6.61
2022,8,CLEMENTI,5 ROOM,3000.00,11,812500.00,8,2022-08-01,4.43
2022,8,GEYLANG,3 ROOM,2125.00,36,326000.00,23,2022-08-01,7.82
2022,8,GEYLANG,4 ROOM,2650.00,24,565000.00,25,2022-08-01,5.63
2022,8,GEYLANG,5 ROOM,3350.00,8,787500.00,4,2022-08-01,5.10
2022,8,HOUGANG,3 ROOM,2150.00,41,370000.00,28,2022-08-01,6.97
2022,8,HOUGANG,4 ROOM,2450.00,46,492500.00,46,2022-08-01,5.97
2022,8,HOUGANG,5 ROOM,2800.00,21,646000.00,23,2022-08-01,5.20
2022,8,HOUGANG,EXECUTIVE,3000.00,5,800000.00,12,2022-08-01,4.50
2022,8,JURONG EAST,3 ROOM,2200.00,23,355000.00,17,2022-08-01,7.44
2022,8,JURONG EAST,4 ROOM,2800.00,26,450000.00,24,2022-08-01,7.47
2022,8,JURONG EAST,5 ROOM,3000.00,21,578000.00,11,2022-08-01,6.23
2022,8,JURONG EAST,EXECUTIVE,2900.00,4,790000.00,3,2022-08-01,4.41
2022,8,JURONG WEST,3 ROOM,2075.00,22,340000.00,21,2022-08-01,7.32
2022,8,JURONG WEST,4 ROOM,2675.00,60,480000.00,50,2022-08-01,6.69
2022,8,JURONG WEST,5 ROOM,2825.00,68,545500.00,48,2022-08-01,6.21
2022,8,JURONG WEST,EXECUTIVE,2700.00,13,671500.00,16,2022-08-01,4.83
2022,8,KALLANG/WHAMPOA,2 ROOM,1925.00,4,278000.00,3,2022-08-01,8.31
2022,8,KALLANG/WHAMPOA,3 ROOM,2300.00,46,419500.00,28,2022-08-01,6.58
2022,8,KALLANG/WHAMPOA,4 ROOM,2900.00,26,780000.00,27,2022-08-01,4.46
2022,8,KALLANG/WHAMPOA,5 ROOM,3200.00,13,780000.00,7,2022-08-01,4.92
2022,8,MARINE PARADE,3 ROOM,2200.00,15,417500.00,8,2022-08-01,6.32
2022,8,MARINE PARADE,4 ROOM,2950.00,11,502500.00,2,2022-08-01,7.04
2022,8,MARINE PARADE,5 ROOM,3250.00,4,875000.00,7,2022-08-01,4.46
2022,8,PASIR RIS,3 ROOM,2600.00,3,523000.00,3,2022-08-01,5.97
2022,8,PASIR RIS,4 ROOM,2650.00,30,520000.00,23,2022-08-01,6.12
2022,8,PASIR RIS,5 ROOM,2900.00,24,630000.00,23,2022-08-01,5.52
2022,8,PASIR RIS,EXECUTIVE,3000.00,22,748000.00,13,2022-08-01,4.81
2022,8,PUNGGOL,2 ROOM,2500.00,5,315000.00,1,2022-08-01,9.52
2022,8,PUNGGOL,3 ROOM,2600.00,7,445000.00,19,2022-08-01,7.01
2022,8,PUNGGOL,4 ROOM,2700.00,57,550000.00,61,2022-08-01,5.89
2022,8,PUNGGOL,5 ROOM,2800.00,48,565000.00,45,2022-08-01,5.95
2022,8,PUNGGOL,EXECUTIVE,3050.00,4,635000.00,1,2022-08-01,5.76
2022,8,QUEENSTOWN,2 ROOM,2225.00,4,239000.00,2,2022-08-01,11.17
2022,8,QUEENSTOWN,3 ROOM,2500.00,73,399444.00,28,2022-08-01,7.51
2022,8,QUEENSTOWN,4 ROOM,3300.00,24,842500.00,20,2022-08-01,4.70
2022,8,QUEENSTOWN,5 ROOM,3500.00,7,995000.00,9,2022-08-01,4.22
2022,8,SEMBAWANG,2 ROOM,1780.00,3,318000.00,7,2022-08-01,6.72
2022,8,SEMBAWANG,3 ROOM,2175.00,2,424000.00,9,2022-08-01,6.16
2022,8,SEMBAWANG,4 ROOM,2400.00,18,505400.00,20,2022-08-01,5.70
2022,8,SEMBAWANG,5 ROOM,2400.00,30,550000.00,13,2022-08-01,5.24
2022,8,SEMBAWANG,EXECUTIVE,2900.00,12,640500.00,4,2022-08-01,5.43
2022,8,SENGKANG,2 ROOM,1900.00,5,330000.00,9,2022-08-01,6.91
2022,8,SENGKANG,3 ROOM,2500.00,8,430000.00,13,2022-08-01,6.98
2022,8,SENGKANG,4 ROOM,2500.00,56,531000.00,108,2022-08-01,5.65
2022,8,SENGKANG,5 ROOM,2800.00,61,589000.00,70,2022-08-01,5.70
2022,8,SENGKANG,EXECUTIVE,2700.00,7,730000.00,7,2022-08-01,4.44
2022,8,SERANGOON,3 ROOM,2325.00,26,355500.00,6,2022-08-01,7.85
2022,8,SERANGOON,4 ROOM,2800.00,26,519444.00,18,2022-08-01,6.47
2022,8,SERANGOON,5 ROOM,2650.00,12,583888.00,5,2022-08-01,5.45
2022,8,SERANGOON,EXECUTIVE,2750.00,6,898000.00,7,2022-08-01,3.67
2022,8,TAMPINES,3 ROOM,2300.00,43,403500.00,26,2022-08-01,6.84
2022,8,TAMPINES,4 ROOM,2500.00,61,545000.00,49,2022-08-01,5.50
2022,8,TAMPINES,5 ROOM,2850.00,44,658500.00,46,2022-08-01,5.19
2022,8,TAMPINES,EXECUTIVE,3000.00,11,838888.00,29,2022-08-01,4.29
2022,8,TOA PAYOH,2 ROOM,1600.00,3,270000.00,1,2022-08-01,7.11
2022,8,TOA PAYOH,3 ROOM,2200.00,64,346500.00,46,2022-08-01,7.62
2022,8,TOA PAYOH,4 ROOM,3000.00,22,763000.00,32,2022-08-01,4.72
2022,8,TOA PAYOH,5 ROOM,3050.00,20,1019000.00,14,2022-08-01,3.59
2022,8,WOODLANDS,2 ROOM,1200.00,7,298000.00,3,2022-08-01,4.83
2022,8,WOODLANDS,3 ROOM,1900.00,13,354000.00,26,2022-08-01,6.44
2022,8,WOODLANDS,4 ROOM,2550.00,50,468500.00,74,2022-08-01,6.53
2022,8,WOODLANDS,5 ROOM,2600.00,48,562888.00,47,2022-08-01,5.54
2022,8,WOODLANDS,EXECUTIVE,2900.00,7,770000.00,20,2022-08-01,4.52
2022,8,YISHUN,2 ROOM,1600.00,5,298000.00,5,2022-08-01,6.44
2022,8,YISHUN,3 ROOM,2100.00,45,366500.00,52,2022-08-01,6.88
2022,8,YISHUN,4 ROOM,2700.00,53,480000.00,107,2022-08-01,6.75
2022,8,YISHUN,5 ROOM,2500.00,22,580000.00,33,2022-08-01,5.17
2022,8,YISHUN,EXECUTIVE,3300.00,5,778000.00,7,2022-08-01,5.09
2022,9,ANG MO KIO,2 ROOM,2125.00,4,285000.00,1,2022-09-01,8.95
2022,9,ANG MO KIO,3 ROOM,2300.00,85,365500.00,54,2022-09-01,7.55
2022,9,ANG MO KIO,4 ROOM,2650.00,30,530000.00,19,2022-09-01,6.00
2022,9,ANG MO KIO,5 ROOM,3200.00,13,800000.00,25,2022-09-01,4.80
2022,9,ANG MO KIO,EXECUTIVE,3650.00,2,930000.00,1,2022-09-01,4.71
2022,9,BEDOK,2 ROOM,2500.00,1,350000.00,1,2022-09-01,8.57
2022,9,BEDOK,3 ROOM,2275.00,84,361000.00,53,2022-09-01,7.56
2022,9,BEDOK,4 ROOM,2600.00,49,510000.00,45,2022-09-01,6.12
2022,9,BEDOK,5 ROOM,3000.00,21,695000.00,23,2022-09-01,5.18
2022,9,BEDOK,EXECUTIVE,3250.00,6,810000.00,10,2022-09-01,4.81
2022,9,BISHAN,3 ROOM,2200.00,10,400000.00,6,2022-09-01,6.60
2022,9,BISHAN,4 ROOM,3000.00,27,640000.00,19,2022-09-01,5.62
2022,9,BISHAN,5 ROOM,3600.00,13,868000.00,19,2022-09-01,4.98
2022,9,BUKIT BATOK,2 ROOM,1000.00,1,350000.00,1,2022-09-01,3.43
2022,9,BUKIT BATOK,3 ROOM,2300.00,29,359000.00,29,2022-09-01,7.69
2022,9,BUKIT BATOK,4 ROOM,2475.00,30,492500.00,32,2022-09-01,6.03
2022,9,BUKIT BATOK,5 ROOM,3300.00,10,735000.00,13,2022-09-01,5.39
2022,9,BUKIT BATOK,EXECUTIVE,3175.00,4,810444.00,8,2022-09-01,4.70
2022,9,BUKIT MERAH,2 ROOM,2150.00,6,345000.00,4,2022-09-01,7.48
2022,9,BUKIT MERAH,3 ROOM,2300.00,51,360000.00,33,2022-09-01,7.67
2022,9,BUKIT MERAH,4 ROOM,3300.00,44,750000.00,30,2022-09-01,5.28
2022,9,BUKIT MERAH,5 ROOM,3275.00,24,946444.00,18,2022-09-01,4.15
2022,9,BUKIT PANJANG,2 ROOM,1500.00,1,290000.00,3,2022-09-01,6.21
2022,9,BUKIT PANJANG,3 ROOM,2575.00,10,390000.00,7,2022-09-01,7.92
2022,9,BUKIT PANJANG,4 ROOM,2500.00,24,468500.00,35,2022-09-01,6.40
2022,9,BUKIT PANJANG,5 ROOM,2900.00,26,595000.00,37,2022-09-01,5.85
2022,9,BUKIT PANJANG,EXECUTIVE,3175.00,4,780000.00,6,2022-09-01,4.88
2022,9,BUKIT TIMAH,3 ROOM,2600.00,5,490000.00,1,2022-09-01,6.37
2022,9,BUKIT TIMAH,4 ROOM,3750.00,2,565000.00,3,2022-09-01,7.96
2022,9,BUKIT TIMAH,5 ROOM,3500.00,1,901500.00,2,2022-09-01,4.66
2022,9,CENTRAL AREA,2 ROOM,2500.00,1,309500.00,2,2022-09-01,9.69
2022,9,CENTRAL AREA,3 ROOM,2650.00,20,466500.00,12,2022-09-01,6.82
2022,9,CENTRAL AREA,4 ROOM,3600.00,15,700000.00,11,2022-09-01,6.17
2022,9,CENTRAL AREA,5 ROOM,4400.00,1,1094444.00,2,2022-09-01,4.82
2022,9,CHOA CHU KANG,3 ROOM,2500.00,2,394000.00,8,2022-09-01,7.61
2022,9,CHOA CHU KANG,4 ROOM,2550.00,44,500000.00,67,2022-09-01,6.12
2022,9,CHOA CHU KANG,5 ROOM,2500.00,42,600000.00,58,2022-09-01,5.00
2022,9,CHOA CHU KANG,EXECUTIVE,2500.00,8,750000.00,11,2022-09-01,4.00
2022,9,CLEMENTI,3 ROOM,2300.00,56,395000.00,21,2022-09-01,6.99
2022,9,CLEMENTI,4 ROOM,3000.00,27,540000.00,17,2022-09-01,6.67
2022,9,CLEMENTI,5 ROOM,3700.00,7,1080000.00,3,2022-09-01,4.11
2022,9,CLEMENTI,EXECUTIVE,3000.00,5,927000.00,1,2022-09-01,3.88
2022,9,GEYLANG,3 ROOM,2300.00,34,322500.00,32,2022-09-01,8.56
2022,9,GEYLANG,4 ROOM,2750.00,24,551444.00,18,2022-09-01,5.98
2022,9,GEYLANG,5 ROOM,3300.00,7,755000.00,9,2022-09-01,5.25
2022,9,GEYLANG,EXECUTIVE,4050.00,1,825944.00,4,2022-09-01,5.88
2022,9,HOUGANG,2 ROOM,1800.00,1,306400.00,2,2022-09-01,7.05
2022,9,HOUGANG,3 ROOM,2200.00,34,370000.00,34,2022-09-01,7.14
2022,9,HOUGANG,4 ROOM,2700.00,41,510000.00,54,2022-09-01,6.35
2022,9,HOUGANG,5 ROOM,2800.00,20,668000.00,21,2022-09-01,5.03
2022,9,HOUGANG,EXECUTIVE,3150.00,6,822000.00,11,2022-09-01,4.60
2022,9,JURONG EAST,2 ROOM,800.00,1,285000.00,1,2022-09-01,3.37
2022,9,JURONG EAST,3 ROOM,2300.00,23,355000.00,13,2022-09-01,7.77
2022,9,JURONG EAST,4 ROOM,2600.00,31,490000.00,14,2022-09-01,6.37
2022,9,JURONG EAST,5 ROOM,3000.00,11,638000.00,15,2022-09-01,5.64
2022,9,JURONG EAST,EXECUTIVE,3500.00,5,750000.00,3,2022-09-01,5.60
2022,9,JURONG WEST,2 ROOM,2300.00,1,311500.00,4,2022-09-01,8.86
2022,9,JURONG WEST,3 ROOM,2200.00,29,333000.00,30,2022-09-01,7.93
2022,9,JURONG WEST,4 ROOM,2600.00,62,475000.00,56,2022-09-01,6.57
2022,9,JURONG WEST,5 ROOM,2900.00,49,575000.00,53,2022-09-01,6.05
2022,9,JURONG WEST,EXECUTIVE,2600.00,9,662500.00,16,2022-09-01,4.71
2022,9,KALLANG/WHAMPOA,3 ROOM,2400.00,43,370000.00,23,2022-09-01,7.78
2022,9,KALLANG/WHAMPOA,4 ROOM,2900.00,35,783000.00,37,2022-09-01,4.44
2022,9,KALLANG/WHAMPOA,5 ROOM,3300.00,9,881500.00,16,2022-09-01,4.49
2022,9,KALLANG/WHAMPOA,EXECUTIVE,2600.00,1,1000000.00,5,2022-09-01,3.12
2022,9,MARINE PARADE,3 ROOM,2425.00,20,419000.00,12,2022-09-01,6.95
2022,9,MARINE PARADE,4 ROOM,3000.00,8,555000.00,7,2022-09-01,6.49
2022,9,MARINE PARADE,5 ROOM,1800.00,1,891500.00,2,2022-09-01,2.42
2022,9,PASIR RIS,3 ROOM,1800.00,1,469000.00,2,2022-09-01,4.61
2022,9,PASIR RIS,4 ROOM,2400.00,37,512000.00,25,2022-09-01,5.62
2022,9,PASIR RIS,5 ROOM,2825.00,24,620000.00,21,2022-09-01,5.47
2022,9,PASIR RIS,EXECUTIVE,3100.00,16,827500.00,18,2022-09-01,4.50
2022,9,PUNGGOL,2 ROOM,1550.00,2,316500.00,2,2022-09-01,5.88
2022,9,PUNGGOL,3 ROOM,2900.00,13,440000.00,18,2022-09-01,7.91
2022,9,PUNGGOL,4 ROOM,3150.00,42,565000.00,97,2022-09-01,6.69
2022,9,PUNGGOL,5 ROOM,3000.00,61,612000.00,77,2022-09-01,5.88
2022,9,PUNGGOL,EXECUTIVE,3300.00,3,657444.00,2,2022-09-01,6.02
2022,9,QUEENSTOWN,2 ROOM,1650.00,2,327500.00,2,2022-09-01,6.05
2022,9,QUEENSTOWN,3 ROOM,2700.00,53,412000.00,39,2022-09-01,7.86
2022,9,QUEENSTOWN,4 ROOM,3500.00,20,872500.00,38,2022-09-01,4.81
2022,9,QUEENSTOWN,5 ROOM,3550.00,13,868000.00,9,2022-09-01,4.91
2022,9,SEMBAWANG,2 ROOM,2300.00,5,313000.00,6,2022-09-01,8.82
2022,9,SEMBAWANG,4 ROOM,2700.00,32,508000.00,41,2022-09-01,6.38
2022,9,SEMBAWANG,5 ROOM,2600.00,23,591000.00,36,2022-09-01,5.28
2022,9,SEMBAWANG,EXECUTIVE,3450.00,6,642500.00,8,2022-09-01,6.44
2022,9,SENGKANG,2 ROOM,1800.00,6,320000.00,9,2022-09-01,6.75
2022,9,SENGKANG,3 ROOM,2000.00,3,460000.00,14,2022-09-01,5.22
2022,9,SENGKANG,4 ROOM,2800.00,82,550000.00,95,2022-09-01,6.11
2022,9,SENGKANG,5 ROOM,2800.00,61,587500.00,80,2022-09-01,5.72
2022,9,SENGKANG,EXECUTIVE,3050.00,18,728000.00,15,2022-09-01,5.03
2022,9,SERANGOON,3 ROOM,2650.00,23,389000.00,8,2022-09-01,8.17
2022,9,SERANGOON,4 ROOM,2600.00,19,535000.00,23,2022-09-01,5.83
2022,9,SERANGOON,5 ROOM,3100.00,11,690000.00,3,2022-09-01,5.39
2022,9,SERANGOON,EXECUTIVE,3000.00,1,925500.00,6,2022-09-01,3.89
2022,9,TAMPINES,2 ROOM,2100.00,3,335000.00,1,2022-09-01,7.52
2022,9,TAMPINES,3 ROOM,2600.00,37,397500.00,38,2022-09-01,7.85
2022,9,TAMPINES,4 ROOM,2525.00,58,530000.00,50,2022-09-01,5.72
2022,9,TAMPINES,5 ROOM,3000.00,33,637500.00,44,2022-09-01,5.65
2022,9,TAMPINES,EXECUTIVE,2900.00,13,872500.00,16,2022-09-01,3.99
2022,9,TOA PAYOH,2 ROOM,1500.00,7,275000.00,2,2022-09-01,6.55
2022,9,TOA PAYOH,3 ROOM,2500.00,47,350000.00,35,2022-09-01,8.57
2022,9,TOA PAYOH,4 ROOM,2700.00,20,715000.00,32,2022-09-01,4.53
2022,9,TOA PAYOH,5 ROOM,3200.00,17,868000.00,7,2022-09-01,4.42
2022,9,TOA PAYOH,EXECUTIVE,3800.00,3,986000.00,3,2022-09-01,4.62
2022,9,WOODLANDS,2 ROOM,2100.00,3,305888.00,3,2022-09-01,8.24
2022,9,WOODLANDS,3 ROOM,2040.00,16,337500.00,24,2022-09-01,7.25
2022,9,WOODLANDS,4 ROOM,2400.00,57,478000.00,87,2022-09-01,6.03
2022,9,WOODLANDS,5 ROOM,2600.00,49,568000.00,61,2022-09-01,5.49
2022,9,WOODLANDS,EXECUTIVE,2500.00,12,825000.00,20,2022-09-01,3.64
2022,9,YISHUN,2 ROOM,1300.00,1,300000.00,4,2022-09-01,5.20
2022,9,YISHUN,3 ROOM,2150.00,44,365000.00,47,2022-09-01,7.07
2022,9,YISHUN,4 ROOM,2350.00,54,470000.00,109,2022-09-01,6.00
2022,9,YISHUN,5 ROOM,2950.00,24,635000.00,35,2022-09-01,5.57
2022,9,YISHUN,EXECUTIVE,3400.00,8,760000.00,8,2022-09-01,5.37
2022,10,ANG MO KIO,2 ROOM,1300.00,1,289000.00,2,2022-10-01,5.40
2022,10,ANG MO KIO,3 ROOM,2300.00,101,359000.00,34,2022-10-01,7.69
2022,10,ANG MO KIO,4 ROOM,2800.00,39,509000.00,18,2022-10-01,6.60
2022,10,ANG MO KIO,5 ROOM,2900.00,11,788888.00,15,2022-10-01,4.41
2022,10,ANG MO KIO,EXECUTIVE,2900.00,1,1100000.00,1,2022-10-01,3.16
2022,10,BEDOK,3 ROOM,2300.00,82,365000.00,39,2022-10-01,7.56
2022,10,BEDOK,4 ROOM,2825.00,50,480000.00,34,2022-10-01,7.06
2022,10,BEDOK,5 ROOM,2700.00,22,665000.00,16,2022-10-01,4.87
2022,10,BEDOK,EXECUTIVE,3600.00,7,765944.00,4,2022-10-01,5.64
2022,10,BISHAN,3 ROOM,2550.00,16,476500.00,4,2022-10-01,6.42
2022,10,BISHAN,4 ROOM,3400.00,24,664444.00,14,2022-10-01,6.14
2022,10,BISHAN,5 ROOM,3000.00,13,855000.00,17,2022-10-01,4.21
2022,10,BISHAN,EXECUTIVE,5550.00,2,1120000.00,3,2022-10-01,5.95
2022,10,BUKIT BATOK,3 ROOM,2050.00,44,356500.00,26,2022-10-01,6.90
2022,10,BUKIT BATOK,4 ROOM,2600.00,29,500000.00,37,2022-10-01,6.24
2022,10,BUKIT BATOK,5 ROOM,3100.00,9,640000.00,13,2022-10-01,5.81
2022,10,BUKIT BATOK,EXECUTIVE,2800.00,5,760000.00,5,2022-10-01,4.42
2022,10,BUKIT MERAH,2 ROOM,2050.00,6,265000.00,1,2022-10-01,9.28
2022,10,BUKIT MERAH,3 ROOM,2500.00,61,411944.00,26,2022-10-01,7.28
2022,10,BUKIT MERAH,4 ROOM,3300.00,53,792500.00,22,2022-10-01,5.00
2022,10,BUKIT MERAH,5 ROOM,3675.00,30,898000.00,27,2022-10-01,4.91
2022,10,BUKIT PANJANG,3 ROOM,1900.00,7,365500.00,10,2022-10-01,6.24
2022,10,BUKIT PANJANG,4 ROOM,2800.00,28,480000.00,27,2022-10-01,7.00
2022,10,BUKIT PANJANG,5 ROOM,2800.00,22,625000.00,16,2022-10-01,5.38
2022,10,BUKIT PANJANG,EXECUTIVE,3300.00,5,794000.00,6,2022-10-01,4.99
2022,10,BUKIT TIMAH,3 ROOM,3100.00,4,445000.00,1,2022-10-01,8.36
2022,10,BUKIT TIMAH,4 ROOM,2800.00,5,712500.00,2,2022-10-01,4.72
2022,10,BUKIT TIMAH,5 ROOM,3100.00,1,940944.44,2,2022-10-01,3.95
2022,10,CENTRAL AREA,3 ROOM,2800.00,29,476500.00,6,2022-10-01,7.05
2022,10,CENTRAL AREA,4 ROOM,3600.00,15,1150000.00,7,2022-10-01,3.76
2022,10,CHOA CHU KANG,3 ROOM,2850.00,11,420000.00,5,2022-10-01,8.14
2022,10,CHOA CHU KANG,4 ROOM,2600.00,45,501000.00,38,2022-10-01,6.23
2022,10,CHOA CHU KANG,5 ROOM,2950.00,35,589000.00,40,2022-10-01,6.01
2022,10,CHOA CHU KANG,EXECUTIVE,3000.00,14,650000.00,11,2022-10-01,5.54
2022,10,CLEMENTI,3 ROOM,2450.00,40,407500.00,18,2022-10-01,7.21
2022,10,CLEMENTI,4 ROOM,3300.00,20,646000.00,15,2022-10-01,6.13
2022,10,CLEMENTI,5 ROOM,3725.00,10,745000.00,6,2022-10-01,6.00
2022,10,GEYLANG,3 ROOM,2500.00,45,324500.00,20,2022-10-01,9.24
2022,10,GEYLANG,4 ROOM,2900.00,21,707944.00,10,2022-10-01,4.92
2022,10,GEYLANG,5 ROOM,3550.00,6,850000.00,11,2022-10-01,5.01
2022,10,GEYLANG,EXECUTIVE,2900.00,2,905000.00,3,2022-10-01,3.85
2022,10,HOUGANG,3 ROOM,2050.00,32,387500.00,16,2022-10-01,6.35
2022,10,HOUGANG,4 ROOM,2650.00,56,501500.00,32,2022-10-01,6.34
2022,10,HOUGANG,5 ROOM,2650.00,29,638000.00,19,2022-10-01,4.98
2022,10,HOUGANG,EXECUTIVE,3000.00,9,815000.00,7,2022-10-01,4.42
2022,10,JURONG EAST,3 ROOM,2200.00,21,362500.00,10,2022-10-01,7.28
2022,10,JURONG EAST,4 ROOM,2800.00,18,450000.00,14,2022-10-01,7.47
2022,10,JURONG EAST,5 ROOM,2800.00,13,681944.00,4,2022-10-01,4.93
2022,10,JURONG EAST,EXECUTIVE,4100.00,5,700000.00,1,2022-10-01,7.03
2022,10,JURONG WEST,2 ROOM,2375.00,6,310000.00,3,2022-10-01,9.19
2022,10,JURONG WEST,3 ROOM,2200.00,22,370000.00,22,2022-10-01,7.14
2022,10,JURONG WEST,4 ROOM,2800.00,50,462500.00,45,2022-10-01,7.26
2022,10,JURONG WEST,5 ROOM,2900.00,54,560888.00,35,2022-10-01,6.20
2022,10,JURONG WEST,EXECUTIVE,3100.00,26,680000.00,19,2022-10-01,5.47
2022,10,KALLANG/WHAMPOA,3 ROOM,2425.00,50,370000.00,33,2022-10-01,7.86
2022,10,KALLANG/WHAMPOA,4 ROOM,3000.00,38,820000.00,31,2022-10-01,4.39
2022,10,KALLANG/WHAMPOA,5 ROOM,3700.00,10,825000.00,10,2022-10-01,5.38
2022,10,KALLANG/WHAMPOA,EXECUTIVE,3050.00,2,974000.00,4,2022-10-01,3.76
2022,10,MARINE PARADE,3 ROOM,2325.00,10,448000.00,9,2022-10-01,6.23
2022,10,MARINE PARADE,4 ROOM,3400.00,8,600000.00,4,2022-10-01,6.80
2022,10,MARINE PARADE,5 ROOM,2800.00,7,880000.00,5,2022-10-01,3.82
2022,10,PASIR RIS,3 ROOM,2300.00,1,570000.00,1,2022-10-01,4.84
2022,10,PASIR RIS,4 ROOM,2800.00,41,515000.00,27,2022-10-01,6.52
2022,10,PASIR RIS,5 ROOM,2875.00,24,637000.00,20,2022-10-01,5.42
2022,10,PASIR RIS,EXECUTIVE,3300.00,17,785000.00,18,2022-10-01,5.04
2022,10,PUNGGOL,2 ROOM,2300.00,13,313000.00,3,2022-10-01,8.82
2022,10,PUNGGOL,3 ROOM,2750.00,12,451000.00,12,2022-10-01,7.32
2022,10,PUNGGOL,4 ROOM,2925.00,64,575888.00,85,2022-10-01,6.09
2022,10,PUNGGOL,5 ROOM,3000.00,63,711000.00,41,2022-10-01,5.06
2022,10,PUNGGOL,EXECUTIVE,3050.00,4,690000.00,7,2022-10-01,5.30
2022,10,QUEENSTOWN,2 ROOM,2000.00,7,250000.00,1,2022-10-01,9.60
2022,10,QUEENSTOWN,3 ROOM,2600.00,51,438888.00,27,2022-10-01,7.11
2022,10,QUEENSTOWN,4 ROOM,3500.00,33,737500.00,18,2022-10-01,5.69
2022,10,QUEENSTOWN,5 ROOM,4250.00,12,994000.00,6,2022-10-01,5.13
2022,10,SEMBAWANG,2 ROOM,1200.00,6,325000.00,9,2022-10-01,4.43
2022,10,SEMBAWANG,3 ROOM,3400.00,1,440000.00,11,2022-10-01,9.27
2022,10,SEMBAWANG,4 ROOM,2625.00,22,552000.00,29,2022-10-01,5.71
2022,10,SEMBAWANG,5 ROOM,2850.00,21,564000.00,22,2022-10-01,6.06
2022,10,SEMBAWANG,EXECUTIVE,2900.00,12,635000.00,5,2022-10-01,5.48
2022,10,SENGKANG,2 ROOM,1600.00,1,334000.00,2,2022-10-01,5.75
2022,10,SENGKANG,3 ROOM,2000.00,8,430000.00,11,2022-10-01,5.58
2022,10,SENGKANG,4 ROOM,3000.00,92,545000.00,80,2022-10-01,6.61
2022,10,SENGKANG,5 ROOM,3100.00,65,579000.00,54,2022-10-01,6.42
2022,10,SENGKANG,EXECUTIVE,3200.00,13,687500.00,8,2022-10-01,5.59
2022,10,SERANGOON,3 ROOM,2300.00,15,399000.00,8,2022-10-01,6.92
2022,10,SERANGOON,4 ROOM,2962.50,20,525000.00,16,2022-10-01,6.77
2022,10,SERANGOON,5 ROOM,3150.00,6,750000.00,5,2022-10-01,5.04
2022,10,SERANGOON,EXECUTIVE,3750.00,4,1085000.00,3,2022-10-01,4.15
2022,10,TAMPINES,3 ROOM,2650.00,48,408000.00,28,2022-10-01,7.79
2022,10,TAMPINES,4 ROOM,2800.00,57,531000.00,48,2022-10-01,6.33
2022,10,TAMPINES,5 ROOM,3000.00,40,640000.00,39,2022-10-01,5.62
2022,10,TAMPINES,EXECUTIVE,3500.00,17,861500.00,14,2022-10-01,4.88
2022,10,TOA PAYOH,3 ROOM,2400.00,56,333444.00,32,2022-10-01,8.64
2022,10,TOA PAYOH,4 ROOM,3000.00,29,844444.00,30,2022-10-01,4.26
2022,10,TOA PAYOH,5 ROOM,3000.00,9,1000000.00,7,2022-10-01,3.60
2022,10,WOODLANDS,2 ROOM,1600.00,4,319000.00,2,2022-10-01,6.02
2022,10,WOODLANDS,3 ROOM,2350.00,22,395000.00,16,2022-10-01,7.14
2022,10,WOODLANDS,4 ROOM,2600.00,59,502500.00,74,2022-10-01,6.21
2022,10,WOODLANDS,5 ROOM,3000.00,49,585000.00,53,2022-10-01,6.15
2022,10,WOODLANDS,EXECUTIVE,2800.00,12,758000.00,9,2022-10-01,4.43
2022,10,YISHUN,2 ROOM,2100.00,6,315000.00,3,2022-10-01,8.00
2022,10,YISHUN,3 ROOM,2175.00,50,372500.00,36,2022-10-01,7.01
2022,10,YISHUN,4 ROOM,2600.00,57,470000.00,67,2022-10-01,6.64
2022,10,YISHUN,5 ROOM,3100.00,14,615000.00,24,2022-10-01,6.05
2022,10,YISHUN,EXECUTIVE,3100.00,5,875400.00,4,2022-10-01,4.25
2022,11,ANG MO KIO,2 ROOM,2000.00,3,280000.00,3,2022-11-01,8.57
2022,11,ANG MO KIO,3 ROOM,2375.00,96,385000.00,37,2022-11-01,7.40
2022,11,ANG MO KIO,4 ROOM,3000.00,38,515000.00,24,2022-11-01,6.99
2022,11,ANG MO KIO,5 ROOM,3100.00,21,870000.00,4,2022-11-01,4.28
2022,11,BEDOK,2 ROOM,1200.00,3,270000.00,1,2022-11-01,5.33
2022,11,BEDOK,3 ROOM,2400.00,85,375000.00,43,2022-11-01,7.68
2022,11,BEDOK,4 ROOM,2800.00,57,484000.00,36,2022-11-01,6.94
2022,11,BEDOK,5 ROOM,3000.00,21,610000.00,12,2022-11-01,5.90
2022,11,BEDOK,EXECUTIVE,3100.00,5,903000.00,9,2022-11-01,4.12
2022,11,BISHAN,3 ROOM,2700.00,14,438000.00,7,2022-11-01,7.40
2022,11,BISHAN,4 ROOM,3000.00,29,689000.00,10,2022-11-01,5.22
2022,11,BISHAN,5 ROOM,3475.00,22,838000.00,11,2022-11-01,4.98
2022,11,BUKIT BATOK,3 ROOM,2350.00,28,353000.00,17,2022-11-01,7.99
2022,11,BUKIT BATOK,4 ROOM,2700.00,29,535000.00,31,2022-11-01,6.06
2022,11,BUKIT BATOK,5 ROOM,3200.00,19,726444.00,10,2022-11-01,5.29
2022,11,BUKIT BATOK,EXECUTIVE,3000.00,7,827500.00,4,2022-11-01,4.35
2022,11,BUKIT MERAH,1 ROOM,2000.00,1,233888.00,1,2022-11-01,10.26
2022,11,BUKIT MERAH,2 ROOM,2375.00,8,270000.00,3,2022-11-01,10.56
2022,11,BUKIT MERAH,3 ROOM,2600.00,51,410000.00,25,2022-11-01,7.61
2022,11,BUKIT MERAH,4 ROOM,3400.00,49,802500.00,20,2022-11-01,5.08
2022,11,BUKIT MERAH,5 ROOM,3650.00,26,865000.00,10,2022-11-01,5.06
2022,11,BUKIT PANJANG,2 ROOM,2500.00,1,316000.00,2,2022-11-01,9.49
2022,11,BUKIT PANJANG,3 ROOM,2350.00,6,388000.00,17,2022-11-01,7.27
2022,11,BUKIT PANJANG,4 ROOM,2800.00,31,480000.00,30,2022-11-01,7.00
2022,11,BUKIT PANJANG,5 ROOM,3000.00,32,585000.00,21,2022-11-01,6.15
2022,11,BUKIT PANJANG,EXECUTIVE,2800.00,7,767500.00,8,2022-11-01,4.38
2022,11,BUKIT TIMAH,3 ROOM,2800.00,3,400000.00,1,2022-11-01,8.40
2022,11,BUKIT TIMAH,4 ROOM,2700.00,4,714000.00,2,2022-11-01,4.54
2022,11,BUKIT TIMAH,5 ROOM,3400.00,3,845000.00,1,2022-11-01,4.83
2022,11,BUKIT TIMAH,EXECUTIVE,4350.00,1,1275000.00,1,2022-11-01,4.09
2022,11,CENTRAL AREA,2 ROOM,2100.00,5,317500.00,2,2022-11-01,7.94
2022,11,CENTRAL AREA,3 ROOM,2700.00,23,465000.00,7,2022-11-01,6.97
2022,11,CENTRAL AREA,4 ROOM,3625.00,12,751000.00,7,2022-11-01,5.79
2022,11,CENTRAL AREA,5 ROOM,4000.00,5,1200000.00,3,2022-11-01,4.00
2022,11,CHOA CHU KANG,3 ROOM,2600.00,10,382500.00,6,2022-11-01,8.16
2022,11,CHOA CHU KANG,4 ROOM,3100.00,51,505000.00,55,2022-11-01,7.37
2022,11,CHOA CHU KANG,5 ROOM,3000.00,31,600000.00,29,2022-11-01,6.00
2022,11,CHOA CHU KANG,EXECUTIVE,3050.00,12,680000.00,17,2022-11-01,5.38
2022,11,CLEMENTI,2 ROOM,2900.00,1,290000.00,1,2022-11-01,12.00
2022,11,CLEMENTI,3 ROOM,2450.00,50,374000.00,10,2022-11-01,7.86
2022,11,CLEMENTI,4 ROOM,3000.00,30,565604.00,18,2022-11-01,6.36
2022,11,CLEMENTI,5 ROOM,3400.00,12,660000.00,5,2022-11-01,6.18
2022,11,CLEMENTI,EXECUTIVE,2800.00,1,1010000.00,1,2022-11-01,3.33
2022,11,GEYLANG,2 ROOM,1650.00,2,231500.00,2,2022-11-01,8.55
2022,11,GEYLANG,3 ROOM,2200.00,39,339500.00,24,2022-11-01,7.78
2022,11,GEYLANG,4 ROOM,3200.00,33,594000.00,20,2022-11-01,6.46
2022,11,GEYLANG,5 ROOM,2800.00,2,783000.00,9,2022-11-01,4.29
2022,11,GEYLANG,EXECUTIVE,4100.00,1,1000000.00,2,2022-11-01,4.92
2022,11,HOUGANG,3 ROOM,2225.00,24,392500.00,20,2022-11-01,6.80
2022,11,HOUGANG,4 ROOM,2600.00,45,520000.00,55,2022-11-01,6.00
2022,11,HOUGANG,5 ROOM,2600.00,22,640000.00,19,2022-11-01,4.88
2022,11,HOUGANG,EXECUTIVE,3150.00,12,838000.00,13,2022-11-01,4.51
2022,11,JURONG EAST,2 ROOM,1450.00,1,300000.00,1,2022-11-01,5.80
2022,11,JURONG EAST,3 ROOM,2500.00,23,355000.00,19,2022-11-01,8.45
2022,11,JURONG EAST,4 ROOM,2900.00,21,500000.00,7,2022-11-01,6.96
2022,11,JURONG EAST,5 ROOM,3150.00,22,643000.00,14,2022-11-01,5.88
2022,11,JURONG WEST,2 ROOM,2500.00,2,315500.00,4,2022-11-01,9.51
2022,11,JURONG WEST,3 ROOM,2200.00,31,357500.00,24,2022-11-01,7.38
2022,11,JURONG WEST,4 ROOM,2550.00,58,480000.00,57,2022-11-01,6.38
2022,11,JURONG WEST,5 ROOM,3000.00,57,582500.00,38,2022-11-01,6.18
2022,11,JURONG WEST,EXECUTIVE,3200.00,9,712500.00,18,2022-11-01,5.39
2022,11,KALLANG/WHAMPOA,3 ROOM,2500.00,43,402500.00,32,2022-11-01,7.45
2022,11,KALLANG/WHAMPOA,4 ROOM,3500.00,19,745000.00,27,2022-11-01,5.64
2022,11,KALLANG/WHAMPOA,5 ROOM,3200.00,13,810000.00,7,2022-11-01,4.74
2022,11,MARINE PARADE,3 ROOM,2350.00,18,418000.00,7,2022-11-01,6.75
2022,11,MARINE PARADE,5 ROOM,3150.00,8,906668.00,7,2022-11-01,4.17
2022,11,PASIR RIS,4 ROOM,2750.00,20,520000.00,26,2022-11-01,6.35
2022,11,PASIR RIS,5 ROOM,3000.00,21,648888.00,17,2022-11-01,5.55
2022,11,PASIR RIS,EXECUTIVE,3250.00,22,780000.00,13,2022-11-01,5.00
2022,11,PUNGGOL,2 ROOM,2500.00,11,340500.00,6,2022-11-01,8.81
2022,11,PUNGGOL,3 ROOM,3000.00,13,454000.00,26,2022-11-01,7.93
2022,11,PUNGGOL,4 ROOM,2775.00,52,573500.00,78,2022-11-01,5.81
2022,11,PUNGGOL,5 ROOM,3100.00,62,660000.00,59,2022-11-01,5.64
2022,11,PUNGGOL,EXECUTIVE,3175.00,4,725000.00,1,2022-11-01,5.26
2022,11,QUEENSTOWN,3 ROOM,2800.00,77,370000.00,25,2022-11-01,9.08
2022,11,QUEENSTOWN,4 ROOM,3550.00,28,907500.00,28,2022-11-01,4.69
2022,11,QUEENSTOWN,5 ROOM,4100.00,12,902000.00,6,2022-11-01,5.45
2022,11,SEMBAWANG,2 ROOM,2150.00,4,330000.00,5,2022-11-01,7.82
2022,11,SEMBAWANG,3 ROOM,3275.00,2,428500.00,8,2022-11-01,9.17
2022,11,SEMBAWANG,4 ROOM,3300.00,29,535000.00,40,2022-11-01,7.40
2022,11,SEMBAWANG,5 ROOM,3000.00,23,643500.00,18,2022-11-01,5.59
2022,11,SEMBAWANG,EXECUTIVE,2775.00,10,640000.00,6,2022-11-01,5.20
2022,11,SENGKANG,2 ROOM,1450.00,3,350000.00,1,2022-11-01,4.97
2022,11,SENGKANG,3 ROOM,2800.00,13,445000.00,7,2022-11-01,7.55
2022,11,SENGKANG,4 ROOM,3000.00,78,550000.00,80,2022-11-01,6.55
2022,11,SENGKANG,5 ROOM,3100.00,74,580000.00,65,2022-11-01,6.41
2022,11,SENGKANG,EXECUTIVE,3000.00,16,750000.00,9,2022-11-01,4.80
2022,11,SERANGOON,3 ROOM,2500.00,19,388000.00,9,2022-11-01,7.73
2022,11,SERANGOON,4 ROOM,3100.00,28,552500.00,20,2022-11-01,6.73
2022,11,SERANGOON,5 ROOM,3250.00,6,719500.00,4,2022-11-01,5.42
2022,11,SERANGOON,EXECUTIVE,3500.00,4,987500.00,2,2022-11-01,4.25
2022,11,TAMPINES,3 ROOM,2450.00,50,412844.00,42,2022-11-01,7.12
2022,11,TAMPINES,4 ROOM,2800.00,58,540000.00,50,2022-11-01,6.22
2022,11,TAMPINES,5 ROOM,3200.00,47,655888.00,41,2022-11-01,5.85
2022,11,TAMPINES,EXECUTIVE,3850.00,12,855000.00,15,2022-11-01,5.40
2022,11,TOA PAYOH,2 ROOM,1400.00,3,268000.00,1,2022-11-01,6.27
2022,11,TOA PAYOH,3 ROOM,2300.00,62,343000.00,33,2022-11-01,8.05
2022,11,TOA PAYOH,4 ROOM,3494.00,26,748500.00,16,2022-11-01,5.60
2022,11,TOA PAYOH,5 ROOM,3000.00,15,810000.00,8,2022-11-01,4.44
2022,11,WOODLANDS,2 ROOM,2550.00,2,310000.00,7,2022-11-01,9.87
2022,11,WOODLANDS,3 ROOM,2200.00,17,359750.00,30,2022-11-01,7.34
2022,11,WOODLANDS,4 ROOM,2800.00,47,492000.00,87,2022-11-01,6.83
2022,11,WOODLANDS,5 ROOM,3100.00,48,580000.00,57,2022-11-01,6.41
2022,11,WOODLANDS,EXECUTIVE,3350.00,10,771500.00,20,2022-11-01,5.21
2022,11,YISHUN,2 ROOM,1350.00,3,319000.00,2,2022-11-01,5.08
2022,11,YISHUN,3 ROOM,2600.00,37,369000.00,56,2022-11-01,8.46
2022,11,YISHUN,4 ROOM,3000.00,43,476944.00,76,2022-11-01,7.55
2022,11,YISHUN,5 ROOM,2800.00,19,645000.00,23,2022-11-01,5.21
2022,11,YISHUN,EXECUTIVE,3800.00,5,809000.00,10,2022-11-01,5.64
2022,12,ANG MO KIO,2 ROOM,2100.00,2,295394.00,4,2022-12-01,8.53
2022,12,ANG MO KIO,3 ROOM,2350.00,92,380000.00,35,2022-12-01,7.42
2022,12,ANG MO KIO,4 ROOM,2900.00,47,684000.00,30,2022-12-01,5.09
2022,12,ANG MO KIO,5 ROOM,3450.00,14,900000.00,10,2022-12-01,4.60
2022,12,BEDOK,2 ROOM,2500.00,1,293000.00,1,2022-12-01,10.24
2022,12,BEDOK,3 ROOM,2400.00,75,355000.00,45,2022-12-01,8.11
2022,12,BEDOK,4 ROOM,2800.00,48,480000.00,37,2022-12-01,7.00
2022,12,BEDOK,5 ROOM,3350.00,22,670000.00,11,2022-12-01,6.00
2022,12,BEDOK,EXECUTIVE,3900.00,6,865000.00,4,2022-12-01,5.41
2022,12,BISHAN,3 ROOM,2600.00,19,470000.00,5,2022-12-01,6.64
2022,12,BISHAN,4 ROOM,3100.00,35,665000.00,16,2022-12-01,5.59
2022,12,BISHAN,5 ROOM,4000.00,11,1001944.44,6,2022-12-01,4.79
2022,12,BISHAN,EXECUTIVE,5200.00,1,1039444.00,4,2022-12-01,6.00
2022,12,BUKIT BATOK,3 ROOM,2300.00,26,365000.00,19,2022-12-01,7.56
2022,12,BUKIT BATOK,4 ROOM,2600.00,32,500000.00,36,2022-12-01,6.24
2022,12,BUKIT BATOK,5 ROOM,3500.00,15,709000.00,14,2022-12-01,5.92
2022,12,BUKIT BATOK,EXECUTIVE,2600.00,5,821500.00,6,2022-12-01,3.80
2022,12,BUKIT MERAH,2 ROOM,2600.00,5,270000.00,1,2022-12-01,11.56
2022,12,BUKIT MERAH,3 ROOM,2800.00,83,369000.00,24,2022-12-01,9.11
2022,12,BUKIT MERAH,4 ROOM,3600.00,58,759000.00,22,2022-12-01,5.69
2022,12,BUKIT MERAH,5 ROOM,4000.00,30,964000.00,16,2022-12-01,4.98
2022,12,BUKIT PANJANG,2 ROOM,2200.00,3,290000.00,1,2022-12-01,9.10
2022,12,BUKIT PANJANG,3 ROOM,1950.00,12,381500.00,4,2022-12-01,6.13
2022,12,BUKIT PANJANG,4 ROOM,3000.00,27,480000.00,35,2022-12-01,7.50
2022,12,BUKIT PANJANG,5 ROOM,3050.00,28,570000.00,29,2022-12-01,6.42
2022,12,BUKIT PANJANG,EXECUTIVE,3300.00,9,775000.00,10,2022-12-01,5.11
2022,12,BUKIT TIMAH,4 ROOM,3000.00,1,601500.00,2,2022-12-01,5.99
2022,12,BUKIT TIMAH,5 ROOM,3000.00,3,990000.00,1,2022-12-01,3.64
2022,12,CENTRAL AREA,3 ROOM,2800.00,28,419000.00,6,2022-12-01,8.02
2022,12,CENTRAL AREA,4 ROOM,4300.00,21,980000.00,5,2022-12-01,5.27
2022,12,CENTRAL AREA,5 ROOM,4100.00,3,1280000.00,1,2022-12-01,3.84
2022,12,CHOA CHU KANG,2 ROOM,1900.00,1,302000.00,3,2022-12-01,7.55
2022,12,CHOA CHU KANG,3 ROOM,2600.00,6,355000.00,11,2022-12-01,8.79
2022,12,CHOA CHU KANG,4 ROOM,2825.00,56,492000.00,69,2022-12-01,6.89
2022,12,CHOA CHU KANG,5 ROOM,3000.00,31,583500.00,29,2022-12-01,6.17
2022,12,CHOA CHU KANG,EXECUTIVE,3000.00,9,690000.00,5,2022-12-01,5.22
2022,12,CLEMENTI,3 ROOM,2500.00,53,370000.00,17,2022-12-01,8.11
2022,12,CLEMENTI,4 ROOM,3500.00,29,540000.00,23,2022-12-01,7.78
2022,12,CLEMENTI,5 ROOM,3300.00,5,740000.00,3,2022-12-01,5.35
2022,12,GEYLANG,2 ROOM,2250.00,4,252499.50,2,2022-12-01,10.69
2022,12,GEYLANG,3 ROOM,2450.00,44,334000.00,34,2022-12-01,8.80
2022,12,GEYLANG,4 ROOM,3100.00,30,536500.00,24,2022-12-01,6.93
2022,12,GEYLANG,5 ROOM,3600.00,7,772500.00,4,2022-12-01,5.59
2022,12,GEYLANG,EXECUTIVE,4200.00,1,855000.00,2,2022-12-01,5.89
2022,12,HOUGANG,3 ROOM,2350.00,40,380000.00,25,2022-12-01,7.42
2022,12,HOUGANG,4 ROOM,2950.00,58,518000.00,43,2022-12-01,6.83
2022,12,HOUGANG,5 ROOM,3000.00,29,604444.00,26,2022-12-01,5.96
2022,12,HOUGANG,EXECUTIVE,3300.00,9,880000.00,9,2022-12-01,4.50
2022,12,JURONG EAST,3 ROOM,2600.00,29,361444.00,22,2022-12-01,8.63
2022,12,JURONG EAST,4 ROOM,3100.00,26,488000.00,7,2022-12-01,7.62
2022,12,JURONG EAST,5 ROOM,3300.00,11,555000.00,2,2022-12-01,7.14
2022,12,JURONG EAST,EXECUTIVE,2900.00,5,820000.00,4,2022-12-01,4.24
2022,12,JURONG WEST,2 ROOM,1850.00,2,265500.00,2,2022-12-01,8.36
2022,12,JURONG WEST,3 ROOM,2300.00,33,355000.00,29,2022-12-01,7.77
2022,12,JURONG WEST,4 ROOM,3000.00,71,492505.50,54,2022-12-01,7.31
2022,12,JURONG WEST,5 ROOM,3300.00,77,555000.00,51,2022-12-01,7.14
2022,12,JURONG WEST,EXECUTIVE,3000.00,21,682500.00,10,2022-12-01,5.27
2022,12,KALLANG/WHAMPOA,3 ROOM,2375.00,50,387500.00,24,2022-12-01,7.35
2022,12,KALLANG/WHAMPOA,4 ROOM,3325.00,36,762500.00,28,2022-12-01,5.23
2022,12,KALLANG/WHAMPOA,5 ROOM,4000.00,10,730500.00,6,2022-12-01,6.57
2022,12,KALLANG/WHAMPOA,EXECUTIVE,2900.00,1,1050000.00,1,2022-12-01,3.31
2022,12,MARINE PARADE,3 ROOM,2500.00,15,420000.00,14,2022-12-01,7.14
2022,12,MARINE PARADE,4 ROOM,3500.00,9,590000.00,3,2022-12-01,7.12
2022,12,MARINE PARADE,5 ROOM,4500.00,2,889000.00,4,2022-12-01,6.07
2022,12,PASIR RIS,3 ROOM,1800.00,1,509000.00,1,2022-12-01,4.24
2022,12,PASIR RIS,4 ROOM,2600.00,27,525000.00,28,2022-12-01,5.94
2022,12,PASIR RIS,5 ROOM,3650.00,24,655000.00,17,2022-12-01,6.69
2022,12,PASIR RIS,EXECUTIVE,3500.00,13,808000.00,19,2022-12-01,5.20
2022,12,PUNGGOL,2 ROOM,2050.00,6,326000.00,5,2022-12-01,7.55
2022,12,PUNGGOL,3 ROOM,2675.00,10,452500.00,18,2022-12-01,7.09
2022,12,PUNGGOL,4 ROOM,3300.00,47,580000.00,104,2022-12-01,6.83
2022,12,PUNGGOL,5 ROOM,3300.00,60,708000.00,54,2022-12-01,5.59
2022,12,PUNGGOL,EXECUTIVE,3000.00,3,650000.00,1,2022-12-01,5.54
2022,12,QUEENSTOWN,2 ROOM,2750.00,1,430000.00,1,2022-12-01,7.67
2022,12,QUEENSTOWN,3 ROOM,2800.00,66,382500.00,30,2022-12-01,8.78
2022,12,QUEENSTOWN,4 ROOM,4000.00,20,870000.00,25,2022-12-01,5.52
2022,12,QUEENSTOWN,5 ROOM,4000.00,7,925000.00,4,2022-12-01,5.19
2022,12,SEMBAWANG,2 ROOM,2500.00,5,329000.00,6,2022-12-01,9.12
2022,12,SEMBAWANG,3 ROOM,3300.00,3,428000.00,11,2022-12-01,9.25
2022,12,SEMBAWANG,4 ROOM,3050.00,32,530000.00,51,2022-12-01,6.91
2022,12,SEMBAWANG,5 ROOM,2800.00,29,579000.00,20,2022-12-01,5.80
2022,12,SEMBAWANG,EXECUTIVE,3550.00,4,638944.00,6,2022-12-01,6.67
2022,12,SENGKANG,2 ROOM,2125.00,4,320000.00,3,2022-12-01,7.97
2022,12,SENGKANG,3 ROOM,2800.00,7,450000.00,19,2022-12-01,7.47
2022,12,SENGKANG,4 ROOM,2800.00,91,545000.00,95,2022-12-01,6.17
2022,12,SENGKANG,5 ROOM,3000.00,69,590000.00,51,2022-12-01,6.10
2022,12,SENGKANG,EXECUTIVE,3050.00,22,709444.00,12,2022-12-01,5.16
2022,12,SERANGOON,3 ROOM,2800.00,18,380000.00,11,2022-12-01,8.84
2022,12,SERANGOON,4 ROOM,3350.00,28,523000.00,12,2022-12-01,7.69
2022,12,SERANGOON,5 ROOM,2650.00,8,666500.00,8,2022-12-01,4.77
2022,12,SERANGOON,EXECUTIVE,4250.00,6,951500.00,2,2022-12-01,5.36
2022,12,TAMPINES,3 ROOM,2300.00,47,412500.00,38,2022-12-01,6.69
2022,12,TAMPINES,4 ROOM,2900.00,75,537500.00,68,2022-12-01,6.47
2022,12,TAMPINES,5 ROOM,3480.00,59,660000.00,38,2022-12-01,6.33
2022,12,TAMPINES,EXECUTIVE,2600.00,4,810000.00,11,2022-12-01,3.85
2022,12,TOA PAYOH,2 ROOM,1600.00,1,265000.00,5,2022-12-01,7.25
2022,12,TOA PAYOH,3 ROOM,2500.00,66,346500.00,32,2022-12-01,8.66
2022,12,TOA PAYOH,4 ROOM,3700.00,26,736500.00,22,2022-12-01,6.03
2022,12,TOA PAYOH,5 ROOM,3500.00,9,742944.00,6,2022-12-01,5.65
2022,12,TOA PAYOH,EXECUTIVE,3000.00,3,850000.00,1,2022-12-01,4.24
2022,12,WOODLANDS,2 ROOM,2450.00,1,307000.00,7,2022-12-01,9.58
2022,12,WOODLANDS,3 ROOM,2025.00,14,414000.00,42,2022-12-01,5.87
2022,12,WOODLANDS,4 ROOM,2700.00,54,495000.00,86,2022-12-01,6.55
2022,12,WOODLANDS,5 ROOM,3200.00,49,580000.00,55,2022-12-01,6.62
2022,12,WOODLANDS,EXECUTIVE,2500.00,13,760000.00,13,2022-12-01,3.95
2022,12,YISHUN,2 ROOM,2075.00,4,315000.00,9,2022-12-01,7.90
2022,12,YISHUN,3 ROOM,2500.00,59,375000.00,47,2022-12-01,8.00
2022,12,YISHUN,4 ROOM,2800.00,64,471500.00,70,2022-12-01,7.13
2022,12,YISHUN,5 ROOM,3200.00,21,609444.00,24,2022-12-01,6.30
2022,12,YISHUN,EXECUTIVE,3100.00,6,785000.00,8,2022-12-01,4.74
2023,1,ANG MO KIO,3 ROOM,2500.00,113,380000.00,57,2023-01-01,7.89
2023,1,ANG MO KIO,4 ROOM,2850.00,39,735000.00,41,2023-01-01,4.65
2023,1,ANG MO KIO,5 ROOM,3200.00,15,810000.00,16,2023-01-01,4.74
2023,1,ANG MO KIO,EXECUTIVE,3950.00,2,1138000.00,1,2023-01-01,4.17
2023,1,BEDOK,3 ROOM,2400.00,89,362500.00,65,2023-01-01,7.94
2023,1,BEDOK,4 ROOM,2800.00,47,479000.00,52,2023-01-01,7.01
2023,1,BEDOK,5 ROOM,3250.00,23,665000.00,14,2023-01-01,5.86
2023,1,BEDOK,EXECUTIVE,3500.00,5,850000.00,5,2023-01-01,4.94
2023,1,BISHAN,3 ROOM,2950.00,11,390000.00,6,2023-01-01,9.08
2023,1,BISHAN,4 ROOM,3100.00,34,680000.00,14,2023-01-01,5.47
2023,1,BISHAN,5 ROOM,3750.00,20,900000.00,7,2023-01-01,5.00
2023,1,BISHAN,EXECUTIVE,2000.00,1,1109000.00,4,2023-01-01,2.16
2023,1,BUKIT BATOK,2 ROOM,2600.00,3,360000.00,1,2023-01-01,8.67
2023,1,BUKIT BATOK,3 ROOM,2100.00,42,364000.00,26,2023-01-01,6.92
2023,1,BUKIT BATOK,4 ROOM,2600.00,41,600000.00,53,2023-01-01,5.20
2023,1,BUKIT BATOK,5 ROOM,3400.00,18,767500.00,20,2023-01-01,5.32
2023,1,BUKIT BATOK,EXECUTIVE,3950.00,6,800000.00,10,2023-01-01,5.92
2023,1,BUKIT MERAH,2 ROOM,2000.00,2,272000.00,3,2023-01-01,8.82
2023,1,BUKIT MERAH,3 ROOM,2800.00,65,420050.00,36,2023-01-01,8.00
2023,1,BUKIT MERAH,4 ROOM,3600.00,53,840000.00,47,2023-01-01,5.14
2023,1,BUKIT MERAH,5 ROOM,4000.00,26,878000.00,17,2023-01-01,5.47
2023,1,BUKIT PANJANG,3 ROOM,2725.00,6,375000.00,10,2023-01-01,8.72
2023,1,BUKIT PANJANG,4 ROOM,2600.00,30,491388.00,30,2023-01-01,6.35
2023,1,BUKIT PANJANG,5 ROOM,3100.00,24,605000.00,12,2023-01-01,6.15
2023,1,BUKIT PANJANG,EXECUTIVE,3150.00,6,830000.00,7,2023-01-01,4.55
2023,1,BUKIT TIMAH,3 ROOM,2000.00,3,465000.00,2,2023-01-01,5.16
2023,1,BUKIT TIMAH,4 ROOM,3300.00,5,840000.00,1,2023-01-01,4.71
2023,1,BUKIT TIMAH,EXECUTIVE,5100.00,2,1288000.00,1,2023-01-01,4.75
2023,1,CENTRAL AREA,3 ROOM,2600.00,13,414000.00,10,2023-01-01,7.54
2023,1,CENTRAL AREA,4 ROOM,4400.00,10,1014000.00,8,2023-01-01,5.21
2023,1,CENTRAL AREA,5 ROOM,5150.00,6,1145000.00,2,2023-01-01,5.40
2023,1,CHOA CHU KANG,2 ROOM,2300.00,1,307500.00,2,2023-01-01,8.98
2023,1,CHOA CHU KANG,3 ROOM,2300.00,8,420000.00,7,2023-01-01,6.57
2023,1,CHOA CHU KANG,4 ROOM,2700.00,47,499444.00,58,2023-01-01,6.49
2023,1,CHOA CHU KANG,5 ROOM,2600.00,35,590000.00,47,2023-01-01,5.29
2023,1,CHOA CHU KANG,EXECUTIVE,3300.00,11,700000.00,8,2023-01-01,5.66
2023,1,CLEMENTI,3 ROOM,2600.00,49,430000.00,28,2023-01-01,7.26
2023,1,CLEMENTI,4 ROOM,3600.00,31,600000.00,31,2023-01-01,7.20
2023,1,CLEMENTI,5 ROOM,3500.00,11,851500.00,8,2023-01-01,4.93
2023,1,GEYLANG,2 ROOM,2350.00,2,238500.00,3,2023-01-01,11.82
2023,1,GEYLANG,3 ROOM,2400.00,44,355000.00,38,2023-01-01,8.11
2023,1,GEYLANG,4 ROOM,3500.00,30,531500.00,24,2023-01-01,7.90
2023,1,GEYLANG,5 ROOM,3350.00,10,738888.00,3,2023-01-01,5.44
2023,1,GEYLANG,EXECUTIVE,2600.00,1,960000.00,1,2023-01-01,3.25
2023,1,HOUGANG,2 ROOM,2000.00,1,329000.00,2,2023-01-01,7.29
2023,1,HOUGANG,3 ROOM,2200.00,35,387500.00,32,2023-01-01,6.81
2023,1,HOUGANG,4 ROOM,2800.00,40,530000.00,55,2023-01-01,6.34
2023,1,HOUGANG,5 ROOM,3000.00,29,660000.00,27,2023-01-01,5.45
2023,1,HOUGANG,EXECUTIVE,3100.00,8,830000.00,10,2023-01-01,4.48
2023,1,JURONG EAST,3 ROOM,2500.00,34,368000.00,15,2023-01-01,8.15
2023,1,JURONG EAST,4 ROOM,3000.00,19,470000.00,17,2023-01-01,7.66
2023,1,JURONG EAST,5 ROOM,3500.00,19,645000.00,10,2023-01-01,6.51
2023,1,JURONG EAST,EXECUTIVE,2875.00,4,864000.00,2,2023-01-01,3.99
2023,1,JURONG WEST,2 ROOM,1700.00,2,301500.00,2,2023-01-01,6.77
2023,1,JURONG WEST,3 ROOM,2500.00,38,342000.00,33,2023-01-01,8.77
2023,1,JURONG WEST,4 ROOM,3000.00,54,490000.00,65,2023-01-01,7.35
2023,1,JURONG WEST,5 ROOM,3000.00,69,578444.00,34,2023-01-01,6.22
2023,1,JURONG WEST,EXECUTIVE,3200.00,23,698000.00,19,2023-01-01,5.50
2023,1,KALLANG/WHAMPOA,3 ROOM,2300.00,48,382500.00,42,2023-01-01,7.22
2023,1,KALLANG/WHAMPOA,4 ROOM,3600.00,38,760000.00,33,2023-01-01,5.68
2023,1,KALLANG/WHAMPOA,5 ROOM,3800.00,13,732500.00,10,2023-01-01,6.23
2023,1,MARINE PARADE,3 ROOM,2800.00,28,445000.00,9,2023-01-01,7.55
2023,1,MARINE PARADE,4 ROOM,4200.00,1,534000.00,2,2023-01-01,9.44
2023,1,MARINE PARADE,5 ROOM,4200.00,7,867500.00,6,2023-01-01,5.81
2023,1,PASIR RIS,2 ROOM,1900.00,1,355000.00,1,2023-01-01,6.42
2023,1,PASIR RIS,3 ROOM,2400.00,4,520000.00,1,2023-01-01,5.54
2023,1,PASIR RIS,4 ROOM,3100.00,20,525000.00,22,2023-01-01,7.09
2023,1,PASIR RIS,5 ROOM,3000.00,31,638000.00,30,2023-01-01,5.64
2023,1,PASIR RIS,EXECUTIVE,3800.00,19,775000.00,16,2023-01-01,5.88
2023,1,PUNGGOL,2 ROOM,2250.00,9,336944.00,10,2023-01-01,8.01
2023,1,PUNGGOL,3 ROOM,2600.00,9,450000.00,34,2023-01-01,6.93
2023,1,PUNGGOL,4 ROOM,3100.00,47,580444.00,94,2023-01-01,6.41
2023,1,PUNGGOL,5 ROOM,3500.00,54,686500.00,60,2023-01-01,6.12
2023,1,PUNGGOL,EXECUTIVE,3600.00,5,715000.00,2,2023-01-01,6.04
2023,1,QUEENSTOWN,2 ROOM,2350.00,6,275000.00,3,2023-01-01,10.25
2023,1,QUEENSTOWN,3 ROOM,2700.00,66,409538.00,24,2023-01-01,7.91
2023,1,QUEENSTOWN,4 ROOM,3550.00,33,850944.00,24,2023-01-01,5.01
2023,1,QUEENSTOWN,5 ROOM,4250.00,12,1090000.00,5,2023-01-01,4.68
2023,1,SEMBAWANG,2 ROOM,2300.00,1,335000.00,8,2023-01-01,8.24
2023,1,SEMBAWANG,3 ROOM,3500.00,1,441750.00,14,2023-01-01,9.51
2023,1,SEMBAWANG,4 ROOM,3100.00,16,507500.00,30,2023-01-01,7.33
2023,1,SEMBAWANG,5 ROOM,2700.00,17,578000.00,35,2023-01-01,5.61
2023,1,SEMBAWANG,EXECUTIVE,3000.00,14,650000.00,5,2023-01-01,5.54
2023,1,SENGKANG,2 ROOM,2700.00,2,332500.00,8,2023-01-01,9.74
2023,1,SENGKANG,3 ROOM,2800.00,6,437944.00,14,2023-01-01,7.67
2023,1,SENGKANG,4 ROOM,3200.00,61,562944.00,78,2023-01-01,6.82
2023,1,SENGKANG,5 ROOM,3300.00,86,602500.00,48,2023-01-01,6.57
2023,1,SENGKANG,EXECUTIVE,3500.00,14,736000.00,9,2023-01-01,5.71
2023,1,SERANGOON,3 ROOM,2800.00,20,388888.00,15,2023-01-01,8.64
2023,1,SERANGOON,4 ROOM,3300.00,37,533888.00,19,2023-01-01,7.42
2023,1,SERANGOON,5 ROOM,3650.00,10,680588.00,5,2023-01-01,6.44
2023,1,SERANGOON,EXECUTIVE,2950.00,2,955000.00,6,2023-01-01,3.71
2023,1,TAMPINES,3 ROOM,2475.00,52,420000.00,47,2023-01-01,7.07
2023,1,TAMPINES,4 ROOM,3200.00,65,548888.00,65,2023-01-01,7.00
2023,1,TAMPINES,5 ROOM,3400.00,44,669000.00,46,2023-01-01,6.10
2023,1,TAMPINES,EXECUTIVE,3675.00,6,875000.00,11,2023-01-01,5.04
2023,1,TOA PAYOH,2 ROOM,2600.00,1,272000.00,3,2023-01-01,11.47
2023,1,TOA PAYOH,3 ROOM,2400.00,55,360000.00,21,2023-01-01,8.00
2023,1,TOA PAYOH,4 ROOM,3500.00,33,805000.00,7,2023-01-01,5.22
2023,1,TOA PAYOH,5 ROOM,3200.00,14,880000.00,9,2023-01-01,4.36
2023,1,WOODLANDS,2 ROOM,1375.00,2,315000.00,6,2023-01-01,5.24
2023,1,WOODLANDS,3 ROOM,2250.00,20,392500.00,30,2023-01-01,6.88
2023,1,WOODLANDS,4 ROOM,2675.00,54,490000.00,107,2023-01-01,6.55
2023,1,WOODLANDS,5 ROOM,3000.00,50,580000.00,73,2023-01-01,6.21
2023,1,WOODLANDS,EXECUTIVE,2850.00,13,732000.00,17,2023-01-01,4.67
2023,1,YISHUN,2 ROOM,2400.00,2,326500.00,6,2023-01-01,8.82
2023,1,YISHUN,3 ROOM,2300.00,48,375000.00,58,2023-01-01,7.36
2023,1,YISHUN,4 ROOM,3000.00,55,473000.00,97,2023-01-01,7.61
2023,1,YISHUN,5 ROOM,3000.00,25,655000.00,42,2023-01-01,5.50
2023,1,YISHUN,EXECUTIVE,3350.00,4,762500.00,4,2023-01-01,5.27
2023,2,ANG MO KIO,2 ROOM,1450.00,2,310944.00,2,2023-02-01,5.60
2023,2,ANG MO KIO,3 ROOM,2600.00,103,388000.00,41,2023-02-01,8.04
2023,2,ANG MO KIO,4 ROOM,3200.00,37,545000.00,19,2023-02-01,7.05
2023,2,ANG MO KIO,5 ROOM,3800.00,13,799000.00,6,2023-02-01,5.71
2023,2,BEDOK,2 ROOM,700.00,1,285000.00,1,2023-02-01,2.95
2023,2,BEDOK,3 ROOM,2500.00,65,365000.00,44,2023-02-01,8.22
2023,2,BEDOK,4 ROOM,3000.00,53,502500.00,30,2023-02-01,7.16
2023,2,BEDOK,5 ROOM,3500.00,26,625444.00,20,2023-02-01,6.72
2023,2,BEDOK,EXECUTIVE,4000.00,5,875000.00,6,2023-02-01,5.49
2023,2,BISHAN,3 ROOM,2500.00,14,402500.00,2,2023-02-01,7.45
2023,2,BISHAN,4 ROOM,3400.00,28,652888.00,13,2023-02-01,6.25
2023,2,BISHAN,5 ROOM,3500.00,19,886500.00,6,2023-02-01,4.74
2023,2,BISHAN,EXECUTIVE,3575.00,4,980000.00,1,2023-02-01,4.38
2023,2,BUKIT BATOK,2 ROOM,2400.00,7,330000.00,4,2023-02-01,8.73
2023,2,BUKIT BATOK,3 ROOM,2500.00,39,370000.00,24,2023-02-01,8.11
2023,2,BUKIT BATOK,4 ROOM,2950.00,41,594000.00,32,2023-02-01,5.96
2023,2,BUKIT BATOK,5 ROOM,3700.00,7,755000.00,13,2023-02-01,5.88
2023,2,BUKIT BATOK,EXECUTIVE,3000.00,7,856544.00,2,2023-02-01,4.20
2023,2,BUKIT MERAH,3 ROOM,2700.00,84,379000.00,24,2023-02-01,8.55
2023,2,BUKIT MERAH,4 ROOM,3500.00,63,736500.00,24,2023-02-01,5.70
2023,2,BUKIT MERAH,5 ROOM,4000.00,38,835000.00,9,2023-02-01,5.75
2023,2,BUKIT PANJANG,2 ROOM,2650.00,1,293500.00,2,2023-02-01,10.83
2023,2,BUKIT PANJANG,3 ROOM,2650.00,11,381000.00,11,2023-02-01,8.35
2023,2,BUKIT PANJANG,4 ROOM,2900.00,32,490000.00,31,2023-02-01,7.10
2023,2,BUKIT PANJANG,5 ROOM,3150.00,22,614000.00,14,2023-02-01,6.16
2023,2,BUKIT PANJANG,EXECUTIVE,3500.00,11,783000.00,8,2023-02-01,5.36
2023,2,BUKIT TIMAH,4 ROOM,2140.00,2,681444.00,2,2023-02-01,3.77
2023,2,CENTRAL AREA,2 ROOM,2600.00,1,300000.00,1,2023-02-01,10.40
2023,2,CENTRAL AREA,3 ROOM,3000.00,29,510000.00,9,2023-02-01,7.06
2023,2,CENTRAL AREA,4 ROOM,3850.00,16,728000.00,7,2023-02-01,6.35
2023,2,CENTRAL AREA,5 ROOM,5350.00,10,1340000.00,1,2023-02-01,4.79
2023,2,CHOA CHU KANG,2 ROOM,1400.00,1,288000.00,1,2023-02-01,5.83
2023,2,CHOA CHU KANG,3 ROOM,2400.00,5,416500.00,10,2023-02-01,6.91
2023,2,CHOA CHU KANG,4 ROOM,3000.00,50,500000.00,37,2023-02-01,7.20
2023,2,CHOA CHU KANG,5 ROOM,3200.00,39,575444.00,26,2023-02-01,6.67
2023,2,CHOA CHU KANG,EXECUTIVE,3000.00,14,718000.00,15,2023-02-01,5.01
2023,2,CLEMENTI,3 ROOM,2700.00,87,400000.00,24,2023-02-01,8.10
2023,2,CLEMENTI,4 ROOM,3000.00,31,512000.00,13,2023-02-01,7.03
2023,2,CLEMENTI,5 ROOM,3600.00,7,712500.00,6,2023-02-01,6.06
2023,2,CLEMENTI,EXECUTIVE,4800.00,1,928000.00,1,2023-02-01,6.21
2023,2,GEYLANG,2 ROOM,2100.00,5,265000.00,3,2023-02-01,9.51
2023,2,GEYLANG,3 ROOM,2375.00,48,335000.00,19,2023-02-01,8.51
2023,2,GEYLANG,4 ROOM,3000.00,29,589000.00,19,2023-02-01,6.11
2023,2,GEYLANG,5 ROOM,3400.00,7,690000.00,5,2023-02-01,5.91
2023,2,HOUGANG,3 ROOM,2400.00,37,370000.00,29,2023-02-01,7.78
2023,2,HOUGANG,4 ROOM,3000.00,74,510000.00,42,2023-02-01,7.06
2023,2,HOUGANG,5 ROOM,3100.00,35,690000.00,20,2023-02-01,5.39
2023,2,HOUGANG,EXECUTIVE,2575.00,8,850000.00,6,2023-02-01,3.64
2023,2,JURONG EAST,3 ROOM,2800.00,25,365000.00,16,2023-02-01,9.21
2023,2,JURONG EAST,4 ROOM,2800.00,15,471000.00,10,2023-02-01,7.13
2023,2,JURONG EAST,5 ROOM,3550.00,18,675000.00,5,2023-02-01,6.31
2023,2,JURONG EAST,EXECUTIVE,3000.00,6,910000.00,7,2023-02-01,3.96
2023,2,JURONG WEST,2 ROOM,2700.00,1,296000.00,1,2023-02-01,10.95
2023,2,JURONG WEST,3 ROOM,2200.00,33,310000.00,19,2023-02-01,8.52
2023,2,JURONG WEST,4 ROOM,3000.00,68,461500.00,46,2023-02-01,7.80
2023,2,JURONG WEST,5 ROOM,3250.00,86,570944.00,24,2023-02-01,6.83
2023,2,JURONG WEST,EXECUTIVE,3000.00,18,684000.00,14,2023-02-01,5.26
2023,2,KALLANG/WHAMPOA,3 ROOM,2525.00,56,365000.00,23,2023-02-01,8.30
2023,2,KALLANG/WHAMPOA,4 ROOM,3100.00,40,637500.00,28,2023-02-01,5.84
2023,2,KALLANG/WHAMPOA,5 ROOM,3900.00,23,830000.00,8,2023-02-01,5.64
2023,2,MARINE PARADE,3 ROOM,2550.00,22,439000.00,8,2023-02-01,6.97
2023,2,MARINE PARADE,4 ROOM,2700.00,9,635000.00,2,2023-02-01,5.10
2023,2,MARINE PARADE,5 ROOM,4000.00,1,741944.00,2,2023-02-01,6.47
2023,2,PASIR RIS,4 ROOM,2775.00,26,555000.00,11,2023-02-01,6.00
2023,2,PASIR RIS,5 ROOM,3350.00,29,644000.00,18,2023-02-01,6.24
2023,2,PASIR RIS,EXECUTIVE,3800.00,27,822500.00,8,2023-02-01,5.54
2023,2,PUNGGOL,2 ROOM,2500.00,6,320000.00,10,2023-02-01,9.38
2023,2,PUNGGOL,3 ROOM,2550.00,12,450000.00,20,2023-02-01,6.80
2023,2,PUNGGOL,4 ROOM,3300.00,56,585000.00,87,2023-02-01,6.77
2023,2,PUNGGOL,5 ROOM,3100.00,53,625000.00,44,2023-02-01,5.95
2023,2,PUNGGOL,EXECUTIVE,3300.00,3,682500.00,2,2023-02-01,5.80
2023,2,QUEENSTOWN,3 ROOM,2800.00,75,380000.00,15,2023-02-01,8.84
2023,2,QUEENSTOWN,4 ROOM,4100.00,35,851000.00,19,2023-02-01,5.78
2023,2,QUEENSTOWN,5 ROOM,3900.00,19,900000.00,5,2023-02-01,5.20
2023,2,QUEENSTOWN,EXECUTIVE,3550.00,1,1180000.00,2,2023-02-01,3.61
2023,2,SEMBAWANG,2 ROOM,2550.00,5,320444.00,6,2023-02-01,9.55
2023,2,SEMBAWANG,4 ROOM,3000.00,28,550000.00,25,2023-02-01,6.55
2023,2,SEMBAWANG,5 ROOM,2900.00,32,579000.00,18,2023-02-01,6.01
2023,2,SEMBAWANG,EXECUTIVE,3500.00,7,658000.00,5,2023-02-01,6.38
2023,2,SENGKANG,2 ROOM,2000.00,2,335000.00,4,2023-02-01,7.16
2023,2,SENGKANG,3 ROOM,3050.00,7,450000.00,5,2023-02-01,8.13
2023,2,SENGKANG,4 ROOM,3100.00,77,530000.00,63,2023-02-01,7.02
2023,2,SENGKANG,5 ROOM,3200.00,94,592888.00,47,2023-02-01,6.48
2023,2,SENGKANG,EXECUTIVE,3500.00,19,704000.00,4,2023-02-01,5.97
2023,2,SERANGOON,3 ROOM,2500.00,31,410000.00,3,2023-02-01,7.32
2023,2,SERANGOON,4 ROOM,2950.00,32,628000.00,7,2023-02-01,5.64
2023,2,SERANGOON,5 ROOM,3500.00,7,659000.00,4,2023-02-01,6.37
2023,2,SERANGOON,EXECUTIVE,2800.00,3,820000.00,3,2023-02-01,4.10
2023,2,TAMPINES,2 ROOM,2750.00,1,330000.00,3,2023-02-01,10.00
2023,2,TAMPINES,3 ROOM,2750.00,50,412000.00,33,2023-02-01,8.01
2023,2,TAMPINES,4 ROOM,3000.00,78,548000.00,55,2023-02-01,6.57
2023,2,TAMPINES,5 ROOM,3500.00,55,645000.00,30,2023-02-01,6.51
2023,2,TAMPINES,EXECUTIVE,3500.00,19,868000.00,9,2023-02-01,4.84
2023,2,TOA PAYOH,2 ROOM,2200.00,1,265500.00,2,2023-02-01,9.94
2023,2,TOA PAYOH,3 ROOM,2600.00,63,360000.00,34,2023-02-01,8.67
2023,2,TOA PAYOH,4 ROOM,3000.00,31,795250.00,14,2023-02-01,4.53
2023,2,TOA PAYOH,5 ROOM,3800.00,15,821944.00,12,2023-02-01,5.55
2023,2,TOA PAYOH,EXECUTIVE,4200.00,2,1090000.00,3,2023-02-01,4.62
2023,2,WOODLANDS,2 ROOM,1300.00,3,327500.00,2,2023-02-01,4.76
2023,2,WOODLANDS,3 ROOM,2500.00,19,380000.00,25,2023-02-01,7.89
2023,2,WOODLANDS,4 ROOM,3000.00,56,477888.00,65,2023-02-01,7.53
2023,2,WOODLANDS,5 ROOM,3250.00,52,581500.00,44,2023-02-01,6.71
2023,2,WOODLANDS,EXECUTIVE,3000.00,17,810000.00,17,2023-02-01,4.44
2023,2,YISHUN,2 ROOM,2600.00,5,315000.00,11,2023-02-01,9.90
2023,2,YISHUN,3 ROOM,2500.00,63,380000.00,46,2023-02-01,7.89
2023,2,YISHUN,4 ROOM,2800.00,83,500000.00,69,2023-02-01,6.72
2023,2,YISHUN,5 ROOM,3350.00,24,638088.00,21,2023-02-01,6.30
2023,2,YISHUN,EXECUTIVE,2800.00,12,838000.00,3,2023-02-01,4.01
2023,3,ANG MO KIO,2 ROOM,2000.00,2,288000.00,1,2023-03-01,8.33
2023,3,ANG MO KIO,3 ROOM,2500.00,123,380000.00,47,2023-03-01,7.89
2023,3,ANG MO KIO,4 ROOM,3200.00,46,628000.00,29,2023-03-01,6.11
2023,3,ANG MO KIO,5 ROOM,3150.00,14,698888.00,7,2023-03-01,5.41
2023,3,BEDOK,3 ROOM,2500.00,98,362000.00,59,2023-03-01,8.29
2023,3,BEDOK,4 ROOM,2725.00,54,470000.00,39,2023-03-01,6.96
2023,3,BEDOK,5 ROOM,3500.00,33,690000.00,18,2023-03-01,6.09
2023,3,BEDOK,EXECUTIVE,3450.00,10,865000.00,9,2023-03-01,4.79
2023,3,BISHAN,3 ROOM,2950.00,10,457500.00,6,2023-03-01,7.74
2023,3,BISHAN,4 ROOM,3200.00,47,699000.00,17,2023-03-01,5.49
2023,3,BISHAN,5 ROOM,3500.00,21,918000.00,12,2023-03-01,4.58
2023,3,BISHAN,EXECUTIVE,4100.00,4,1009000.00,4,2023-03-01,4.88
2023,3,BUKIT BATOK,2 ROOM,2500.00,13,333000.00,3,2023-03-01,9.01
2023,3,BUKIT BATOK,3 ROOM,2375.00,60,380000.00,26,2023-03-01,7.50
2023,3,BUKIT BATOK,4 ROOM,3000.00,43,595000.00,52,2023-03-01,6.05
2023,3,BUKIT BATOK,5 ROOM,3200.00,18,778000.00,21,2023-03-01,4.94
2023,3,BUKIT BATOK,EXECUTIVE,3550.00,8,810000.00,11,2023-03-01,5.26
2023,3,BUKIT MERAH,1 ROOM,1700.00,1,237000.00,1,2023-03-01,8.61
2023,3,BUKIT MERAH,2 ROOM,2650.00,4,260000.00,2,2023-03-01,12.23
2023,3,BUKIT MERAH,3 ROOM,2800.00,90,475000.00,25,2023-03-01,7.07
2023,3,BUKIT MERAH,4 ROOM,3700.00,56,801444.00,36,2023-03-01,5.54
2023,3,BUKIT MERAH,5 ROOM,4000.00,24,870000.00,13,2023-03-01,5.52
2023,3,BUKIT PANJANG,3 ROOM,2350.00,12,384000.00,12,2023-03-01,7.34
2023,3,BUKIT PANJANG,4 ROOM,2950.00,35,495000.00,33,2023-03-01,7.15
2023,3,BUKIT PANJANG,5 ROOM,3200.00,23,625000.00,17,2023-03-01,6.14
2023,3,BUKIT PANJANG,EXECUTIVE,3600.00,4,838000.00,3,2023-03-01,5.16
2023,3,BUKIT TIMAH,4 ROOM,3900.00,3,772500.00,4,2023-03-01,6.06
2023,3,CENTRAL AREA,2 ROOM,2300.00,3,328000.00,1,2023-03-01,8.41
2023,3,CENTRAL AREA,3 ROOM,3050.00,18,462000.00,10,2023-03-01,7.92
2023,3,CENTRAL AREA,4 ROOM,3200.00,12,725000.00,7,2023-03-01,5.30
2023,3,CENTRAL AREA,5 ROOM,3900.00,2,1380000.00,3,2023-03-01,3.39
2023,3,CHOA CHU KANG,3 ROOM,2750.00,9,384000.00,6,2023-03-01,8.59
2023,3,CHOA CHU KANG,4 ROOM,3000.00,74,482000.00,52,2023-03-01,7.47
2023,3,CHOA CHU KANG,5 ROOM,3000.00,41,572000.00,27,2023-03-01,6.29
2023,3,CHOA CHU KANG,EXECUTIVE,3400.00,9,714000.00,16,2023-03-01,5.71
2023,3,CLEMENTI,3 ROOM,2700.00,73,392000.00,31,2023-03-01,8.27
2023,3,CLEMENTI,4 ROOM,3300.00,36,766000.00,21,2023-03-01,5.17
2023,3,CLEMENTI,5 ROOM,3300.00,9,725000.00,9,2023-03-01,5.46
2023,3,GEYLANG,2 ROOM,1050.00,6,256000.00,5,2023-03-01,4.92
2023,3,GEYLANG,3 ROOM,2400.00,54,340000.00,29,2023-03-01,8.47
2023,3,GEYLANG,4 ROOM,3000.00,35,558888.00,27,2023-03-01,6.44
2023,3,GEYLANG,5 ROOM,3000.00,9,710000.00,4,2023-03-01,5.07
2023,3,GEYLANG,EXECUTIVE,2277.00,3,928000.00,1,2023-03-01,2.94
2023,3,HOUGANG,2 ROOM,2600.00,3,356000.00,1,2023-03-01,8.76
2023,3,HOUGANG,3 ROOM,2600.00,48,388000.00,23,2023-03-01,8.04
2023,3,HOUGANG,4 ROOM,3000.00,75,520000.00,63,2023-03-01,6.92
2023,3,HOUGANG,5 ROOM,3250.00,33,640000.00,17,2023-03-01,6.09
2023,3,HOUGANG,EXECUTIVE,3600.00,14,862000.00,13,2023-03-01,5.01
2023,3,JURONG EAST,2 ROOM,1800.00,5,315000.00,1,2023-03-01,6.86
2023,3,JURONG EAST,3 ROOM,2400.00,29,366500.00,16,2023-03-01,7.86
2023,3,JURONG EAST,4 ROOM,2925.00,24,469500.00,18,2023-03-01,7.48
2023,3,JURONG EAST,5 ROOM,3300.00,16,657500.00,12,2023-03-01,6.02
2023,3,JURONG EAST,EXECUTIVE,4000.00,11,780000.00,1,2023-03-01,6.15
2023,3,JURONG WEST,3 ROOM,2600.00,39,342000.00,25,2023-03-01,9.12
2023,3,JURONG WEST,4 ROOM,3100.00,79,475000.00,46,2023-03-01,7.83
2023,3,JURONG WEST,5 ROOM,3300.00,82,582000.00,41,2023-03-01,6.80
2023,3,JURONG WEST,EXECUTIVE,3250.00,22,700000.00,7,2023-03-01,5.57
2023,3,KALLANG/WHAMPOA,2 ROOM,2500.00,1,318000.00,3,2023-03-01,9.43
2023,3,KALLANG/WHAMPOA,3 ROOM,2500.00,67,405000.00,27,2023-03-01,7.41
2023,3,KALLANG/WHAMPOA,4 ROOM,3340.50,36,734444.00,18,2023-03-01,5.46
2023,3,KALLANG/WHAMPOA,5 ROOM,4000.00,17,820000.00,7,2023-03-01,5.85
2023,3,KALLANG/WHAMPOA,EXECUTIVE,3000.00,1,1146000.00,1,2023-03-01,3.14
2023,3,MARINE PARADE,3 ROOM,2950.00,12,432444.00,4,2023-03-01,8.19
2023,3,MARINE PARADE,4 ROOM,3225.00,12,570000.00,2,2023-03-01,6.79
2023,3,MARINE PARADE,5 ROOM,4400.00,5,881500.00,2,2023-03-01,5.99
2023,3,PASIR RIS,3 ROOM,2075.00,2,350000.00,1,2023-03-01,7.11
2023,3,PASIR RIS,4 ROOM,3000.00,34,543500.00,32,2023-03-01,6.62
2023,3,PASIR RIS,5 ROOM,3000.00,28,655000.00,17,2023-03-01,5.50
2023,3,PASIR RIS,EXECUTIVE,3531.50,20,827500.00,10,2023-03-01,5.12
2023,3,PUNGGOL,2 ROOM,2300.00,7,330000.00,9,2023-03-01,8.36
2023,3,PUNGGOL,3 ROOM,3200.00,8,452500.00,37,2023-03-01,8.49
2023,3,PUNGGOL,4 ROOM,3300.00,53,582444.00,92,2023-03-01,6.80
2023,3,PUNGGOL,5 ROOM,3325.00,76,645000.00,49,2023-03-01,6.19
2023,3,PUNGGOL,EXECUTIVE,4000.00,1,770000.00,1,2023-03-01,6.23
2023,3,QUEENSTOWN,3 ROOM,2900.00,67,409000.00,28,2023-03-01,8.51
2023,3,QUEENSTOWN,4 ROOM,3800.00,31,899000.00,30,2023-03-01,5.07
2023,3,QUEENSTOWN,5 ROOM,4500.00,16,945000.00,7,2023-03-01,5.71
2023,3,QUEENSTOWN,EXECUTIVE,3200.00,1,1190000.00,2,2023-03-01,3.23
2023,3,SEMBAWANG,2 ROOM,2000.00,7,312500.00,10,2023-03-01,7.68
2023,3,SEMBAWANG,3 ROOM,1880.00,1,425000.00,4,2023-03-01,5.31
2023,3,SEMBAWANG,4 ROOM,3000.00,31,520000.00,35,2023-03-01,6.92
2023,3,SEMBAWANG,5 ROOM,3250.00,26,573500.00,24,2023-03-01,6.80
2023,3,SEMBAWANG,EXECUTIVE,3500.00,13,640000.00,6,2023-03-01,6.56
2023,3,SENGKANG,2 ROOM,2250.00,4,336888.00,5,2023-03-01,8.01
2023,3,SENGKANG,3 ROOM,2700.00,7,420000.00,7,2023-03-01,7.71
2023,3,SENGKANG,4 ROOM,3000.00,85,565000.00,70,2023-03-01,6.37
2023,3,SENGKANG,5 ROOM,3200.00,99,600000.00,66,2023-03-01,6.40
2023,3,SENGKANG,EXECUTIVE,3500.00,13,719000.00,8,2023-03-01,5.84
2023,3,SERANGOON,3 ROOM,2800.00,22,400000.00,13,2023-03-01,8.40
2023,3,SERANGOON,4 ROOM,3500.00,28,577000.00,15,2023-03-01,7.28
2023,3,SERANGOON,5 ROOM,4100.00,11,654000.00,8,2023-03-01,7.52
2023,3,SERANGOON,EXECUTIVE,3100.00,6,984000.00,6,2023-03-01,3.78
2023,3,TAMPINES,3 ROOM,2800.00,67,415000.00,43,2023-03-01,8.10
2023,3,TAMPINES,4 ROOM,2900.00,73,570000.00,67,2023-03-01,6.11
2023,3,TAMPINES,5 ROOM,3300.00,50,684000.00,44,2023-03-01,5.79
2023,3,TAMPINES,EXECUTIVE,4000.00,15,855000.00,12,2023-03-01,5.61
2023,3,TOA PAYOH,2 ROOM,2400.00,4,256888.00,1,2023-03-01,11.21
2023,3,TOA PAYOH,3 ROOM,2600.00,84,344888.00,34,2023-03-01,9.05
2023,3,TOA PAYOH,4 ROOM,3250.00,32,763000.00,25,2023-03-01,5.11
2023,3,TOA PAYOH,5 ROOM,3800.00,21,964000.00,14,2023-03-01,4.73
2023,3,WOODLANDS,2 ROOM,1600.00,5,315000.00,5,2023-03-01,6.10
2023,3,WOODLANDS,3 ROOM,2200.00,25,410000.00,26,2023-03-01,6.44
2023,3,WOODLANDS,4 ROOM,2825.00,66,483750.00,88,2023-03-01,7.01
2023,3,WOODLANDS,5 ROOM,3100.00,67,588500.00,46,2023-03-01,6.32
2023,3,WOODLANDS,EXECUTIVE,3550.00,14,792000.00,11,2023-03-01,5.38
2023,3,YISHUN,2 ROOM,2500.00,3,305000.00,7,2023-03-01,9.84
2023,3,YISHUN,3 ROOM,2650.00,66,382000.00,40,2023-03-01,8.32
2023,3,YISHUN,4 ROOM,3000.00,87,480000.00,78,2023-03-01,7.50
2023,3,YISHUN,5 ROOM,3200.00,33,620000.00,27,2023-03-01,6.19
2023,3,YISHUN,EXECUTIVE,3050.00,6,800000.00,6,2023-03-01,4.58
2023,4,ANG MO KIO,2 ROOM,800.00,3,301500.00,2,2023-04-01,3.18
2023,4,ANG MO KIO,3 ROOM,2700.00,109,382000.00,29,2023-04-01,8.48
2023,4,ANG MO KIO,4 ROOM,3500.00,37,517500.00,28,2023-04-01,8.12
2023,4,ANG MO KIO,5 ROOM,3850.00,16,741500.00,12,2023-04-01,6.23
2023,4,BEDOK,3 ROOM,2600.00,85,366500.00,46,2023-04-01,8.51
2023,4,BEDOK,4 ROOM,3000.00,54,522500.00,42,2023-04-01,6.89
2023,4,BEDOK,5 ROOM,3200.00,33,780000.00,13,2023-04-01,4.92
2023,4,BEDOK,EXECUTIVE,3250.00,6,935000.00,7,2023-04-01,4.17
2023,4,BISHAN,3 ROOM,2700.00,12,509000.00,3,2023-04-01,6.37
2023,4,BISHAN,4 ROOM,3600.00,32,695000.00,16,2023-04-01,6.22
2023,4,BISHAN,5 ROOM,3650.00,22,869000.00,6,2023-04-01,5.04
2023,4,BISHAN,EXECUTIVE,4350.00,1,1065000.00,8,2023-04-01,4.90
2023,4,BUKIT BATOK,2 ROOM,2700.00,5,339000.00,6,2023-04-01,9.56
2023,4,BUKIT BATOK,3 ROOM,2000.00,40,388000.00,32,2023-04-01,6.19
2023,4,BUKIT BATOK,4 ROOM,3225.00,40,585000.00,69,2023-04-01,6.62
2023,4,BUKIT BATOK,5 ROOM,3400.00,19,747500.00,26,2023-04-01,5.46
2023,4,BUKIT BATOK,EXECUTIVE,3000.00,7,861944.00,6,2023-04-01,4.18
2023,4,BUKIT MERAH,1 ROOM,1000.00,1,240000.00,1,2023-04-01,5.00
2023,4,BUKIT MERAH,2 ROOM,2675.00,8,270000.00,1,2023-04-01,11.89
2023,4,BUKIT MERAH,3 ROOM,2800.00,65,370888.00,29,2023-04-01,9.06
2023,4,BUKIT MERAH,4 ROOM,3550.00,44,815000.00,39,2023-04-01,5.23
2023,4,BUKIT MERAH,5 ROOM,4200.00,29,868444.00,16,2023-04-01,5.80
2023,4,BUKIT PANJANG,3 ROOM,3000.00,9,388000.00,9,2023-04-01,9.28
2023,4,BUKIT PANJANG,4 ROOM,3000.00,31,489444.00,38,2023-04-01,7.36
2023,4,BUKIT PANJANG,5 ROOM,3500.00,29,610000.00,25,2023-04-01,6.89
2023,4,BUKIT PANJANG,EXECUTIVE,3200.00,8,730000.00,5,2023-04-01,5.26
2023,4,BUKIT TIMAH,4 ROOM,2800.00,5,810000.00,1,2023-04-01,4.15
2023,4,BUKIT TIMAH,5 ROOM,4200.00,1,985000.00,1,2023-04-01,5.12
2023,4,CENTRAL AREA,3 ROOM,3200.00,35,444800.00,5,2023-04-01,8.63
2023,4,CENTRAL AREA,4 ROOM,4600.00,19,1100000.00,6,2023-04-01,5.02
2023,4,CENTRAL AREA,5 ROOM,5200.00,8,1087500.00,2,2023-04-01,5.74
2023,4,CHOA CHU KANG,3 ROOM,2800.00,11,400000.00,5,2023-04-01,8.40
2023,4,CHOA CHU KANG,4 ROOM,3000.00,48,489000.00,50,2023-04-01,7.36
2023,4,CHOA CHU KANG,5 ROOM,2950.00,31,618000.00,31,2023-04-01,5.73
2023,4,CHOA CHU KANG,EXECUTIVE,3200.00,4,735000.00,8,2023-04-01,5.22
2023,4,CLEMENTI,3 ROOM,2800.00,65,423000.00,19,2023-04-01,7.94
2023,4,CLEMENTI,4 ROOM,3200.00,25,574000.00,16,2023-04-01,6.69
2023,4,CLEMENTI,5 ROOM,4050.00,6,808800.00,5,2023-04-01,6.01
2023,4,GEYLANG,3 ROOM,2500.00,55,327000.00,17,2023-04-01,9.17
2023,4,GEYLANG,4 ROOM,3100.00,23,560000.00,23,2023-04-01,6.64
2023,4,GEYLANG,5 ROOM,3950.00,6,735000.00,6,2023-04-01,6.45
2023,4,GEYLANG,EXECUTIVE,3600.00,3,785000.00,1,2023-04-01,5.50
2023,4,HOUGANG,3 ROOM,2500.00,43,387500.00,16,2023-04-01,7.74
2023,4,HOUGANG,4 ROOM,3000.00,66,521944.00,42,2023-04-01,6.90
2023,4,HOUGANG,5 ROOM,3200.00,20,675888.00,29,2023-04-01,5.68
2023,4,HOUGANG,EXECUTIVE,4000.00,12,869000.00,6,2023-04-01,5.52
2023,4,JURONG EAST,3 ROOM,2500.00,35,356500.00,12,2023-04-01,8.42
2023,4,JURONG EAST,4 ROOM,3400.00,27,466944.00,12,2023-04-01,8.74
2023,4,JURONG EAST,5 ROOM,3500.00,19,670000.00,8,2023-04-01,6.27
2023,4,JURONG EAST,EXECUTIVE,3700.00,3,750000.00,7,2023-04-01,5.92
2023,4,JURONG WEST,2 ROOM,1075.00,2,280000.00,1,2023-04-01,4.61
2023,4,JURONG WEST,3 ROOM,2500.00,47,355000.00,25,2023-04-01,8.45
2023,4,JURONG WEST,4 ROOM,3000.00,84,470000.00,43,2023-04-01,7.66
2023,4,JURONG WEST,5 ROOM,3350.00,68,600000.00,45,2023-04-01,6.70
2023,4,JURONG WEST,EXECUTIVE,3500.00,25,735000.00,13,2023-04-01,5.71
2023,4,KALLANG/WHAMPOA,3 ROOM,3000.00,60,380000.00,31,2023-04-01,9.47
2023,4,KALLANG/WHAMPOA,4 ROOM,3200.00,35,730000.00,35,2023-04-01,5.26
2023,4,KALLANG/WHAMPOA,5 ROOM,4000.00,19,817500.00,10,2023-04-01,5.87
2023,4,KALLANG/WHAMPOA,EXECUTIVE,3100.00,1,1020000.00,3,2023-04-01,3.65
2023,4,MARINE PARADE,3 ROOM,3000.00,21,432500.00,10,2023-04-01,8.32
2023,4,MARINE PARADE,4 ROOM,2800.00,5,592500.00,2,2023-04-01,5.67
2023,4,PASIR RIS,2 ROOM,2500.00,1,367500.00,2,2023-04-01,8.16
2023,4,PASIR RIS,3 ROOM,2000.00,1,590000.00,1,2023-04-01,4.07
2023,4,PASIR RIS,4 ROOM,3200.00,23,535000.00,26,2023-04-01,7.18
2023,4,PASIR RIS,5 ROOM,3200.00,26,650000.00,14,2023-04-01,5.91
2023,4,PASIR RIS,EXECUTIVE,3500.00,26,812000.00,11,2023-04-01,5.17
2023,4,PUNGGOL,2 ROOM,2450.00,2,343000.00,11,2023-04-01,8.57
2023,4,PUNGGOL,3 ROOM,3100.00,13,447444.00,24,2023-04-01,8.31
2023,4,PUNGGOL,4 ROOM,3200.00,53,580000.00,99,2023-04-01,6.62
2023,4,PUNGGOL,5 ROOM,3400.00,69,680000.00,49,2023-04-01,6.00
2023,4,PUNGGOL,EXECUTIVE,3800.00,3,718000.00,4,2023-04-01,6.35
2023,4,QUEENSTOWN,2 ROOM,1800.00,2,260000.00,3,2023-04-01,8.31
2023,4,QUEENSTOWN,3 ROOM,2900.00,69,417500.00,18,2023-04-01,8.34
2023,4,QUEENSTOWN,4 ROOM,3800.00,33,839000.00,22,2023-04-01,5.44
2023,4,QUEENSTOWN,5 ROOM,3600.00,11,1030000.00,5,2023-04-01,4.19
2023,4,SEMBAWANG,2 ROOM,2300.00,5,332000.00,7,2023-04-01,8.31
2023,4,SEMBAWANG,3 ROOM,3200.00,3,440000.00,9,2023-04-01,8.73
2023,4,SEMBAWANG,4 ROOM,3250.00,18,555000.00,39,2023-04-01,7.03
2023,4,SEMBAWANG,5 ROOM,3100.00,32,575000.00,15,2023-04-01,6.47
2023,4,SEMBAWANG,EXECUTIVE,3300.00,7,640888.00,5,2023-04-01,6.18
2023,4,SENGKANG,2 ROOM,2475.00,2,320000.00,3,2023-04-01,9.28
2023,4,SENGKANG,3 ROOM,2950.00,8,456944.00,16,2023-04-01,7.75
2023,4,SENGKANG,4 ROOM,3200.00,105,561000.00,99,2023-04-01,6.84
2023,4,SENGKANG,5 ROOM,3400.00,85,639000.00,48,2023-04-01,6.38
2023,4,SENGKANG,EXECUTIVE,3350.00,18,736500.00,12,2023-04-01,5.46
2023,4,SERANGOON,3 ROOM,2600.00,21,384000.00,8,2023-04-01,8.12
2023,4,SERANGOON,4 ROOM,3300.00,28,609000.00,16,2023-04-01,6.50
2023,4,SERANGOON,5 ROOM,3500.00,8,653000.00,6,2023-04-01,6.43
2023,4,SERANGOON,EXECUTIVE,2800.00,3,869000.00,2,2023-04-01,3.87
2023,4,TAMPINES,3 ROOM,2500.00,67,427000.00,30,2023-04-01,7.03
2023,4,TAMPINES,4 ROOM,3100.00,110,567000.00,50,2023-04-01,6.56
2023,4,TAMPINES,5 ROOM,3700.00,60,696444.00,36,2023-04-01,6.38
2023,4,TAMPINES,EXECUTIVE,3000.00,14,851944.00,10,2023-04-01,4.23
2023,4,TOA PAYOH,2 ROOM,2350.00,4,245000.00,4,2023-04-01,11.51
2023,4,TOA PAYOH,3 ROOM,2500.00,71,341500.00,24,2023-04-01,8.78
2023,4,TOA PAYOH,4 ROOM,3600.00,27,626344.00,20,2023-04-01,6.90
2023,4,TOA PAYOH,5 ROOM,3500.00,15,963944.00,14,2023-04-01,4.36
2023,4,WOODLANDS,2 ROOM,2300.00,3,325000.00,4,2023-04-01,8.49
2023,4,WOODLANDS,3 ROOM,2150.00,16,375000.00,23,2023-04-01,6.88
2023,4,WOODLANDS,4 ROOM,2800.00,61,483500.00,88,2023-04-01,6.95
2023,4,WOODLANDS,5 ROOM,3100.00,62,588888.00,48,2023-04-01,6.32
2023,4,WOODLANDS,EXECUTIVE,3600.00,12,782000.00,15,2023-04-01,5.52
2023,4,YISHUN,2 ROOM,2400.00,3,320000.00,2,2023-04-01,9.00
2023,4,YISHUN,3 ROOM,2550.00,58,375000.00,47,2023-04-01,8.16
2023,4,YISHUN,4 ROOM,3200.00,76,490000.00,81,2023-04-01,7.84
2023,4,YISHUN,5 ROOM,3200.00,28,648000.00,24,2023-04-01,5.93
2023,4,YISHUN,EXECUTIVE,2525.00,8,865000.00,9,2023-04-01,3.50
2023,5,ANG MO KIO,2 ROOM,2125.00,4,287500.00,2,2023-05-01,8.87
2023,5,ANG MO KIO,3 ROOM,2650.00,94,376500.00,44,2023-05-01,8.45
2023,5,ANG MO KIO,4 ROOM,3200.00,45,530000.00,39,2023-05-01,7.25
2023,5,ANG MO KIO,5 ROOM,3500.00,23,702500.00,8,2023-05-01,5.98
2023,5,BEDOK,2 ROOM,2000.00,3,296000.00,1,2023-05-01,8.11
2023,5,BEDOK,3 ROOM,2500.00,101,366500.00,56,2023-05-01,8.19
2023,5,BEDOK,4 ROOM,3000.00,62,550000.00,44,2023-05-01,6.55
2023,5,BEDOK,5 ROOM,3100.00,29,674000.00,14,2023-05-01,5.52
2023,5,BEDOK,EXECUTIVE,4000.00,7,892500.00,4,2023-05-01,5.38
2023,5,BISHAN,3 ROOM,2550.00,12,395000.00,6,2023-05-01,7.75
2023,5,BISHAN,4 ROOM,3500.00,46,688000.00,17,2023-05-01,6.10
2023,5,BISHAN,5 ROOM,3700.00,19,880000.00,11,2023-05-01,5.05
2023,5,BISHAN,EXECUTIVE,3050.00,3,1010000.00,3,2023-05-01,3.62
2023,5,BUKIT BATOK,2 ROOM,2800.00,8,354000.00,5,2023-05-01,9.49
2023,5,BUKIT BATOK,3 ROOM,2400.00,45,378000.00,37,2023-05-01,7.62
2023,5,BUKIT BATOK,4 ROOM,3200.00,49,590000.00,65,2023-05-01,6.51
2023,5,BUKIT BATOK,5 ROOM,3550.00,14,760000.00,29,2023-05-01,5.61
2023,5,BUKIT BATOK,EXECUTIVE,3850.00,6,954000.00,2,2023-05-01,4.84
2023,5,BUKIT MERAH,2 ROOM,2300.00,7,368000.00,2,2023-05-01,7.50
2023,5,BUKIT MERAH,3 ROOM,2825.00,68,476000.00,22,2023-05-01,7.12
2023,5,BUKIT MERAH,4 ROOM,3700.00,64,824000.00,36,2023-05-01,5.39
2023,5,BUKIT MERAH,5 ROOM,4000.00,34,855000.00,16,2023-05-01,5.61
2023,5,BUKIT PANJANG,3 ROOM,2800.00,10,385000.00,13,2023-05-01,8.73
2023,5,BUKIT PANJANG,4 ROOM,3000.00,36,500000.00,31,2023-05-01,7.20
2023,5,BUKIT PANJANG,5 ROOM,3300.00,21,610000.00,17,2023-05-01,6.49
2023,5,BUKIT PANJANG,EXECUTIVE,2900.00,8,800000.00,9,2023-05-01,4.35
2023,5,BUKIT TIMAH,3 ROOM,2650.00,4,485000.00,3,2023-05-01,6.56
2023,5,BUKIT TIMAH,5 ROOM,3475.00,6,998888.00,1,2023-05-01,4.17
2023,5,BUKIT TIMAH,EXECUTIVE,4600.00,1,1210000.00,1,2023-05-01,4.56
2023,5,CENTRAL AREA,3 ROOM,3250.00,18,379000.00,2,2023-05-01,10.29
2023,5,CENTRAL AREA,4 ROOM,4050.00,16,730000.00,8,2023-05-01,6.66
2023,5,CHOA CHU KANG,3 ROOM,2100.00,6,396500.00,6,2023-05-01,6.36
2023,5,CHOA CHU KANG,4 ROOM,3100.00,33,500444.00,54,2023-05-01,7.43
2023,5,CHOA CHU KANG,5 ROOM,3250.00,38,603000.00,35,2023-05-01,6.47
2023,5,CHOA CHU KANG,EXECUTIVE,3350.00,14,760000.00,8,2023-05-01,5.29
2023,5,CLEMENTI,3 ROOM,2800.00,60,380000.00,27,2023-05-01,8.84
2023,5,CLEMENTI,4 ROOM,3600.00,33,578000.00,19,2023-05-01,7.47
2023,5,CLEMENTI,5 ROOM,3800.00,11,700000.00,5,2023-05-01,6.51
2023,5,GEYLANG,2 ROOM,2000.00,1,243500.00,2,2023-05-01,9.86
2023,5,GEYLANG,3 ROOM,2500.00,50,341500.00,16,2023-05-01,8.78
2023,5,GEYLANG,4 ROOM,3500.00,46,699000.00,22,2023-05-01,6.01
2023,5,GEYLANG,5 ROOM,3850.00,8,835000.00,7,2023-05-01,5.53
2023,5,HOUGANG,3 ROOM,2450.00,40,370888.00,21,2023-05-01,7.93
2023,5,HOUGANG,4 ROOM,3000.00,63,527500.00,54,2023-05-01,6.82
2023,5,HOUGANG,5 ROOM,3350.00,24,667388.00,26,2023-05-01,6.02
2023,5,HOUGANG,EXECUTIVE,3000.00,9,850000.00,7,2023-05-01,4.24
2023,5,JURONG EAST,3 ROOM,2400.00,31,365000.00,12,2023-05-01,7.89
2023,5,JURONG EAST,4 ROOM,3200.00,31,493000.00,11,2023-05-01,7.79
2023,5,JURONG EAST,5 ROOM,3700.00,18,659000.00,4,2023-05-01,6.74
2023,5,JURONG EAST,EXECUTIVE,3400.00,3,950000.00,1,2023-05-01,4.29
2023,5,JURONG WEST,2 ROOM,2200.00,4,285000.00,2,2023-05-01,9.26
2023,5,JURONG WEST,3 ROOM,2600.00,49,357944.00,26,2023-05-01,8.72
2023,5,JURONG WEST,4 ROOM,3000.00,62,477500.00,34,2023-05-01,7.54
2023,5,JURONG WEST,5 ROOM,3000.00,85,588000.00,37,2023-05-01,6.12
2023,5,JURONG WEST,EXECUTIVE,3450.00,24,717000.00,9,2023-05-01,5.77
2023,5,KALLANG/WHAMPOA,2 ROOM,1950.00,4,300000.00,1,2023-05-01,7.80
2023,5,KALLANG/WHAMPOA,3 ROOM,2600.00,57,383000.00,25,2023-05-01,8.15
2023,5,KALLANG/WHAMPOA,4 ROOM,3450.00,36,779444.00,30,2023-05-01,5.31
2023,5,KALLANG/WHAMPOA,5 ROOM,3900.00,20,865000.00,11,2023-05-01,5.41
2023,5,KALLANG/WHAMPOA,EXECUTIVE,3600.00,3,1025000.00,2,2023-05-01,4.21
2023,5,MARINE PARADE,3 ROOM,3000.00,23,470000.00,6,2023-05-01,7.66
2023,5,MARINE PARADE,4 ROOM,3400.00,9,515000.00,4,2023-05-01,7.92
2023,5,MARINE PARADE,5 ROOM,4150.00,7,899000.00,6,2023-05-01,5.54
2023,5,PASIR RIS,3 ROOM,3000.00,1,315000.00,1,2023-05-01,11.43
2023,5,PASIR RIS,4 ROOM,3175.00,26,549000.00,28,2023-05-01,6.94
2023,5,PASIR RIS,5 ROOM,3400.00,29,650000.00,19,2023-05-01,6.28
2023,5,PASIR RIS,EXECUTIVE,3650.00,22,825000.00,11,2023-05-01,5.31
2023,5,PUNGGOL,2 ROOM,2600.00,4,340000.00,6,2023-05-01,9.18
2023,5,PUNGGOL,3 ROOM,3250.00,11,451000.00,29,2023-05-01,8.65
2023,5,PUNGGOL,4 ROOM,3300.00,58,590000.00,100,2023-05-01,6.71
2023,5,PUNGGOL,5 ROOM,3400.00,62,724000.00,44,2023-05-01,5.64
2023,5,PUNGGOL,EXECUTIVE,3525.00,2,739344.00,2,2023-05-01,5.72
2023,5,QUEENSTOWN,3 ROOM,3000.00,65,430000.00,19,2023-05-01,8.37
2023,5,QUEENSTOWN,4 ROOM,3700.00,31,855000.00,25,2023-05-01,5.19
2023,5,QUEENSTOWN,5 ROOM,4200.00,17,925400.00,4,2023-05-01,5.45
2023,5,SEMBAWANG,2 ROOM,2450.00,12,323250.00,6,2023-05-01,9.10
2023,5,SEMBAWANG,3 ROOM,2888.00,1,420000.00,5,2023-05-01,8.25
2023,5,SEMBAWANG,4 ROOM,3200.00,27,557000.00,55,2023-05-01,6.89
2023,5,SEMBAWANG,5 ROOM,3200.00,44,617500.00,18,2023-05-01,6.22
2023,5,SEMBAWANG,EXECUTIVE,3225.00,12,680000.00,4,2023-05-01,5.69
2023,5,SENGKANG,2 ROOM,2400.00,3,325000.00,2,2023-05-01,8.86
2023,5,SENGKANG,3 ROOM,3200.00,10,456000.00,15,2023-05-01,8.42
2023,5,SENGKANG,4 ROOM,3200.00,83,570000.00,91,2023-05-01,6.74
2023,5,SENGKANG,5 ROOM,3300.00,74,615000.00,78,2023-05-01,6.44
2023,5,SENGKANG,EXECUTIVE,3600.00,14,737000.00,9,2023-05-01,5.86
2023,5,SERANGOON,3 ROOM,2500.00,20,374000.00,8,2023-05-01,8.02
2023,5,SERANGOON,4 ROOM,3100.00,28,550000.00,23,2023-05-01,6.76
2023,5,SERANGOON,5 ROOM,3200.00,7,669000.00,4,2023-05-01,5.74
2023,5,SERANGOON,EXECUTIVE,3750.00,4,888000.00,1,2023-05-01,5.07
2023,5,TAMPINES,2 ROOM,2500.00,1,350000.00,1,2023-05-01,8.57
2023,5,TAMPINES,3 ROOM,2525.00,62,425000.00,25,2023-05-01,7.13
2023,5,TAMPINES,4 ROOM,3400.00,66,560500.00,54,2023-05-01,7.28
2023,5,TAMPINES,5 ROOM,3600.00,66,700800.00,35,2023-05-01,6.16
2023,5,TAMPINES,EXECUTIVE,3800.00,9,945000.00,7,2023-05-01,4.83
2023,5,TOA PAYOH,2 ROOM,1550.00,4,270000.00,1,2023-05-01,6.89
2023,5,TOA PAYOH,3 ROOM,2450.00,73,350000.00,35,2023-05-01,8.40
2023,5,TOA PAYOH,4 ROOM,3400.00,30,730000.00,10,2023-05-01,5.59
2023,5,TOA PAYOH,5 ROOM,4100.00,16,811500.00,6,2023-05-01,6.06
2023,5,TOA PAYOH,EXECUTIVE,3400.00,1,906944.00,2,2023-05-01,4.50
2023,5,WOODLANDS,2 ROOM,2200.00,5,322500.00,6,2023-05-01,8.19
2023,5,WOODLANDS,3 ROOM,2300.00,22,372000.00,27,2023-05-01,7.42
2023,5,WOODLANDS,4 ROOM,3100.00,55,481888.00,85,2023-05-01,7.72
2023,5,WOODLANDS,5 ROOM,3200.00,51,582500.00,64,2023-05-01,6.59
2023,5,WOODLANDS,EXECUTIVE,2800.00,9,850000.00,17,2023-05-01,3.95
2023,5,YISHUN,2 ROOM,2125.00,2,300000.00,5,2023-05-01,8.50
2023,5,YISHUN,3 ROOM,2500.00,54,381444.00,54,2023-05-01,7.86
2023,5,YISHUN,4 ROOM,3000.00,80,490000.00,77,2023-05-01,7.35
2023,5,YISHUN,5 ROOM,3300.00,25,640000.00,35,2023-05-01,6.19
2023,5,YISHUN,EXECUTIVE,4000.00,7,842000.00,4,2023-05-01,5.70
2023,6,ANG MO KIO,2 ROOM,1300.00,1,299000.00,2,2023-06-01,5.22
2023,6,ANG MO KIO,3 ROOM,2800.00,112,387500.00,30,2023-06-01,8.67
2023,6,ANG MO KIO,4 ROOM,3200.00,36,515388.00,22,2023-06-01,7.45
2023,6,ANG MO KIO,5 ROOM,3500.00,16,695000.00,7,2023-06-01,6.04
2023,6,BEDOK,2 ROOM,1750.00,4,315000.00,2,2023-06-01,6.67
2023,6,BEDOK,3 ROOM,2500.00,97,370000.00,35,2023-06-01,8.11
2023,6,BEDOK,4 ROOM,3325.00,40,486500.00,28,2023-06-01,8.20
2023,6,BEDOK,5 ROOM,3500.00,23,658000.00,27,2023-06-01,6.38
2023,6,BEDOK,EXECUTIVE,4100.00,5,1000000.00,1,2023-06-01,4.92
2023,6,BISHAN,3 ROOM,2900.00,17,345000.00,1,2023-06-01,10.09
2023,6,BISHAN,4 ROOM,3500.00,31,680000.00,19,2023-06-01,6.18
2023,6,BISHAN,5 ROOM,4100.00,15,883000.00,10,2023-06-01,5.57
2023,6,BISHAN,EXECUTIVE,4500.00,3,1225000.00,1,2023-06-01,4.41
2023,6,BUKIT BATOK,2 ROOM,2600.00,13,342500.00,8,2023-06-01,9.11
2023,6,BUKIT BATOK,3 ROOM,2600.00,36,387500.00,22,2023-06-01,8.05
2023,6,BUKIT BATOK,4 ROOM,3000.00,43,603500.00,46,2023-06-01,5.97
2023,6,BUKIT BATOK,5 ROOM,3600.00,13,765000.00,18,2023-06-01,5.65
2023,6,BUKIT BATOK,EXECUTIVE,3500.00,11,797500.00,8,2023-06-01,5.27
2023,6,BUKIT MERAH,2 ROOM,2500.00,7,298000.00,1,2023-06-01,10.07
2023,6,BUKIT MERAH,3 ROOM,2900.00,72,525000.00,29,2023-06-01,6.63
2023,6,BUKIT MERAH,4 ROOM,3800.00,73,878000.00,29,2023-06-01,5.19
2023,6,BUKIT MERAH,5 ROOM,4200.00,31,1005000.00,10,2023-06-01,5.01
2023,6,BUKIT PANJANG,3 ROOM,2500.00,13,425000.00,3,2023-06-01,7.06
2023,6,BUKIT PANJANG,4 ROOM,2600.00,25,495000.00,30,2023-06-01,6.30
2023,6,BUKIT PANJANG,5 ROOM,3200.00,33,600000.00,15,2023-06-01,6.40
2023,6,BUKIT PANJANG,EXECUTIVE,3600.00,8,755000.00,1,2023-06-01,5.72
2023,6,BUKIT TIMAH,3 ROOM,2800.00,3,445000.00,1,2023-06-01,7.55
2023,6,BUKIT TIMAH,5 ROOM,4650.00,3,970000.00,1,2023-06-01,5.75
2023,6,CENTRAL AREA,2 ROOM,2600.00,3,430000.00,1,2023-06-01,7.26
2023,6,CENTRAL AREA,3 ROOM,3100.00,23,463500.00,8,2023-06-01,8.03
2023,6,CENTRAL AREA,4 ROOM,3700.00,12,893000.00,10,2023-06-01,4.97
2023,6,CHOA CHU KANG,3 ROOM,2700.00,3,372000.00,1,2023-06-01,8.71
2023,6,CHOA CHU KANG,4 ROOM,3000.00,57,494000.00,43,2023-06-01,7.29
2023,6,CHOA CHU KANG,5 ROOM,3100.00,34,591000.00,19,2023-06-01,6.29
2023,6,CHOA CHU KANG,EXECUTIVE,3600.00,8,710000.00,9,2023-06-01,6.08
2023,6,CLEMENTI,3 ROOM,2875.00,82,411500.00,16,2023-06-01,8.38
2023,6,CLEMENTI,4 ROOM,3900.00,49,779000.00,10,2023-06-01,6.01
2023,6,CLEMENTI,5 ROOM,3900.00,11,920000.00,5,2023-06-01,5.09
2023,6,GEYLANG,3 ROOM,2500.00,60,310000.00,18,2023-06-01,9.68
2023,6,GEYLANG,4 ROOM,3300.00,32,687500.00,18,2023-06-01,5.76
2023,6,GEYLANG,5 ROOM,3300.00,7,825000.00,6,2023-06-01,4.80
2023,6,HOUGANG,3 ROOM,2600.00,38,396500.00,14,2023-06-01,7.87
2023,6,HOUGANG,4 ROOM,2900.00,72,527500.00,54,2023-06-01,6.60
2023,6,HOUGANG,5 ROOM,3200.00,36,668000.00,31,2023-06-01,5.75
2023,6,HOUGANG,EXECUTIVE,3400.00,8,889000.00,4,2023-06-01,4.59
2023,6,JURONG EAST,3 ROOM,2700.00,35,373500.00,6,2023-06-01,8.67
2023,6,JURONG EAST,4 ROOM,3080.00,29,535000.00,8,2023-06-01,6.91
2023,6,JURONG EAST,5 ROOM,3700.00,29,632500.00,4,2023-06-01,7.02
2023,6,JURONG EAST,EXECUTIVE,4300.00,11,834000.00,2,2023-06-01,6.19
2023,6,JURONG WEST,2 ROOM,2500.00,6,289000.00,2,2023-06-01,10.38
2023,6,JURONG WEST,3 ROOM,2500.00,39,330000.00,22,2023-06-01,9.09
2023,6,JURONG WEST,4 ROOM,3500.00,78,492900.00,46,2023-06-01,8.52
2023,6,JURONG WEST,5 ROOM,3400.00,66,580500.00,26,2023-06-01,7.03
2023,6,JURONG WEST,EXECUTIVE,3800.00,22,735000.00,13,2023-06-01,6.20
2023,6,KALLANG/WHAMPOA,2 ROOM,1350.00,4,283000.00,1,2023-06-01,5.72
2023,6,KALLANG/WHAMPOA,3 ROOM,2800.00,53,415000.00,27,2023-06-01,8.10
2023,6,KALLANG/WHAMPOA,4 ROOM,3200.00,40,800000.00,17,2023-06-01,4.80
2023,6,KALLANG/WHAMPOA,5 ROOM,3800.00,17,931944.00,8,2023-06-01,4.89
2023,6,MARINE PARADE,3 ROOM,2700.00,14,406944.00,6,2023-06-01,7.96
2023,6,MARINE PARADE,4 ROOM,3325.00,8,560000.00,1,2023-06-01,7.12
2023,6,MARINE PARADE,5 ROOM,3800.00,5,910088.00,5,2023-06-01,5.01
2023,6,PASIR RIS,3 ROOM,2750.00,1,500000.00,1,2023-06-01,6.60
2023,6,PASIR RIS,4 ROOM,3200.00,36,539444.00,22,2023-06-01,7.12
2023,6,PASIR RIS,5 ROOM,3200.00,27,655000.00,12,2023-06-01,5.86
2023,6,PASIR RIS,EXECUTIVE,3300.00,22,819000.00,14,2023-06-01,4.84
2023,6,PUNGGOL,2 ROOM,2400.00,7,345000.00,6,2023-06-01,8.35
2023,6,PUNGGOL,3 ROOM,3000.00,5,452500.00,20,2023-06-01,7.96
2023,6,PUNGGOL,4 ROOM,3400.00,57,599944.00,90,2023-06-01,6.80
2023,6,PUNGGOL,5 ROOM,3400.00,54,660000.00,59,2023-06-01,6.18
2023,6,PUNGGOL,EXECUTIVE,3500.00,6,754000.00,6,2023-06-01,5.57
2023,6,QUEENSTOWN,2 ROOM,2300.00,3,313000.00,2,2023-06-01,8.82
2023,6,QUEENSTOWN,3 ROOM,3000.00,87,396000.00,25,2023-06-01,9.09
2023,6,QUEENSTOWN,4 ROOM,4300.00,42,835000.00,18,2023-06-01,6.18
2023,6,QUEENSTOWN,5 ROOM,4100.00,15,1012500.00,2,2023-06-01,4.86
2023,6,SEMBAWANG,2 ROOM,2150.00,10,320000.00,3,2023-06-01,8.06
2023,6,SEMBAWANG,3 ROOM,2700.00,1,445000.00,13,2023-06-01,7.28
2023,6,SEMBAWANG,4 ROOM,3050.00,18,560000.00,44,2023-06-01,6.54
2023,6,SEMBAWANG,5 ROOM,3000.00,21,647500.00,26,2023-06-01,5.56
2023,6,SEMBAWANG,EXECUTIVE,3400.00,16,620000.00,1,2023-06-01,6.58
2023,6,SENGKANG,2 ROOM,2500.00,4,327500.00,4,2023-06-01,9.16
2023,6,SENGKANG,3 ROOM,3100.00,8,451500.00,4,2023-06-01,8.24
2023,6,SENGKANG,4 ROOM,3300.00,69,553000.00,91,2023-06-01,7.16
2023,6,SENGKANG,5 ROOM,3300.00,94,602000.00,39,2023-06-01,6.58
2023,6,SENGKANG,EXECUTIVE,3350.00,16,733000.00,7,2023-06-01,5.48
2023,6,SERANGOON,3 ROOM,2750.00,20,384000.00,5,2023-06-01,8.59
2023,6,SERANGOON,4 ROOM,3500.00,35,580000.00,7,2023-06-01,7.24
2023,6,SERANGOON,5 ROOM,3350.00,10,660000.00,5,2023-06-01,6.09
2023,6,SERANGOON,EXECUTIVE,3650.00,6,938000.00,1,2023-06-01,4.67
2023,6,TAMPINES,3 ROOM,2700.00,69,431000.00,26,2023-06-01,7.52
2023,6,TAMPINES,4 ROOM,3200.00,67,560000.00,52,2023-06-01,6.86
2023,6,TAMPINES,5 ROOM,3300.00,49,645000.00,31,2023-06-01,6.14
2023,6,TAMPINES,EXECUTIVE,4000.00,18,897500.00,10,2023-06-01,5.35
2023,6,TOA PAYOH,2 ROOM,2450.00,2,270000.00,5,2023-06-01,10.89
2023,6,TOA PAYOH,3 ROOM,2900.00,75,368000.00,32,2023-06-01,9.46
2023,6,TOA PAYOH,4 ROOM,3525.00,26,760000.00,13,2023-06-01,5.57
2023,6,TOA PAYOH,5 ROOM,4000.00,16,772500.00,6,2023-06-01,6.21
2023,6,TOA PAYOH,EXECUTIVE,3000.00,1,1005000.00,2,2023-06-01,3.58
2023,6,WOODLANDS,2 ROOM,2100.00,3,337944.00,4,2023-06-01,7.46
2023,6,WOODLANDS,3 ROOM,2600.00,19,343000.00,19,2023-06-01,9.10
2023,6,WOODLANDS,4 ROOM,2950.00,62,500000.00,73,2023-06-01,7.08
2023,6,WOODLANDS,5 ROOM,3200.00,53,590000.00,53,2023-06-01,6.51
2023,6,WOODLANDS,EXECUTIVE,3450.00,11,845000.00,13,2023-06-01,4.90
2023,6,YISHUN,2 ROOM,1900.00,1,330000.00,3,2023-06-01,6.91
2023,6,YISHUN,3 ROOM,2750.00,50,385000.00,36,2023-06-01,8.57
2023,6,YISHUN,4 ROOM,3000.00,81,497000.00,57,2023-06-01,7.24
2023,6,YISHUN,5 ROOM,3550.00,25,626500.00,14,2023-06-01,6.80
2023,6,YISHUN,EXECUTIVE,3050.00,10,870000.00,2,2023-06-01,4.21
2023,7,ANG MO KIO,2 ROOM,1525.00,4,290000.00,1,2023-07-01,6.31
2023,7,ANG MO KIO,3 ROOM,2800.00,119,386000.00,36,2023-07-01,8.70
2023,7,ANG MO KIO,4 ROOM,3350.00,52,533444.00,28,2023-07-01,7.54
2023,7,ANG MO KIO,5 ROOM,3550.00,12,668888.00,3,2023-07-01,6.37
2023,7,BEDOK,2 ROOM,1900.00,2,355000.00,1,2023-07-01,6.42
2023,7,BEDOK,3 ROOM,2700.00,101,373000.00,33,2023-07-01,8.69
2023,7,BEDOK,4 ROOM,3350.00,54,525000.00,29,2023-07-01,7.66
2023,7,BEDOK,5 ROOM,3400.00,35,688000.00,23,2023-07-01,5.93
2023,7,BEDOK,EXECUTIVE,3750.00,4,867500.00,4,2023-07-01,5.19
2023,7,BISHAN,3 ROOM,2800.00,17,489000.00,3,2023-07-01,6.87
2023,7,BISHAN,4 ROOM,3600.00,41,708000.00,15,2023-07-01,6.10
2023,7,BISHAN,5 ROOM,3800.00,15,920000.00,10,2023-07-01,4.96
2023,7,BISHAN,EXECUTIVE,5200.00,3,1068000.00,3,2023-07-01,5.84
2023,7,BUKIT BATOK,2 ROOM,2750.00,6,325000.00,7,2023-07-01,10.15
2023,7,BUKIT BATOK,3 ROOM,2700.00,62,420000.00,24,2023-07-01,7.71
2023,7,BUKIT BATOK,4 ROOM,3350.00,42,600000.00,55,2023-07-01,6.70
2023,7,BUKIT BATOK,5 ROOM,4000.00,13,750000.00,21,2023-07-01,6.40
2023,7,BUKIT BATOK,EXECUTIVE,4000.00,5,890000.00,1,2023-07-01,5.39
2023,7,BUKIT MERAH,2 ROOM,2300.00,6,300000.00,3,2023-07-01,9.20
2023,7,BUKIT MERAH,3 ROOM,3000.00,88,497500.00,25,2023-07-01,7.24
2023,7,BUKIT MERAH,4 ROOM,4000.00,66,870000.00,25,2023-07-01,5.52
2023,7,BUKIT MERAH,5 ROOM,4500.00,36,924000.00,12,2023-07-01,5.84
2023,7,BUKIT PANJANG,2 ROOM,2050.00,2,295000.00,1,2023-07-01,8.34
2023,7,BUKIT PANJANG,3 ROOM,2825.00,8,390000.00,15,2023-07-01,8.69
2023,7,BUKIT PANJANG,4 ROOM,3000.00,43,498000.00,33,2023-07-01,7.23
2023,7,BUKIT PANJANG,5 ROOM,3200.00,26,645000.00,12,2023-07-01,5.95
2023,7,BUKIT PANJANG,EXECUTIVE,3200.00,10,804000.00,10,2023-07-01,4.78
2023,7,BUKIT TIMAH,4 ROOM,3200.00,7,600000.00,1,2023-07-01,6.40
2023,7,CENTRAL AREA,3 ROOM,3250.00,22,470000.00,13,2023-07-01,8.30
2023,7,CENTRAL AREA,4 ROOM,3700.00,10,800000.00,3,2023-07-01,5.55
2023,7,CHOA CHU KANG,2 ROOM,1500.00,1,312500.00,2,2023-07-01,5.76
2023,7,CHOA CHU KANG,3 ROOM,2800.00,5,401000.00,10,2023-07-01,8.38
2023,7,CHOA CHU KANG,4 ROOM,3200.00,44,491500.00,46,2023-07-01,7.81
2023,7,CHOA CHU KANG,5 ROOM,3000.00,35,590000.00,29,2023-07-01,6.10
2023,7,CHOA CHU KANG,EXECUTIVE,3600.00,9,744444.00,4,2023-07-01,5.80
2023,7,CLEMENTI,3 ROOM,2875.00,62,385000.00,13,2023-07-01,8.96
2023,7,CLEMENTI,4 ROOM,3800.00,41,570178.00,17,2023-07-01,8.00
2023,7,CLEMENTI,5 ROOM,4000.00,17,1000000.00,5,2023-07-01,4.80
2023,7,GEYLANG,3 ROOM,2600.00,51,331000.00,24,2023-07-01,9.43
2023,7,GEYLANG,4 ROOM,3000.00,30,630000.00,13,2023-07-01,5.71
2023,7,GEYLANG,5 ROOM,3800.00,13,830000.00,9,2023-07-01,5.49
2023,7,GEYLANG,EXECUTIVE,3250.00,2,870000.00,3,2023-07-01,4.48
2023,7,HOUGANG,3 ROOM,2400.00,27,393000.00,22,2023-07-01,7.33
2023,7,HOUGANG,4 ROOM,3200.00,68,525000.00,55,2023-07-01,7.31
2023,7,HOUGANG,5 ROOM,3375.00,38,715000.00,15,2023-07-01,5.66
2023,7,HOUGANG,EXECUTIVE,3100.00,6,850000.00,13,2023-07-01,4.38
2023,7,JURONG EAST,3 ROOM,2700.00,37,381750.00,16,2023-07-01,8.49
2023,7,JURONG EAST,4 ROOM,3600.00,36,485000.00,8,2023-07-01,8.91
2023,7,JURONG EAST,5 ROOM,3600.00,23,638000.00,13,2023-07-01,6.77
2023,7,JURONG EAST,EXECUTIVE,3350.00,4,770000.00,8,2023-07-01,5.22
2023,7,JURONG WEST,2 ROOM,2400.00,7,300000.00,3,2023-07-01,9.60
2023,7,JURONG WEST,3 ROOM,2800.00,44,375000.00,25,2023-07-01,8.96
2023,7,JURONG WEST,4 ROOM,3300.00,102,495444.00,54,2023-07-01,7.99
2023,7,JURONG WEST,5 ROOM,3400.00,105,580000.00,50,2023-07-01,7.03
2023,7,JURONG WEST,EXECUTIVE,3600.00,25,695000.00,11,2023-07-01,6.22
2023,7,KALLANG/WHAMPOA,3 ROOM,2800.00,85,394000.00,19,2023-07-01,8.53
2023,7,KALLANG/WHAMPOA,4 ROOM,3600.00,33,830000.00,22,2023-07-01,5.20
2023,7,KALLANG/WHAMPOA,5 ROOM,3900.00,17,907944.00,10,2023-07-01,5.15
2023,7,MARINE PARADE,3 ROOM,3000.00,25,447750.00,2,2023-07-01,8.04
2023,7,MARINE PARADE,4 ROOM,3200.00,9,545000.00,6,2023-07-01,7.05
2023,7,MARINE PARADE,5 ROOM,4300.00,3,800000.00,1,2023-07-01,6.45
2023,7,PASIR RIS,4 ROOM,3300.00,35,555000.00,23,2023-07-01,7.14
2023,7,PASIR RIS,5 ROOM,3200.00,21,670000.00,21,2023-07-01,5.73
2023,7,PASIR RIS,EXECUTIVE,4000.00,21,838000.00,13,2023-07-01,5.73
2023,7,PUNGGOL,2 ROOM,2500.00,8,332500.00,2,2023-07-01,9.02
2023,7,PUNGGOL,3 ROOM,3000.00,13,470000.00,26,2023-07-01,7.66
2023,7,PUNGGOL,4 ROOM,3500.00,53,588000.00,85,2023-07-01,7.14
2023,7,PUNGGOL,5 ROOM,3500.00,63,690000.00,43,2023-07-01,6.09
2023,7,PUNGGOL,EXECUTIVE,3500.00,6,721500.00,4,2023-07-01,5.82
2023,7,QUEENSTOWN,2 ROOM,2550.00,3,356500.00,2,2023-07-01,8.58
2023,7,QUEENSTOWN,3 ROOM,3000.00,90,370000.00,15,2023-07-01,9.73
2023,7,QUEENSTOWN,4 ROOM,4400.00,43,930000.00,18,2023-07-01,5.68
2023,7,QUEENSTOWN,5 ROOM,4750.00,12,870000.00,8,2023-07-01,6.55
2023,7,SEMBAWANG,2 ROOM,2000.00,1,332000.00,11,2023-07-01,7.23
2023,7,SEMBAWANG,3 ROOM,2800.00,3,440000.00,7,2023-07-01,7.64
2023,7,SEMBAWANG,4 ROOM,3300.00,29,559444.00,46,2023-07-01,7.08
2023,7,SEMBAWANG,5 ROOM,3000.00,27,580000.00,19,2023-07-01,6.21
2023,7,SEMBAWANG,EXECUTIVE,3500.00,11,786000.00,1,2023-07-01,5.34
2023,7,SENGKANG,2 ROOM,2500.00,7,360000.00,3,2023-07-01,8.33
2023,7,SENGKANG,3 ROOM,3000.00,13,468000.00,15,2023-07-01,7.69
2023,7,SENGKANG,4 ROOM,3300.00,81,540000.00,91,2023-07-01,7.33
2023,7,SENGKANG,5 ROOM,3450.00,76,627500.00,54,2023-07-01,6.60
2023,7,SENGKANG,EXECUTIVE,3300.00,14,720000.00,9,2023-07-01,5.50
2023,7,SERANGOON,3 ROOM,2800.00,21,420444.00,10,2023-07-01,7.99
2023,7,SERANGOON,4 ROOM,3500.00,32,580000.00,16,2023-07-01,7.24
2023,7,SERANGOON,5 ROOM,3700.00,12,785000.00,11,2023-07-01,5.66
2023,7,SERANGOON,EXECUTIVE,3750.00,4,934000.00,6,2023-07-01,4.82
2023,7,TAMPINES,3 ROOM,3000.00,54,420000.00,32,2023-07-01,8.57
2023,7,TAMPINES,4 ROOM,3300.00,90,560000.00,60,2023-07-01,7.07
2023,7,TAMPINES,5 ROOM,3700.00,51,670000.00,42,2023-07-01,6.63
2023,7,TAMPINES,EXECUTIVE,3800.00,13,845000.00,11,2023-07-01,5.40
2023,7,TOA PAYOH,2 ROOM,1700.00,1,280000.00,3,2023-07-01,7.29
2023,7,TOA PAYOH,3 ROOM,2700.00,83,350000.00,30,2023-07-01,9.26
2023,7,TOA PAYOH,4 ROOM,3150.00,36,770000.00,15,2023-07-01,4.91
2023,7,TOA PAYOH,5 ROOM,4000.00,24,790000.00,9,2023-07-01,6.08
2023,7,TOA PAYOH,EXECUTIVE,3550.00,2,936500.00,2,2023-07-01,4.55
2023,7,WOODLANDS,2 ROOM,2200.00,5,330000.00,3,2023-07-01,8.00
2023,7,WOODLANDS,3 ROOM,2600.00,22,380000.00,19,2023-07-01,8.21
2023,7,WOODLANDS,4 ROOM,3025.00,56,492500.00,74,2023-07-01,7.37
2023,7,WOODLANDS,5 ROOM,3200.00,52,600000.00,48,2023-07-01,6.40
2023,7,WOODLANDS,EXECUTIVE,3350.00,12,810000.00,15,2023-07-01,4.96
2023,7,YISHUN,2 ROOM,2500.00,3,330000.00,4,2023-07-01,9.09
2023,7,YISHUN,3 ROOM,2600.00,57,380000.00,40,2023-07-01,8.21
2023,7,YISHUN,4 ROOM,3200.00,85,503500.00,68,2023-07-01,7.63
2023,7,YISHUN,5 ROOM,3250.00,36,650888.00,31,2023-07-01,5.99
2023,7,YISHUN,EXECUTIVE,3400.00,10,860000.00,3,2023-07-01,4.74
2023,8,ANG MO KIO,2 ROOM,2300.00,4,287500.00,2,2023-08-01,9.60
2023,8,ANG MO KIO,3 ROOM,2800.00,97,380000.00,65,2023-08-01,8.84
2023,8,ANG MO KIO,4 ROOM,3400.00,44,555000.00,28,2023-08-01,7.35
2023,8,ANG MO KIO,5 ROOM,3650.00,14,848000.00,15,2023-08-01,5.17
2023,8,ANG MO KIO,EXECUTIVE,4000.00,1,1100000.00,3,2023-08-01,4.36
2023,8,BEDOK,3 ROOM,2650.00,90,370000.00,60,2023-08-01,8.59
2023,8,BEDOK,4 ROOM,3100.00,53,500000.00,50,2023-08-01,7.44
2023,8,BEDOK,5 ROOM,3300.00,28,682000.00,22,2023-08-01,5.81
2023,8,BEDOK,EXECUTIVE,4050.00,10,880000.00,4,2023-08-01,5.52
2023,8,BISHAN,3 ROOM,3000.00,7,520000.00,1,2023-08-01,6.92
2023,8,BISHAN,4 ROOM,3400.00,42,750000.00,20,2023-08-01,5.44
2023,8,BISHAN,5 ROOM,4000.00,23,914000.00,10,2023-08-01,5.25
2023,8,BISHAN,EXECUTIVE,3500.00,2,1150000.00,1,2023-08-01,3.65
2023,8,BUKIT BATOK,2 ROOM,2075.00,6,322000.00,10,2023-08-01,7.73
2023,8,BUKIT BATOK,3 ROOM,2500.00,52,375000.00,37,2023-08-01,8.00
2023,8,BUKIT BATOK,4 ROOM,3000.00,43,590000.00,65,2023-08-01,6.10
2023,8,BUKIT BATOK,5 ROOM,3600.00,16,760000.00,25,2023-08-01,5.68
2023,8,BUKIT BATOK,EXECUTIVE,3700.00,8,834000.00,6,2023-08-01,5.32
2023,8,BUKIT MERAH,2 ROOM,2450.00,10,455000.00,9,2023-08-01,6.46
2023,8,BUKIT MERAH,3 ROOM,3000.00,65,405844.00,38,2023-08-01,8.87
2023,8,BUKIT MERAH,4 ROOM,3900.00,67,850000.00,52,2023-08-01,5.51
2023,8,BUKIT MERAH,5 ROOM,4100.00,34,894000.00,22,2023-08-01,5.50
2023,8,BUKIT PANJANG,3 ROOM,2900.00,8,423900.00,6,2023-08-01,8.21
2023,8,BUKIT PANJANG,4 ROOM,3000.00,40,500000.00,24,2023-08-01,7.20
2023,8,BUKIT PANJANG,5 ROOM,3500.00,27,630000.00,21,2023-08-01,6.67
2023,8,BUKIT PANJANG,EXECUTIVE,4000.00,4,722000.00,7,2023-08-01,6.65
2023,8,BUKIT TIMAH,3 ROOM,1800.00,1,470000.00,1,2023-08-01,4.60
2023,8,BUKIT TIMAH,4 ROOM,2550.00,2,755000.00,1,2023-08-01,4.05
2023,8,BUKIT TIMAH,EXECUTIVE,5100.00,1,1200000.00,3,2023-08-01,5.10
2023,8,CENTRAL AREA,2 ROOM,2000.00,1,282000.00,3,2023-08-01,8.51
2023,8,CENTRAL AREA,3 ROOM,3000.00,37,455000.00,4,2023-08-01,7.91
2023,8,CENTRAL AREA,4 ROOM,4500.00,25,1200000.00,11,2023-08-01,4.50
2023,8,CENTRAL AREA,5 ROOM,4800.00,13,1204000.00,2,2023-08-01,4.78
2023,8,CHOA CHU KANG,3 ROOM,2150.00,12,370000.00,7,2023-08-01,6.97
2023,8,CHOA CHU KANG,4 ROOM,3100.00,41,512000.00,49,2023-08-01,7.27
2023,8,CHOA CHU KANG,5 ROOM,3500.00,38,572500.00,34,2023-08-01,7.34
2023,8,CHOA CHU KANG,EXECUTIVE,3300.00,14,705000.00,5,2023-08-01,5.62
2023,8,CLEMENTI,3 ROOM,2900.00,75,412500.00,18,2023-08-01,8.44
2023,8,CLEMENTI,4 ROOM,3675.00,30,596500.00,20,2023-08-01,7.39
2023,8,CLEMENTI,5 ROOM,4250.00,8,743888.00,4,2023-08-01,6.86
2023,8,CLEMENTI,EXECUTIVE,3650.00,2,1100000.00,3,2023-08-01,3.98
2023,8,GEYLANG,2 ROOM,1700.00,8,240000.00,1,2023-08-01,8.50
2023,8,GEYLANG,3 ROOM,2500.00,46,350000.00,33,2023-08-01,8.57
2023,8,GEYLANG,4 ROOM,3400.00,29,636944.00,26,2023-08-01,6.41
2023,8,GEYLANG,5 ROOM,3800.00,15,635000.00,3,2023-08-01,7.18
2023,8,GEYLANG,EXECUTIVE,3500.00,1,890000.00,3,2023-08-01,4.72
2023,8,HOUGANG,2 ROOM,2550.00,4,345000.00,2,2023-08-01,8.87
2023,8,HOUGANG,3 ROOM,2500.00,37,388000.00,26,2023-08-01,7.73
2023,8,HOUGANG,4 ROOM,3150.00,58,521500.00,60,2023-08-01,7.25
2023,8,HOUGANG,5 ROOM,3500.00,35,658000.00,32,2023-08-01,6.38
2023,8,HOUGANG,EXECUTIVE,2650.00,13,899000.00,14,2023-08-01,3.54
2023,8,JURONG EAST,2 ROOM,2200.00,1,298000.00,2,2023-08-01,8.86
2023,8,JURONG EAST,3 ROOM,2600.00,29,380000.00,15,2023-08-01,8.21
2023,8,JURONG EAST,4 ROOM,3400.00,23,507500.00,10,2023-08-01,8.04
2023,8,JURONG EAST,5 ROOM,3800.00,16,650000.00,18,2023-08-01,7.02
2023,8,JURONG EAST,EXECUTIVE,3500.00,5,938000.00,5,2023-08-01,4.48
2023,8,JURONG WEST,2 ROOM,2600.00,3,267500.00,2,2023-08-01,11.66
2023,8,JURONG WEST,3 ROOM,2650.00,36,351900.00,28,2023-08-01,9.04
2023,8,JURONG WEST,4 ROOM,3350.00,73,494000.00,56,2023-08-01,8.14
2023,8,JURONG WEST,5 ROOM,3550.00,76,590000.00,46,2023-08-01,7.22
2023,8,JURONG WEST,EXECUTIVE,3500.00,27,700000.00,15,2023-08-01,6.00
2023,8,KALLANG/WHAMPOA,2 ROOM,2450.00,3,253000.00,1,2023-08-01,11.62
2023,8,KALLANG/WHAMPOA,3 ROOM,2700.00,55,376000.00,42,2023-08-01,8.62
2023,8,KALLANG/WHAMPOA,4 ROOM,3375.00,36,707500.00,28,2023-08-01,5.72
2023,8,KALLANG/WHAMPOA,5 ROOM,3500.00,15,970000.00,9,2023-08-01,4.33
2023,8,MARINE PARADE,3 ROOM,3000.00,15,435000.00,10,2023-08-01,8.28
2023,8,MARINE PARADE,4 ROOM,3100.00,7,572000.00,1,2023-08-01,6.50
2023,8,MARINE PARADE,5 ROOM,2300.00,1,890500.00,6,2023-08-01,3.10
2023,8,PASIR RIS,2 ROOM,1950.00,1,353000.00,1,2023-08-01,6.63
2023,8,PASIR RIS,3 ROOM,2750.00,4,550000.00,2,2023-08-01,6.00
2023,8,PASIR RIS,4 ROOM,3200.00,37,545000.00,22,2023-08-01,7.05
2023,8,PASIR RIS,5 ROOM,3300.00,29,656000.00,13,2023-08-01,6.04
2023,8,PASIR RIS,EXECUTIVE,3700.00,21,838000.00,13,2023-08-01,5.30
2023,8,PUNGGOL,2 ROOM,2400.00,8,346500.00,6,2023-08-01,8.31
2023,8,PUNGGOL,3 ROOM,2700.00,11,470000.00,27,2023-08-01,6.89
2023,8,PUNGGOL,4 ROOM,3375.00,48,610000.00,96,2023-08-01,6.64
2023,8,PUNGGOL,5 ROOM,3300.00,47,640000.00,57,2023-08-01,6.19
2023,8,PUNGGOL,EXECUTIVE,3275.00,6,758000.00,3,2023-08-01,5.18
2023,8,QUEENSTOWN,2 ROOM,3015.00,2,262000.00,6,2023-08-01,13.81
2023,8,QUEENSTOWN,3 ROOM,2900.00,68,426000.00,16,2023-08-01,8.17
2023,8,QUEENSTOWN,4 ROOM,4200.00,34,906500.00,28,2023-08-01,5.56
2023,8,QUEENSTOWN,5 ROOM,4200.00,11,918000.00,5,2023-08-01,5.49
2023,8,SEMBAWANG,2 ROOM,2350.00,12,332000.00,9,2023-08-01,8.49
2023,8,SEMBAWANG,4 ROOM,3250.00,32,560000.00,58,2023-08-01,6.96
2023,8,SEMBAWANG,5 ROOM,3100.00,23,593444.00,16,2023-08-01,6.27
2023,8,SEMBAWANG,EXECUTIVE,3500.00,12,678888.00,5,2023-08-01,6.19
2023,8,SENGKANG,2 ROOM,2500.00,5,341500.00,8,2023-08-01,8.78
2023,8,SENGKANG,3 ROOM,2900.00,6,462888.00,13,2023-08-01,7.52
2023,8,SENGKANG,4 ROOM,3150.00,86,572444.00,112,2023-08-01,6.60
2023,8,SENGKANG,5 ROOM,3400.00,103,630000.00,59,2023-08-01,6.48
2023,8,SENGKANG,EXECUTIVE,3550.00,12,785000.00,6,2023-08-01,5.43
2023,8,SERANGOON,3 ROOM,2600.00,21,417944.00,16,2023-08-01,7.47
2023,8,SERANGOON,4 ROOM,3400.00,32,583000.00,13,2023-08-01,7.00
2023,8,SERANGOON,5 ROOM,3500.00,9,717500.00,8,2023-08-01,5.85
2023,8,SERANGOON,EXECUTIVE,3900.00,7,865888.00,7,2023-08-01,5.40
2023,8,TAMPINES,3 ROOM,2700.00,47,422500.00,34,2023-08-01,7.67
2023,8,TAMPINES,4 ROOM,3400.00,75,571000.00,48,2023-08-01,7.15
2023,8,TAMPINES,5 ROOM,3500.00,54,675000.00,32,2023-08-01,6.22
2023,8,TAMPINES,EXECUTIVE,3500.00,10,880000.00,11,2023-08-01,4.77
2023,8,TOA PAYOH,2 ROOM,1900.00,5,295000.00,3,2023-08-01,7.73
2023,8,TOA PAYOH,3 ROOM,2850.00,62,348888.00,37,2023-08-01,9.80
2023,8,TOA PAYOH,4 ROOM,3600.00,28,730000.00,21,2023-08-01,5.92
2023,8,TOA PAYOH,5 ROOM,3600.00,17,770000.00,13,2023-08-01,5.61
2023,8,TOA PAYOH,EXECUTIVE,4300.00,1,1090000.00,3,2023-08-01,4.73
2023,8,WOODLANDS,3 ROOM,2400.00,13,398000.00,27,2023-08-01,7.24
2023,8,WOODLANDS,4 ROOM,3000.00,75,500000.00,82,2023-08-01,7.20
2023,8,WOODLANDS,5 ROOM,3200.00,45,590000.00,45,2023-08-01,6.51
2023,8,WOODLANDS,EXECUTIVE,3700.00,10,774000.00,24,2023-08-01,5.74
2023,8,YISHUN,2 ROOM,2500.00,5,325000.00,3,2023-08-01,9.23
2023,8,YISHUN,3 ROOM,2700.00,57,380000.00,52,2023-08-01,8.53
2023,8,YISHUN,4 ROOM,3000.00,75,495000.00,87,2023-08-01,7.27
2023,8,YISHUN,5 ROOM,3500.00,25,650000.00,31,2023-08-01,6.46
2023,8,YISHUN,EXECUTIVE,3350.00,4,808000.00,9,2023-08-01,4.98
2023,9,ANG MO KIO,2 ROOM,2000.00,4,291000.00,2,2023-09-01,8.25
2023,9,ANG MO KIO,3 ROOM,2600.00,103,386500.00,35,2023-09-01,8.07
2023,9,ANG MO KIO,4 ROOM,3350.00,43,520000.00,26,2023-09-01,7.73
2023,9,ANG MO KIO,5 ROOM,3700.00,17,700000.00,11,2023-09-01,6.34
2023,9,ANG MO KIO,EXECUTIVE,3850.00,1,1180000.00,1,2023-09-01,3.92
2023,9,BEDOK,2 ROOM,2150.00,4,350000.00,3,2023-09-01,7.37
2023,9,BEDOK,3 ROOM,2600.00,73,371000.00,41,2023-09-01,8.41
2023,9,BEDOK,4 ROOM,3275.00,44,641000.00,28,2023-09-01,6.13
2023,9,BEDOK,5 ROOM,3700.00,25,690000.00,16,2023-09-01,6.43
2023,9,BEDOK,EXECUTIVE,3900.00,7,934000.00,6,2023-09-01,5.01
2023,9,BISHAN,3 ROOM,3000.00,13,470000.00,3,2023-09-01,7.66
2023,9,BISHAN,4 ROOM,3500.00,29,691500.00,12,2023-09-01,6.07
2023,9,BISHAN,5 ROOM,4000.00,12,956500.00,10,2023-09-01,5.02
2023,9,BISHAN,EXECUTIVE,4600.00,3,1176500.00,4,2023-09-01,4.69
2023,9,BUKIT BATOK,2 ROOM,2650.00,6,338000.00,1,2023-09-01,9.41
2023,9,BUKIT BATOK,3 ROOM,2550.00,55,380000.00,30,2023-09-01,8.05
2023,9,BUKIT BATOK,4 ROOM,3100.00,41,590000.00,41,2023-09-01,6.31
2023,9,BUKIT BATOK,5 ROOM,3700.00,11,760000.00,21,2023-09-01,5.84
2023,9,BUKIT BATOK,EXECUTIVE,3900.00,4,750674.50,2,2023-09-01,6.23
2023,9,BUKIT MERAH,2 ROOM,2500.00,5,291500.00,2,2023-09-01,10.29
2023,9,BUKIT MERAH,3 ROOM,3000.00,63,470000.00,41,2023-09-01,7.66
2023,9,BUKIT MERAH,4 ROOM,3800.00,50,856950.00,36,2023-09-01,5.32
2023,9,BUKIT MERAH,5 ROOM,4500.00,21,965000.00,13,2023-09-01,5.60
2023,9,BUKIT PANJANG,3 ROOM,2225.00,8,414000.00,10,2023-09-01,6.45
2023,9,BUKIT PANJANG,4 ROOM,2800.00,28,525500.00,34,2023-09-01,6.39
2023,9,BUKIT PANJANG,5 ROOM,3100.00,17,597500.00,10,2023-09-01,6.23
2023,9,BUKIT PANJANG,EXECUTIVE,3350.00,8,797500.00,4,2023-09-01,5.04
2023,9,BUKIT TIMAH,4 ROOM,2500.00,4,841500.00,2,2023-09-01,3.57
2023,9,BUKIT TIMAH,5 ROOM,4200.00,3,1075000.00,4,2023-09-01,4.69
2023,9,CENTRAL AREA,2 ROOM,1950.00,3,360000.00,1,2023-09-01,6.50
2023,9,CENTRAL AREA,3 ROOM,3050.00,13,450000.00,6,2023-09-01,8.13
2023,9,CENTRAL AREA,4 ROOM,4000.00,6,944000.00,4,2023-09-01,5.08
2023,9,CHOA CHU KANG,2 ROOM,2450.00,2,273000.00,1,2023-09-01,10.77
2023,9,CHOA CHU KANG,3 ROOM,2200.00,6,395000.00,5,2023-09-01,6.68
2023,9,CHOA CHU KANG,4 ROOM,2875.00,58,500000.00,50,2023-09-01,6.90
2023,9,CHOA CHU KANG,5 ROOM,3200.00,42,570000.00,35,2023-09-01,6.74
2023,9,CHOA CHU KANG,EXECUTIVE,3250.00,10,719000.00,8,2023-09-01,5.42
2023,9,CLEMENTI,3 ROOM,3000.00,63,395000.00,19,2023-09-01,9.11
2023,9,CLEMENTI,4 ROOM,3800.00,30,765000.00,21,2023-09-01,5.96
2023,9,CLEMENTI,5 ROOM,3650.00,6,957500.00,4,2023-09-01,4.57
2023,9,GEYLANG,2 ROOM,1800.00,3,250000.00,3,2023-09-01,8.64
2023,9,GEYLANG,3 ROOM,2800.00,50,325000.00,17,2023-09-01,10.34
2023,9,GEYLANG,4 ROOM,3000.00,25,566500.00,20,2023-09-01,6.35
2023,9,GEYLANG,5 ROOM,4100.00,6,750000.00,9,2023-09-01,6.56
2023,9,GEYLANG,EXECUTIVE,4150.00,2,875000.00,3,2023-09-01,5.69
2023,9,HOUGANG,2 ROOM,2225.00,8,358344.00,4,2023-09-01,7.45
2023,9,HOUGANG,3 ROOM,2850.00,31,408000.00,19,2023-09-01,8.38
2023,9,HOUGANG,4 ROOM,3100.00,64,560000.00,47,2023-09-01,6.64
2023,9,HOUGANG,5 ROOM,3350.00,28,675194.00,24,2023-09-01,5.95
2023,9,HOUGANG,EXECUTIVE,3000.00,7,850888.00,5,2023-09-01,4.23
2023,9,JURONG EAST,2 ROOM,2250.00,2,288000.00,1,2023-09-01,9.38
2023,9,JURONG EAST,3 ROOM,3000.00,27,380000.00,11,2023-09-01,9.47
2023,9,JURONG EAST,4 ROOM,3100.00,24,465000.00,6,2023-09-01,8.00
2023,9,JURONG EAST,5 ROOM,3600.00,15,545000.00,8,2023-09-01,7.93
2023,9,JURONG EAST,EXECUTIVE,3975.00,4,1020000.00,1,2023-09-01,4.68
2023,9,JURONG WEST,2 ROOM,1900.00,2,299000.00,4,2023-09-01,7.63
2023,9,JURONG WEST,3 ROOM,2700.00,41,350000.00,35,2023-09-01,9.26
2023,9,JURONG WEST,4 ROOM,3000.00,59,505000.00,55,2023-09-01,7.13
2023,9,JURONG WEST,5 ROOM,3450.00,68,570500.00,42,2023-09-01,7.26
2023,9,JURONG WEST,EXECUTIVE,3500.00,17,690000.00,13,2023-09-01,6.09
2023,9,KALLANG/WHAMPOA,3 ROOM,2500.00,47,381000.00,30,2023-09-01,7.87
2023,9,KALLANG/WHAMPOA,4 ROOM,3500.00,35,704000.00,26,2023-09-01,5.97
2023,9,KALLANG/WHAMPOA,5 ROOM,3150.00,20,795000.00,7,2023-09-01,4.75
2023,9,MARINE PARADE,3 ROOM,2900.00,15,428000.00,3,2023-09-01,8.13
2023,9,MARINE PARADE,4 ROOM,3500.00,9,530000.00,1,2023-09-01,7.92
2023,9,MARINE PARADE,5 ROOM,4300.00,5,860000.00,1,2023-09-01,6.00
2023,9,PASIR RIS,2 ROOM,1500.00,1,366000.00,1,2023-09-01,4.92
2023,9,PASIR RIS,3 ROOM,2800.00,4,590000.00,1,2023-09-01,5.69
2023,9,PASIR RIS,4 ROOM,3375.00,42,565000.00,25,2023-09-01,7.17
2023,9,PASIR RIS,5 ROOM,3400.00,30,648250.00,12,2023-09-01,6.29
2023,9,PASIR RIS,EXECUTIVE,3300.00,15,820000.00,5,2023-09-01,4.83
2023,9,PUNGGOL,2 ROOM,2175.00,4,344000.00,10,2023-09-01,7.59
2023,9,PUNGGOL,3 ROOM,2900.00,7,471500.00,18,2023-09-01,7.38
2023,9,PUNGGOL,4 ROOM,3300.00,72,600000.00,75,2023-09-01,6.60
2023,9,PUNGGOL,5 ROOM,3400.00,65,710000.00,43,2023-09-01,5.75
2023,9,PUNGGOL,EXECUTIVE,3330.00,3,780000.00,3,2023-09-01,5.12
2023,9,QUEENSTOWN,3 ROOM,3000.00,65,385000.00,23,2023-09-01,9.35
2023,9,QUEENSTOWN,4 ROOM,4000.00,23,842000.00,13,2023-09-01,5.70
2023,9,QUEENSTOWN,5 ROOM,4400.00,10,900000.00,3,2023-09-01,5.87
2023,9,SEMBAWANG,2 ROOM,2300.00,8,329000.00,8,2023-09-01,8.39
2023,9,SEMBAWANG,3 ROOM,2750.00,1,442000.00,7,2023-09-01,7.47
2023,9,SEMBAWANG,4 ROOM,3075.00,24,538000.00,47,2023-09-01,6.86
2023,9,SEMBAWANG,5 ROOM,3250.00,28,565000.00,23,2023-09-01,6.90
2023,9,SEMBAWANG,EXECUTIVE,3500.00,9,711944.00,6,2023-09-01,5.90
2023,9,SENGKANG,2 ROOM,1650.00,3,333444.00,2,2023-09-01,5.94
2023,9,SENGKANG,3 ROOM,2800.00,10,462000.00,9,2023-09-01,7.27
2023,9,SENGKANG,4 ROOM,3200.00,58,550000.00,73,2023-09-01,6.98
2023,9,SENGKANG,5 ROOM,3400.00,74,632388.00,40,2023-09-01,6.45
2023,9,SENGKANG,EXECUTIVE,3525.00,18,735000.00,9,2023-09-01,5.76
2023,9,SERANGOON,3 ROOM,2700.00,30,463000.00,10,2023-09-01,7.00
2023,9,SERANGOON,4 ROOM,3300.00,36,567500.00,14,2023-09-01,6.98
2023,9,SERANGOON,5 ROOM,3500.00,9,712500.00,6,2023-09-01,5.89
2023,9,SERANGOON,EXECUTIVE,3250.00,4,904000.00,10,2023-09-01,4.31
2023,9,TAMPINES,2 ROOM,2300.00,1,305000.00,1,2023-09-01,9.05
2023,9,TAMPINES,3 ROOM,2700.00,51,420000.00,33,2023-09-01,7.71
2023,9,TAMPINES,4 ROOM,3100.00,67,581000.00,52,2023-09-01,6.40
2023,9,TAMPINES,5 ROOM,3500.00,57,690000.00,27,2023-09-01,6.09
2023,9,TAMPINES,EXECUTIVE,4050.00,10,853000.00,9,2023-09-01,5.70
2023,9,TOA PAYOH,2 ROOM,2500.00,1,260000.00,2,2023-09-01,11.54
2023,9,TOA PAYOH,3 ROOM,2800.00,75,360000.00,32,2023-09-01,9.33
2023,9,TOA PAYOH,4 ROOM,3600.00,25,816888.00,23,2023-09-01,5.29
2023,9,TOA PAYOH,5 ROOM,3500.00,11,972500.00,8,2023-09-01,4.32
2023,9,TOA PAYOH,EXECUTIVE,3050.00,4,1055000.00,2,2023-09-01,3.47
2023,9,WOODLANDS,2 ROOM,2400.00,11,333000.00,7,2023-09-01,8.65
2023,9,WOODLANDS,3 ROOM,2500.00,17,350000.00,19,2023-09-01,8.57
2023,9,WOODLANDS,4 ROOM,3000.00,67,500000.00,80,2023-09-01,7.20
2023,9,WOODLANDS,5 ROOM,3300.00,54,585000.00,37,2023-09-01,6.77
2023,9,WOODLANDS,EXECUTIVE,3500.00,7,802000.00,14,2023-09-01,5.24
2023,9,YISHUN,2 ROOM,2400.00,3,315000.00,3,2023-09-01,9.14
2023,9,YISHUN,3 ROOM,2550.00,40,393500.00,34,2023-09-01,7.78
2023,9,YISHUN,4 ROOM,3100.00,78,511000.00,59,2023-09-01,7.28
2023,9,YISHUN,5 ROOM,3500.00,17,640000.00,25,2023-09-01,6.56
2023,9,YISHUN,EXECUTIVE,3500.00,5,740000.00,3,2023-09-01,5.68
2023,10,ANG MO KIO,3 ROOM,2800.00,96,385000.00,48,2023-10-01,8.73
2023,10,ANG MO KIO,4 ROOM,3200.00,44,718000.00,33,2023-10-01,5.35
2023,10,ANG MO KIO,5 ROOM,3850.00,13,750000.00,13,2023-10-01,6.16
2023,10,ANG MO KIO,EXECUTIVE,2800.00,1,995000.00,3,2023-10-01,3.38
2023,10,BEDOK,3 ROOM,2600.00,97,375000.00,45,2023-10-01,8.32
2023,10,BEDOK,4 ROOM,3100.00,51,521944.00,36,2023-10-01,7.13
2023,10,BEDOK,5 ROOM,3500.00,21,688000.00,15,2023-10-01,6.10
2023,10,BEDOK,EXECUTIVE,3775.00,8,895000.00,5,2023-10-01,5.06
2023,10,BISHAN,3 ROOM,3000.00,19,491500.00,4,2023-10-01,7.32
2023,10,BISHAN,4 ROOM,3700.00,26,660000.00,19,2023-10-01,6.73
2023,10,BISHAN,5 ROOM,3600.00,25,904000.00,6,2023-10-01,4.78
2023,10,BISHAN,EXECUTIVE,5000.00,1,1120000.00,5,2023-10-01,5.36
2023,10,BUKIT BATOK,2 ROOM,2700.00,5,336500.00,4,2023-10-01,9.63
2023,10,BUKIT BATOK,3 ROOM,2600.00,50,372694.00,36,2023-10-01,8.37
2023,10,BUKIT BATOK,4 ROOM,3200.00,29,600000.00,63,2023-10-01,6.40
2023,10,BUKIT BATOK,5 ROOM,3500.00,20,741500.00,28,2023-10-01,5.66
2023,10,BUKIT BATOK,EXECUTIVE,3650.00,8,850000.00,7,2023-10-01,5.15
2023,10,BUKIT MERAH,1 ROOM,2100.00,1,236000.00,2,2023-10-01,10.68
2023,10,BUKIT MERAH,2 ROOM,2225.00,12,300000.00,1,2023-10-01,8.90
2023,10,BUKIT MERAH,3 ROOM,2975.00,74,438444.00,28,2023-10-01,8.14
2023,10,BUKIT MERAH,4 ROOM,3850.00,52,852000.00,32,2023-10-01,5.42
2023,10,BUKIT MERAH,5 ROOM,4000.00,31,890000.00,17,2023-10-01,5.39
2023,10,BUKIT PANJANG,2 ROOM,1100.00,1,312500.00,2,2023-10-01,4.22
2023,10,BUKIT PANJANG,3 ROOM,2050.00,12,382500.00,4,2023-10-01,6.43
2023,10,BUKIT PANJANG,4 ROOM,3000.00,39,500000.00,29,2023-10-01,7.20
2023,10,BUKIT PANJANG,5 ROOM,3200.00,34,630000.00,20,2023-10-01,6.10
2023,10,BUKIT PANJANG,EXECUTIVE,3600.00,11,835000.00,5,2023-10-01,5.17
2023,10,BUKIT TIMAH,3 ROOM,3450.00,2,448168.00,1,2023-10-01,9.24
2023,10,BUKIT TIMAH,4 ROOM,3675.00,4,750000.00,3,2023-10-01,5.88
2023,10,CENTRAL AREA,3 ROOM,3200.00,27,485000.00,6,2023-10-01,7.92
2023,10,CENTRAL AREA,4 ROOM,4000.00,13,700000.00,3,2023-10-01,6.86
2023,10,CENTRAL AREA,5 ROOM,4350.00,1,1438888.00,1,2023-10-01,3.63
2023,10,CHOA CHU KANG,2 ROOM,1700.00,1,295000.00,1,2023-10-01,6.92
2023,10,CHOA CHU KANG,3 ROOM,2900.00,7,380000.00,7,2023-10-01,9.16
2023,10,CHOA CHU KANG,4 ROOM,3000.00,48,505000.00,59,2023-10-01,7.13
2023,10,CHOA CHU KANG,5 ROOM,3075.00,30,599000.00,24,2023-10-01,6.16
2023,10,CHOA CHU KANG,EXECUTIVE,3500.00,13,770000.00,5,2023-10-01,5.45
2023,10,CLEMENTI,2 ROOM,1900.00,1,300000.00,1,2023-10-01,7.60
2023,10,CLEMENTI,3 ROOM,3000.00,61,407000.00,17,2023-10-01,8.85
2023,10,CLEMENTI,4 ROOM,3800.00,32,558000.00,22,2023-10-01,8.17
2023,10,CLEMENTI,5 ROOM,4100.00,8,995000.00,8,2023-10-01,4.94
2023,10,GEYLANG,2 ROOM,1950.00,2,287944.00,2,2023-10-01,8.13
2023,10,GEYLANG,3 ROOM,2700.00,67,350000.00,23,2023-10-01,9.26
2023,10,GEYLANG,4 ROOM,3600.00,31,770000.00,20,2023-10-01,5.61
2023,10,GEYLANG,5 ROOM,4300.00,7,610000.00,5,2023-10-01,8.46
2023,10,GEYLANG,EXECUTIVE,5000.00,1,970000.00,2,2023-10-01,6.19
2023,10,HOUGANG,2 ROOM,2500.00,7,345000.00,5,2023-10-01,8.70
2023,10,HOUGANG,3 ROOM,2800.00,44,395000.00,45,2023-10-01,8.51
2023,10,HOUGANG,4 ROOM,3175.00,70,552500.00,70,2023-10-01,6.90
2023,10,HOUGANG,5 ROOM,3250.00,26,637500.00,24,2023-10-01,6.12
2023,10,HOUGANG,EXECUTIVE,4000.00,11,856944.00,6,2023-10-01,5.60
2023,10,JURONG EAST,3 ROOM,2500.00,29,369000.00,14,2023-10-01,8.13
2023,10,JURONG EAST,4 ROOM,3150.00,34,480000.00,15,2023-10-01,7.88
2023,10,JURONG EAST,5 ROOM,3800.00,21,628000.00,5,2023-10-01,7.26
2023,10,JURONG EAST,EXECUTIVE,3540.00,2,975000.00,6,2023-10-01,4.36
2023,10,JURONG WEST,2 ROOM,2450.00,4,313000.00,5,2023-10-01,9.39
2023,10,JURONG WEST,3 ROOM,2550.00,38,365000.00,36,2023-10-01,8.38
2023,10,JURONG WEST,4 ROOM,3300.00,70,490000.00,49,2023-10-01,8.08
2023,10,JURONG WEST,5 ROOM,3500.00,81,589000.00,36,2023-10-01,7.13
2023,10,JURONG WEST,EXECUTIVE,3400.00,21,710000.00,6,2023-10-01,5.75
2023,10,KALLANG/WHAMPOA,2 ROOM,2200.00,3,265000.00,1,2023-10-01,9.96
2023,10,KALLANG/WHAMPOA,3 ROOM,3000.00,58,370000.00,37,2023-10-01,9.73
2023,10,KALLANG/WHAMPOA,4 ROOM,3600.00,43,806500.00,14,2023-10-01,5.36
2023,10,KALLANG/WHAMPOA,5 ROOM,3600.00,15,915000.00,8,2023-10-01,4.72
2023,10,KALLANG/WHAMPOA,EXECUTIVE,3850.00,2,990000.00,1,2023-10-01,4.67
2023,10,MARINE PARADE,3 ROOM,3000.00,21,430000.00,5,2023-10-01,8.37
2023,10,MARINE PARADE,4 ROOM,3500.00,13,605000.00,7,2023-10-01,6.94
2023,10,MARINE PARADE,5 ROOM,3500.00,5,914000.00,2,2023-10-01,4.60
2023,10,PASIR RIS,2 ROOM,2500.00,1,355000.00,1,2023-10-01,8.45
2023,10,PASIR RIS,3 ROOM,2800.00,3,464000.00,2,2023-10-01,7.24
2023,10,PASIR RIS,4 ROOM,3050.00,40,540000.00,21,2023-10-01,6.78
2023,10,PASIR RIS,5 ROOM,3525.00,26,656500.00,14,2023-10-01,6.44
2023,10,PASIR RIS,EXECUTIVE,4000.00,17,836500.00,14,2023-10-01,5.74
2023,10,PUNGGOL,2 ROOM,2450.00,6,336000.00,8,2023-10-01,8.75
2023,10,PUNGGOL,3 ROOM,3025.00,16,472500.00,22,2023-10-01,7.68
2023,10,PUNGGOL,4 ROOM,3300.00,53,603500.00,90,2023-10-01,6.56
2023,10,PUNGGOL,5 ROOM,3400.00,64,728888.00,60,2023-10-01,5.60
2023,10,PUNGGOL,EXECUTIVE,3350.00,4,705000.00,1,2023-10-01,5.70
2023,10,QUEENSTOWN,2 ROOM,2000.00,9,400000.00,1,2023-10-01,6.00
2023,10,QUEENSTOWN,3 ROOM,3000.00,68,405000.00,23,2023-10-01,8.89
2023,10,QUEENSTOWN,4 ROOM,3950.00,28,916500.00,24,2023-10-01,5.17
2023,10,QUEENSTOWN,5 ROOM,4200.00,10,787500.00,2,2023-10-01,6.40
2023,10,QUEENSTOWN,EXECUTIVE,3800.00,1,958000.00,1,2023-10-01,4.76
2023,10,SEMBAWANG,2 ROOM,2150.00,6,332500.00,2,2023-10-01,7.76
2023,10,SEMBAWANG,3 ROOM,2250.00,2,440000.00,11,2023-10-01,6.14
2023,10,SEMBAWANG,4 ROOM,3000.00,34,556500.00,54,2023-10-01,6.47
2023,10,SEMBAWANG,5 ROOM,3175.00,46,582000.00,21,2023-10-01,6.55
2023,10,SEMBAWANG,EXECUTIVE,3600.00,6,735000.00,3,2023-10-01,5.88
2023,10,SENGKANG,2 ROOM,2500.00,5,332500.00,6,2023-10-01,9.02
2023,10,SENGKANG,3 ROOM,3000.00,18,466000.00,16,2023-10-01,7.73
2023,10,SENGKANG,4 ROOM,3200.00,92,567500.00,112,2023-10-01,6.77
2023,10,SENGKANG,5 ROOM,3400.00,86,599444.00,52,2023-10-01,6.81
2023,10,SENGKANG,EXECUTIVE,3500.00,15,730000.00,11,2023-10-01,5.75
2023,10,SERANGOON,3 ROOM,2675.00,22,406000.00,8,2023-10-01,7.91
2023,10,SERANGOON,4 ROOM,3135.00,24,634000.00,18,2023-10-01,5.93
2023,10,SERANGOON,5 ROOM,2500.00,11,826000.00,2,2023-10-01,3.63
2023,10,SERANGOON,EXECUTIVE,4000.00,11,930000.00,3,2023-10-01,5.16
2023,10,TAMPINES,3 ROOM,2900.00,46,425888.00,27,2023-10-01,8.17
2023,10,TAMPINES,4 ROOM,3400.00,81,578000.00,55,2023-10-01,7.06
2023,10,TAMPINES,5 ROOM,3550.00,52,655000.00,34,2023-10-01,6.50
2023,10,TAMPINES,EXECUTIVE,3550.00,14,910000.00,12,2023-10-01,4.68
2023,10,TOA PAYOH,2 ROOM,1700.00,2,266888.00,5,2023-10-01,7.64
2023,10,TOA PAYOH,3 ROOM,2800.00,70,363000.00,29,2023-10-01,9.26
2023,10,TOA PAYOH,4 ROOM,3350.00,33,675000.00,14,2023-10-01,5.96
2023,10,TOA PAYOH,5 ROOM,3800.00,17,951944.00,6,2023-10-01,4.79
2023,10,TOA PAYOH,EXECUTIVE,4000.00,2,830000.00,1,2023-10-01,5.78
2023,10,WOODLANDS,2 ROOM,2250.00,4,315168.00,7,2023-10-01,8.57
2023,10,WOODLANDS,3 ROOM,2600.00,13,353800.00,19,2023-10-01,8.82
2023,10,WOODLANDS,4 ROOM,3000.00,83,515000.00,76,2023-10-01,6.99
2023,10,WOODLANDS,5 ROOM,3400.00,63,600000.00,50,2023-10-01,6.80
2023,10,WOODLANDS,EXECUTIVE,3550.00,10,814000.00,14,2023-10-01,5.23
2023,10,YISHUN,2 ROOM,2300.00,6,319000.00,8,2023-10-01,8.65
2023,10,YISHUN,3 ROOM,2600.00,70,382500.00,22,2023-10-01,8.16
2023,10,YISHUN,4 ROOM,3100.00,59,520000.00,68,2023-10-01,7.15
2023,10,YISHUN,5 ROOM,3350.00,16,635000.00,11,2023-10-01,6.33
2023,10,YISHUN,EXECUTIVE,3450.00,10,819000.00,4,2023-10-01,5.05
2023,11,ANG MO KIO,2 ROOM,1600.00,2,295000.00,3,2023-11-01,6.51
2023,11,ANG MO KIO,3 ROOM,2800.00,90,388000.00,56,2023-11-01,8.66
2023,11,ANG MO KIO,4 ROOM,3500.00,39,607500.00,26,2023-11-01,6.91
2023,11,ANG MO KIO,5 ROOM,3750.00,20,828000.00,11,2023-11-01,5.43
2023,11,BEDOK,2 ROOM,1750.00,3,292500.00,2,2023-11-01,7.18
2023,11,BEDOK,3 ROOM,2700.00,93,365000.00,38,2023-11-01,8.88
2023,11,BEDOK,4 ROOM,3200.00,66,539000.00,34,2023-11-01,7.12
2023,11,BEDOK,5 ROOM,3425.00,26,715000.00,14,2023-11-01,5.75
2023,11,BEDOK,EXECUTIVE,3500.00,2,914000.00,8,2023-11-01,4.60
2023,11,BISHAN,3 ROOM,3150.00,8,510000.00,5,2023-11-01,7.41
2023,11,BISHAN,4 ROOM,3500.00,39,704000.00,16,2023-11-01,5.97
2023,11,BISHAN,5 ROOM,3600.00,11,932500.00,6,2023-11-01,4.63
2023,11,BISHAN,EXECUTIVE,5050.00,2,1074444.00,4,2023-11-01,5.64
2023,11,BUKIT BATOK,2 ROOM,2400.00,1,343500.00,4,2023-11-01,8.38
2023,11,BUKIT BATOK,3 ROOM,2800.00,35,377000.00,43,2023-11-01,8.91
2023,11,BUKIT BATOK,4 ROOM,3000.00,42,590000.00,57,2023-11-01,6.10
2023,11,BUKIT BATOK,5 ROOM,3650.00,19,778000.00,27,2023-11-01,5.63
2023,11,BUKIT BATOK,EXECUTIVE,3500.00,4,825000.00,11,2023-11-01,5.09
2023,11,BUKIT MERAH,2 ROOM,2300.00,7,288000.00,1,2023-11-01,9.58
2023,11,BUKIT MERAH,3 ROOM,2900.00,71,405000.00,32,2023-11-01,8.59
2023,11,BUKIT MERAH,4 ROOM,3765.00,52,839888.00,37,2023-11-01,5.38
2023,11,BUKIT MERAH,5 ROOM,4100.00,37,998000.00,15,2023-11-01,4.93
2023,11,BUKIT PANJANG,3 ROOM,2500.00,9,400500.00,8,2023-11-01,7.49
2023,11,BUKIT PANJANG,4 ROOM,3000.00,29,513000.00,33,2023-11-01,7.02
2023,11,BUKIT PANJANG,5 ROOM,3250.00,26,615000.00,19,2023-11-01,6.34
2023,11,BUKIT PANJANG,EXECUTIVE,3300.00,7,765000.00,6,2023-11-01,5.18
2023,11,BUKIT TIMAH,3 ROOM,2150.00,4,435000.00,1,2023-11-01,5.93
2023,11,BUKIT TIMAH,4 ROOM,3500.00,4,890000.00,1,2023-11-01,4.72
2023,11,CENTRAL AREA,2 ROOM,2000.00,4,288000.00,1,2023-11-01,8.33
2023,11,CENTRAL AREA,3 ROOM,2900.00,43,470000.00,11,2023-11-01,7.40
2023,11,CENTRAL AREA,4 ROOM,3900.00,25,630000.00,6,2023-11-01,7.43
2023,11,CHOA CHU KANG,3 ROOM,2700.00,7,416500.00,4,2023-11-01,7.78
2023,11,CHOA CHU KANG,4 ROOM,3000.00,57,507500.00,56,2023-11-01,7.09
2023,11,CHOA CHU KANG,5 ROOM,3350.00,40,610000.00,35,2023-11-01,6.59
2023,11,CHOA CHU KANG,EXECUTIVE,3800.00,14,712500.00,6,2023-11-01,6.40
2023,11,CLEMENTI,3 ROOM,2900.00,60,399000.00,24,2023-11-01,8.72
2023,11,CLEMENTI,4 ROOM,3900.00,23,564444.00,18,2023-11-01,8.29
2023,11,CLEMENTI,5 ROOM,3500.00,7,628000.00,3,2023-11-01,6.69
2023,11,CLEMENTI,EXECUTIVE,3600.00,1,985000.00,2,2023-11-01,4.39
2023,11,GEYLANG,2 ROOM,1100.00,4,268000.00,1,2023-11-01,4.93
2023,11,GEYLANG,3 ROOM,2800.00,39,341000.00,24,2023-11-01,9.85
2023,11,GEYLANG,4 ROOM,3500.00,21,570000.00,15,2023-11-01,7.37
2023,11,GEYLANG,5 ROOM,3600.00,14,890000.00,7,2023-11-01,4.85
2023,11,GEYLANG,EXECUTIVE,3600.00,1,887000.00,2,2023-11-01,4.87
2023,11,HOUGANG,2 ROOM,2400.00,6,352500.00,10,2023-11-01,8.17
2023,11,HOUGANG,3 ROOM,2550.00,34,400000.00,31,2023-11-01,7.65
2023,11,HOUGANG,4 ROOM,3200.00,67,560050.00,66,2023-11-01,6.86
2023,11,HOUGANG,5 ROOM,3275.00,44,660000.00,21,2023-11-01,5.95
2023,11,HOUGANG,EXECUTIVE,3880.00,11,910000.00,12,2023-11-01,5.12
2023,11,JURONG EAST,2 ROOM,2075.00,2,315000.00,1,2023-11-01,7.90
2023,11,JURONG EAST,3 ROOM,2400.00,21,360000.00,13,2023-11-01,8.00
2023,11,JURONG EAST,4 ROOM,3250.00,24,526500.00,10,2023-11-01,7.41
2023,11,JURONG EAST,5 ROOM,3550.00,16,642000.00,6,2023-11-01,6.64
2023,11,JURONG EAST,EXECUTIVE,4000.00,5,905000.00,2,2023-11-01,5.30
2023,11,JURONG WEST,2 ROOM,2200.00,1,307500.00,8,2023-11-01,8.59
2023,11,JURONG WEST,3 ROOM,2600.00,28,371000.00,26,2023-11-01,8.41
2023,11,JURONG WEST,4 ROOM,3300.00,70,486000.00,48,2023-11-01,8.15
2023,11,JURONG WEST,5 ROOM,3450.00,63,585000.00,33,2023-11-01,7.08
2023,11,JURONG WEST,EXECUTIVE,3500.00,24,693800.00,11,2023-11-01,6.05
2023,11,KALLANG/WHAMPOA,3 ROOM,2800.00,67,422500.00,28,2023-11-01,7.95
2023,11,KALLANG/WHAMPOA,4 ROOM,3800.00,33,830000.00,21,2023-11-01,5.49
2023,11,KALLANG/WHAMPOA,5 ROOM,3700.00,19,872000.00,11,2023-11-01,5.09
2023,11,MARINE PARADE,3 ROOM,2850.00,16,422500.00,4,2023-11-01,8.09
2023,11,MARINE PARADE,4 ROOM,3350.00,4,530000.00,1,2023-11-01,7.58
2023,11,MARINE PARADE,5 ROOM,4275.00,8,890000.00,2,2023-11-01,5.76
2023,11,PASIR RIS,3 ROOM,2800.00,5,421900.00,2,2023-11-01,7.96
2023,11,PASIR RIS,4 ROOM,3300.00,33,560000.00,23,2023-11-01,7.07
2023,11,PASIR RIS,5 ROOM,3400.00,29,675000.00,14,2023-11-01,6.04
2023,11,PASIR RIS,EXECUTIVE,3600.00,19,818000.00,11,2023-11-01,5.28
2023,11,PUNGGOL,2 ROOM,2500.00,9,340000.00,5,2023-11-01,8.82
2023,11,PUNGGOL,3 ROOM,2900.00,13,471000.00,24,2023-11-01,7.39
2023,11,PUNGGOL,4 ROOM,3300.00,55,610000.00,75,2023-11-01,6.49
2023,11,PUNGGOL,5 ROOM,3200.00,53,624832.00,56,2023-11-01,6.15
2023,11,PUNGGOL,EXECUTIVE,2750.00,1,748000.00,4,2023-11-01,4.41
2023,11,QUEENSTOWN,3 ROOM,2900.00,63,393888.00,25,2023-11-01,8.83
2023,11,QUEENSTOWN,4 ROOM,4100.00,38,890000.00,23,2023-11-01,5.53
2023,11,QUEENSTOWN,5 ROOM,4050.00,11,940000.00,3,2023-11-01,5.17
2023,11,SEMBAWANG,2 ROOM,2500.00,7,330000.00,3,2023-11-01,9.09
2023,11,SEMBAWANG,3 ROOM,3050.00,2,455000.00,5,2023-11-01,8.04
2023,11,SEMBAWANG,4 ROOM,2900.00,25,570000.00,44,2023-11-01,6.11
2023,11,SEMBAWANG,5 ROOM,3200.00,23,595000.00,19,2023-11-01,6.45
2023,11,SEMBAWANG,EXECUTIVE,3500.00,16,692500.00,4,2023-11-01,6.06
2023,11,SENGKANG,2 ROOM,2400.00,3,336500.00,4,2023-11-01,8.56
2023,11,SENGKANG,3 ROOM,2950.00,14,470000.00,7,2023-11-01,7.53
2023,11,SENGKANG,4 ROOM,3200.00,89,578000.00,81,2023-11-01,6.64
2023,11,SENGKANG,5 ROOM,3400.00,89,620444.00,38,2023-11-01,6.58
2023,11,SENGKANG,EXECUTIVE,3475.00,20,730000.00,16,2023-11-01,5.71
2023,11,SERANGOON,3 ROOM,2800.00,21,400000.00,5,2023-11-01,8.40
2023,11,SERANGOON,4 ROOM,3125.00,30,583000.00,19,2023-11-01,6.43
2023,11,SERANGOON,5 ROOM,3400.00,4,703444.00,6,2023-11-01,5.80
2023,11,SERANGOON,EXECUTIVE,3550.00,5,998000.00,4,2023-11-01,4.27
2023,11,TAMPINES,3 ROOM,2700.00,72,430000.00,44,2023-11-01,7.53
2023,11,TAMPINES,4 ROOM,3350.00,84,580000.00,65,2023-11-01,6.93
2023,11,TAMPINES,5 ROOM,3600.00,50,689944.00,38,2023-11-01,6.26
2023,11,TAMPINES,EXECUTIVE,4100.00,13,857500.00,14,2023-11-01,5.74
2023,11,TOA PAYOH,2 ROOM,2450.00,1,250000.00,1,2023-11-01,11.76
2023,11,TOA PAYOH,3 ROOM,2800.00,71,366500.00,17,2023-11-01,9.17
2023,11,TOA PAYOH,4 ROOM,3800.00,42,810000.00,15,2023-11-01,5.63
2023,11,TOA PAYOH,5 ROOM,3950.00,16,730000.00,9,2023-11-01,6.49
2023,11,TOA PAYOH,EXECUTIVE,2800.00,3,880000.00,3,2023-11-01,3.82
2023,11,WOODLANDS,2 ROOM,1850.00,7,340000.00,3,2023-11-01,6.53
2023,11,WOODLANDS,3 ROOM,2500.00,18,427500.00,22,2023-11-01,7.02
2023,11,WOODLANDS,4 ROOM,3100.00,67,507500.00,70,2023-11-01,7.33
2023,11,WOODLANDS,5 ROOM,3300.00,55,585000.00,38,2023-11-01,6.77
2023,11,WOODLANDS,EXECUTIVE,3800.00,18,810000.00,16,2023-11-01,5.63
2023,11,YISHUN,2 ROOM,2000.00,3,310000.00,5,2023-11-01,7.74
2023,11,YISHUN,3 ROOM,2600.00,58,392500.00,30,2023-11-01,7.95
2023,11,YISHUN,4 ROOM,3000.00,58,510000.00,79,2023-11-01,7.06
2023,11,YISHUN,5 ROOM,3600.00,17,650000.00,29,2023-11-01,6.65
2023,11,YISHUN,EXECUTIVE,2925.00,6,817500.00,6,2023-11-01,4.29
2023,12,ANG MO KIO,2 ROOM,2300.00,3,276500.00,2,2023-12-01,9.98
2023,12,ANG MO KIO,3 ROOM,2800.00,116,395000.00,51,2023-12-01,8.51
2023,12,ANG MO KIO,4 ROOM,3200.00,39,538888.00,25,2023-12-01,7.13
2023,12,ANG MO KIO,5 ROOM,3800.00,15,885000.00,15,2023-12-01,5.15
2023,12,BEDOK,2 ROOM,2200.00,4,295500.00,2,2023-12-01,8.93
2023,12,BEDOK,3 ROOM,2800.00,86,380000.00,44,2023-12-01,8.84
2023,12,BEDOK,4 ROOM,3200.00,55,515000.00,39,2023-12-01,7.46
2023,12,BEDOK,5 ROOM,3600.00,24,695000.00,22,2023-12-01,6.22
2023,12,BEDOK,EXECUTIVE,3800.00,13,980000.00,1,2023-12-01,4.65
2023,12,BISHAN,3 ROOM,3000.00,19,485000.00,3,2023-12-01,7.42
2023,12,BISHAN,4 ROOM,3500.00,33,735000.00,15,2023-12-01,5.71
2023,12,BISHAN,5 ROOM,3600.00,16,930000.00,9,2023-12-01,4.65
2023,12,BISHAN,EXECUTIVE,4800.00,1,1050000.00,3,2023-12-01,5.49
2023,12,BUKIT BATOK,2 ROOM,2600.00,9,342000.00,10,2023-12-01,9.12
2023,12,BUKIT BATOK,3 ROOM,2800.00,49,380000.00,27,2023-12-01,8.84
2023,12,BUKIT BATOK,4 ROOM,3250.00,48,580000.00,53,2023-12-01,6.72
2023,12,BUKIT BATOK,5 ROOM,3500.00,17,780000.00,13,2023-12-01,5.38
2023,12,BUKIT BATOK,EXECUTIVE,3000.00,1,821500.00,4,2023-12-01,4.38
2023,12,BUKIT MERAH,2 ROOM,2000.00,7,415000.00,2,2023-12-01,5.78
2023,12,BUKIT MERAH,3 ROOM,2925.00,72,410000.00,26,2023-12-01,8.56
2023,12,BUKIT MERAH,4 ROOM,3700.00,52,878000.00,35,2023-12-01,5.06
2023,12,BUKIT MERAH,5 ROOM,4200.00,24,959000.00,8,2023-12-01,5.26
2023,12,BUKIT PANJANG,2 ROOM,2200.00,2,318000.00,1,2023-12-01,8.30
2023,12,BUKIT PANJANG,3 ROOM,2100.00,12,418000.00,9,2023-12-01,6.03
2023,12,BUKIT PANJANG,4 ROOM,2900.00,33,505000.00,21,2023-12-01,6.89
2023,12,BUKIT PANJANG,5 ROOM,3200.00,21,608000.00,19,2023-12-01,6.32
2023,12,BUKIT PANJANG,EXECUTIVE,3700.00,9,810500.00,8,2023-12-01,5.48
2023,12,BUKIT TIMAH,5 ROOM,5200.00,1,1115000.00,2,2023-12-01,5.60
2023,12,CENTRAL AREA,2 ROOM,2700.00,1,290000.00,1,2023-12-01,11.17
2023,12,CENTRAL AREA,3 ROOM,3100.00,20,503000.00,7,2023-12-01,7.40
2023,12,CENTRAL AREA,4 ROOM,4000.00,21,1158000.00,3,2023-12-01,4.15
2023,12,CENTRAL AREA,5 ROOM,5050.00,4,1320000.00,3,2023-12-01,4.59
2023,12,CHOA CHU KANG,2 ROOM,1200.00,1,283000.00,1,2023-12-01,5.09
2023,12,CHOA CHU KANG,3 ROOM,2700.00,4,390000.00,1,2023-12-01,8.31
2023,12,CHOA CHU KANG,4 ROOM,3000.00,54,510000.00,42,2023-12-01,7.06
2023,12,CHOA CHU KANG,5 ROOM,3250.00,43,595000.00,24,2023-12-01,6.55
2023,12,CHOA CHU KANG,EXECUTIVE,3300.00,12,745000.00,4,2023-12-01,5.32
2023,12,CLEMENTI,3 ROOM,3000.00,47,380000.00,21,2023-12-01,9.47
2023,12,CLEMENTI,4 ROOM,4000.00,30,567500.00,10,2023-12-01,8.46
2023,12,CLEMENTI,5 ROOM,4500.00,11,900000.00,5,2023-12-01,6.00
2023,12,CLEMENTI,EXECUTIVE,3000.00,3,1006000.00,1,2023-12-01,3.58
2023,12,GEYLANG,2 ROOM,1600.00,3,287500.00,2,2023-12-01,6.68
2023,12,GEYLANG,3 ROOM,2800.00,55,345000.00,25,2023-12-01,9.74
2023,12,GEYLANG,4 ROOM,3300.00,28,632500.00,14,2023-12-01,6.26
2023,12,GEYLANG,5 ROOM,3950.00,12,763000.00,5,2023-12-01,6.21
2023,12,GEYLANG,EXECUTIVE,4000.00,3,1028000.00,1,2023-12-01,4.67
2023,12,HOUGANG,2 ROOM,2500.00,4,347500.00,6,2023-12-01,8.63
2023,12,HOUGANG,3 ROOM,2500.00,43,400000.00,27,2023-12-01,7.50
2023,12,HOUGANG,4 ROOM,3200.00,56,569000.00,72,2023-12-01,6.75
2023,12,HOUGANG,5 ROOM,3500.00,40,663188.00,21,2023-12-01,6.33
2023,12,HOUGANG,EXECUTIVE,3300.00,9,908000.00,13,2023-12-01,4.36
2023,12,JURONG EAST,3 ROOM,2800.00,26,368000.00,17,2023-12-01,9.13
2023,12,JURONG EAST,4 ROOM,3100.00,24,500000.00,17,2023-12-01,7.44
2023,12,JURONG EAST,5 ROOM,3500.00,24,623944.00,12,2023-12-01,6.73
2023,12,JURONG EAST,EXECUTIVE,3700.00,5,910000.00,5,2023-12-01,4.88
2023,12,JURONG WEST,2 ROOM,1600.00,7,319000.00,4,2023-12-01,6.02
2023,12,JURONG WEST,3 ROOM,2650.00,39,368000.00,37,2023-12-01,8.64
2023,12,JURONG WEST,4 ROOM,3225.00,74,500000.00,55,2023-12-01,7.74
2023,12,JURONG WEST,5 ROOM,3650.00,74,585000.00,35,2023-12-01,7.49
2023,12,JURONG WEST,EXECUTIVE,3300.00,22,688000.00,12,2023-12-01,5.76
2023,12,KALLANG/WHAMPOA,3 ROOM,2800.00,62,384000.00,25,2023-12-01,8.75
2023,12,KALLANG/WHAMPOA,4 ROOM,3600.00,41,830000.00,21,2023-12-01,5.20
2023,12,KALLANG/WHAMPOA,5 ROOM,3800.00,19,900888.00,9,2023-12-01,5.06
2023,12,MARINE PARADE,3 ROOM,2800.00,23,443000.00,5,2023-12-01,7.58
2023,12,MARINE PARADE,4 ROOM,3200.00,3,570000.00,6,2023-12-01,6.74
2023,12,MARINE PARADE,5 ROOM,3900.00,6,840000.00,3,2023-12-01,5.57
2023,12,PASIR RIS,2 ROOM,2300.00,1,367000.00,1,2023-12-01,7.52
2023,12,PASIR RIS,3 ROOM,2400.00,2,610000.00,1,2023-12-01,4.72
2023,12,PASIR RIS,4 ROOM,3300.00,37,575000.00,14,2023-12-01,6.89
2023,12,PASIR RIS,5 ROOM,3500.00,27,660000.00,13,2023-12-01,6.36
2023,12,PASIR RIS,EXECUTIVE,3800.00,14,802500.00,8,2023-12-01,5.68
2023,12,PUNGGOL,2 ROOM,2100.00,3,346500.00,6,2023-12-01,7.27
2023,12,PUNGGOL,3 ROOM,3000.00,9,485000.00,17,2023-12-01,7.42
2023,12,PUNGGOL,4 ROOM,3000.00,59,610000.00,75,2023-12-01,5.90
2023,12,PUNGGOL,5 ROOM,3400.00,58,679000.00,42,2023-12-01,6.01
2023,12,PUNGGOL,EXECUTIVE,3400.00,1,750000.00,1,2023-12-01,5.44
2023,12,QUEENSTOWN,2 ROOM,2375.00,4,431500.00,3,2023-12-01,6.60
2023,12,QUEENSTOWN,3 ROOM,2950.00,78,393500.00,22,2023-12-01,9.00
2023,12,QUEENSTOWN,4 ROOM,4100.00,27,923888.00,17,2023-12-01,5.33
2023,12,QUEENSTOWN,5 ROOM,4475.00,14,920000.00,3,2023-12-01,5.84
2023,12,SEMBAWANG,2 ROOM,2450.00,4,330000.00,5,2023-12-01,8.91
2023,12,SEMBAWANG,4 ROOM,2800.00,29,548000.00,51,2023-12-01,6.13
2023,12,SEMBAWANG,5 ROOM,3000.00,29,650000.00,21,2023-12-01,5.54
2023,12,SEMBAWANG,EXECUTIVE,3350.00,7,685000.00,6,2023-12-01,5.87
2023,12,SENGKANG,2 ROOM,2100.00,3,338400.00,4,2023-12-01,7.45
2023,12,SENGKANG,3 ROOM,2800.00,12,473000.00,13,2023-12-01,7.10
2023,12,SENGKANG,4 ROOM,3200.00,83,580000.00,63,2023-12-01,6.62
2023,12,SENGKANG,5 ROOM,3400.00,93,615000.00,64,2023-12-01,6.63
2023,12,SENGKANG,EXECUTIVE,3700.00,15,698000.00,9,2023-12-01,6.36
2023,12,SERANGOON,3 ROOM,2700.00,27,390000.00,9,2023-12-01,8.31
2023,12,SERANGOON,4 ROOM,3400.00,35,600000.00,21,2023-12-01,6.80
2023,12,SERANGOON,5 ROOM,3600.00,8,750000.00,1,2023-12-01,5.76
2023,12,SERANGOON,EXECUTIVE,3800.00,5,947500.00,4,2023-12-01,4.81
2023,12,TAMPINES,3 ROOM,2800.00,62,432500.00,26,2023-12-01,7.77
2023,12,TAMPINES,4 ROOM,3400.00,89,578888.00,51,2023-12-01,7.05
2023,12,TAMPINES,5 ROOM,3750.00,70,685000.00,30,2023-12-01,6.57
2023,12,TAMPINES,EXECUTIVE,3650.00,12,878000.00,9,2023-12-01,4.99
2023,12,TOA PAYOH,2 ROOM,1700.00,4,302000.00,1,2023-12-01,6.75
2023,12,TOA PAYOH,3 ROOM,2800.00,84,388000.00,27,2023-12-01,8.66
2023,12,TOA PAYOH,4 ROOM,3450.00,26,760000.00,23,2023-12-01,5.45
2023,12,TOA PAYOH,5 ROOM,3800.00,24,900000.00,7,2023-12-01,5.07
2023,12,WOODLANDS,2 ROOM,2300.00,5,250000.00,2,2023-12-01,11.04
2023,12,WOODLANDS,3 ROOM,2650.00,16,388000.00,17,2023-12-01,8.20
2023,12,WOODLANDS,4 ROOM,3000.00,64,526500.00,70,2023-12-01,6.84
2023,12,WOODLANDS,5 ROOM,3250.00,38,600000.00,40,2023-12-01,6.50
2023,12,WOODLANDS,EXECUTIVE,3650.00,14,760000.00,17,2023-12-01,5.76
2023,12,YISHUN,2 ROOM,2350.00,9,320000.00,13,2023-12-01,8.81
2023,12,YISHUN,3 ROOM,2600.00,46,409500.00,42,2023-12-01,7.62
2023,12,YISHUN,4 ROOM,3000.00,64,525000.00,49,2023-12-01,6.86
2023,12,YISHUN,5 ROOM,3500.00,25,678000.00,29,2023-12-01,6.19
2023,12,YISHUN,EXECUTIVE,3500.00,7,785000.00,7,2023-12-01,5.35
2024,1,ANG MO KIO,2 ROOM,2200.00,5,305250.00,2,2024-01-01,8.65
2024,1,ANG MO KIO,3 ROOM,2725.00,98,389444.00,48,2024-01-01,8.40
2024,1,ANG MO KIO,4 ROOM,3300.00,44,522900.00,28,2024-01-01,7.57
2024,1,ANG MO KIO,5 ROOM,3400.00,15,992944.00,14,2024-01-01,4.11
2024,1,BEDOK,2 ROOM,2325.00,4,280000.00,1,2024-01-01,9.96
2024,1,BEDOK,3 ROOM,2650.00,94,375000.00,52,2024-01-01,8.48
2024,1,BEDOK,4 ROOM,3300.00,53,507000.00,40,2024-01-01,7.81
2024,1,BEDOK,5 ROOM,3550.00,30,781000.00,25,2024-01-01,5.45
2024,1,BEDOK,EXECUTIVE,4000.00,11,935000.00,11,2024-01-01,5.13
2024,1,BISHAN,3 ROOM,2700.00,19,480000.00,1,2024-01-01,6.75
2024,1,BISHAN,4 ROOM,3500.00,32,680000.00,13,2024-01-01,6.18
2024,1,BISHAN,5 ROOM,4000.00,18,962000.00,7,2024-01-01,4.99
2024,1,BISHAN,EXECUTIVE,4900.00,4,1200000.00,10,2024-01-01,4.90
2024,1,BUKIT BATOK,2 ROOM,2500.00,8,350000.00,5,2024-01-01,8.57
2024,1,BUKIT BATOK,3 ROOM,2700.00,45,385944.00,38,2024-01-01,8.40
2024,1,BUKIT BATOK,4 ROOM,3100.00,53,568000.00,63,2024-01-01,6.55
2024,1,BUKIT BATOK,5 ROOM,3600.00,19,750444.00,28,2024-01-01,5.76
2024,1,BUKIT BATOK,EXECUTIVE,3775.00,6,874000.00,6,2024-01-01,5.18
2024,1,BUKIT MERAH,2 ROOM,2300.00,4,272500.00,2,2024-01-01,10.13
2024,1,BUKIT MERAH,3 ROOM,2850.00,72,412500.00,30,2024-01-01,8.29
2024,1,BUKIT MERAH,4 ROOM,3800.00,78,900000.00,43,2024-01-01,5.07
2024,1,BUKIT MERAH,5 ROOM,3775.00,30,928888.50,18,2024-01-01,4.88
2024,1,BUKIT PANJANG,3 ROOM,2500.00,19,386500.00,12,2024-01-01,7.76
2024,1,BUKIT PANJANG,4 ROOM,3000.00,36,507500.00,36,2024-01-01,7.09
2024,1,BUKIT PANJANG,5 ROOM,3250.00,32,639444.00,28,2024-01-01,6.10
2024,1,BUKIT PANJANG,EXECUTIVE,3100.00,8,824444.00,8,2024-01-01,4.51
2024,1,BUKIT TIMAH,3 ROOM,3000.00,3,450000.00,1,2024-01-01,8.00
2024,1,BUKIT TIMAH,4 ROOM,3809.00,1,844000.00,2,2024-01-01,5.42
2024,1,BUKIT TIMAH,5 ROOM,4000.00,1,969000.00,2,2024-01-01,4.95
2024,1,CENTRAL AREA,2 ROOM,2300.00,4,290500.00,2,2024-01-01,9.50
2024,1,CENTRAL AREA,3 ROOM,3000.00,27,462500.00,4,2024-01-01,7.78
2024,1,CENTRAL AREA,4 ROOM,3775.00,14,700000.00,3,2024-01-01,6.47
2024,1,CENTRAL AREA,5 ROOM,4800.00,1,1130000.00,2,2024-01-01,5.10
2024,1,CHOA CHU KANG,3 ROOM,2800.00,8,420750.00,6,2024-01-01,7.99
2024,1,CHOA CHU KANG,4 ROOM,3150.00,52,512500.00,62,2024-01-01,7.38
2024,1,CHOA CHU KANG,5 ROOM,3100.00,35,615444.00,30,2024-01-01,6.04
2024,1,CHOA CHU KANG,EXECUTIVE,3400.00,11,789000.00,10,2024-01-01,5.17
2024,1,CLEMENTI,3 ROOM,2900.00,75,406100.00,28,2024-01-01,8.57
2024,1,CLEMENTI,4 ROOM,3800.00,51,575444.00,18,2024-01-01,7.92
2024,1,CLEMENTI,5 ROOM,3600.00,9,1180000.00,5,2024-01-01,3.66
2024,1,GEYLANG,2 ROOM,1600.00,1,267500.00,2,2024-01-01,7.18
2024,1,GEYLANG,3 ROOM,2650.00,46,364000.00,22,2024-01-01,8.74
2024,1,GEYLANG,4 ROOM,3250.00,30,603000.00,17,2024-01-01,6.47
2024,1,GEYLANG,5 ROOM,3650.00,6,905000.00,5,2024-01-01,4.84
2024,1,GEYLANG,EXECUTIVE,4000.00,3,840000.00,1,2024-01-01,5.71
2024,1,HOUGANG,2 ROOM,2000.00,1,339000.00,8,2024-01-01,7.08
2024,1,HOUGANG,3 ROOM,2500.00,47,402500.00,47,2024-01-01,7.45
2024,1,HOUGANG,4 ROOM,3200.00,66,580000.00,70,2024-01-01,6.62
2024,1,HOUGANG,5 ROOM,3350.00,23,709000.00,30,2024-01-01,5.67
2024,1,HOUGANG,EXECUTIVE,3700.00,11,907500.00,8,2024-01-01,4.89
2024,1,JURONG EAST,3 ROOM,2550.00,24,369888.00,19,2024-01-01,8.27
2024,1,JURONG EAST,4 ROOM,3500.00,23,475000.00,13,2024-01-01,8.84
2024,1,JURONG EAST,5 ROOM,3800.00,19,641500.00,12,2024-01-01,7.11
2024,1,JURONG EAST,EXECUTIVE,4300.00,3,869000.00,4,2024-01-01,5.94
2024,1,JURONG WEST,2 ROOM,2500.00,2,300000.00,9,2024-01-01,10.00
2024,1,JURONG WEST,3 ROOM,2500.00,37,372500.00,34,2024-01-01,8.05
2024,1,JURONG WEST,4 ROOM,3300.00,62,490000.00,91,2024-01-01,8.08
2024,1,JURONG WEST,5 ROOM,3300.00,83,590000.00,45,2024-01-01,6.71
2024,1,JURONG WEST,EXECUTIVE,3500.00,21,715000.00,15,2024-01-01,5.87
2024,1,KALLANG/WHAMPOA,3 ROOM,2800.00,73,399000.00,22,2024-01-01,8.42
2024,1,KALLANG/WHAMPOA,4 ROOM,3550.00,41,793944.00,28,2024-01-01,5.37
2024,1,KALLANG/WHAMPOA,5 ROOM,3875.00,22,927500.00,12,2024-01-01,5.01
2024,1,KALLANG/WHAMPOA,EXECUTIVE,3450.00,1,965000.00,1,2024-01-01,4.29
2024,1,MARINE PARADE,3 ROOM,2825.00,34,431000.00,8,2024-01-01,7.87
2024,1,MARINE PARADE,4 ROOM,3400.00,13,562500.00,4,2024-01-01,7.25
2024,1,MARINE PARADE,5 ROOM,4000.00,3,848800.00,1,2024-01-01,5.66
2024,1,PASIR RIS,2 ROOM,2500.00,1,395000.00,1,2024-01-01,7.59
2024,1,PASIR RIS,3 ROOM,2550.00,2,545000.00,3,2024-01-01,5.61
2024,1,PASIR RIS,4 ROOM,3200.00,33,583000.00,33,2024-01-01,6.59
2024,1,PASIR RIS,5 ROOM,3400.00,29,698000.00,23,2024-01-01,5.85
2024,1,PASIR RIS,EXECUTIVE,3500.00,27,834000.00,18,2024-01-01,5.04
2024,1,PUNGGOL,2 ROOM,2325.00,8,346500.00,10,2024-01-01,8.05
2024,1,PUNGGOL,3 ROOM,2700.00,11,490000.00,23,2024-01-01,6.61
2024,1,PUNGGOL,4 ROOM,3300.00,68,630000.00,85,2024-01-01,6.29
2024,1,PUNGGOL,5 ROOM,3400.00,69,740000.00,54,2024-01-01,5.51
2024,1,PUNGGOL,EXECUTIVE,3400.00,6,750000.00,3,2024-01-01,5.44
2024,1,QUEENSTOWN,2 ROOM,2800.00,3,272500.00,2,2024-01-01,12.33
2024,1,QUEENSTOWN,3 ROOM,3000.00,81,404000.00,31,2024-01-01,8.91
2024,1,QUEENSTOWN,4 ROOM,3850.00,32,888000.00,31,2024-01-01,5.20
2024,1,QUEENSTOWN,5 ROOM,4000.00,17,840000.00,3,2024-01-01,5.71
2024,1,SEMBAWANG,2 ROOM,2250.00,6,340000.00,11,2024-01-01,7.94
2024,1,SEMBAWANG,3 ROOM,2850.00,6,458000.00,7,2024-01-01,7.47
2024,1,SEMBAWANG,4 ROOM,3000.00,35,565000.00,57,2024-01-01,6.37
2024,1,SEMBAWANG,5 ROOM,3300.00,25,603000.00,29,2024-01-01,6.57
2024,1,SEMBAWANG,EXECUTIVE,3250.00,10,670000.00,5,2024-01-01,5.82
2024,1,SENGKANG,2 ROOM,2475.00,4,335000.00,3,2024-01-01,8.87
2024,1,SENGKANG,3 ROOM,2800.00,7,472500.00,20,2024-01-01,7.11
2024,1,SENGKANG,4 ROOM,3200.00,109,580000.00,104,2024-01-01,6.62
2024,1,SENGKANG,5 ROOM,3300.00,79,631000.00,70,2024-01-01,6.28
2024,1,SENGKANG,EXECUTIVE,3500.00,14,775000.00,15,2024-01-01,5.42
2024,1,SERANGOON,3 ROOM,2700.00,25,415000.00,10,2024-01-01,7.81
2024,1,SERANGOON,4 ROOM,3300.00,30,608500.00,14,2024-01-01,6.51
2024,1,SERANGOON,5 ROOM,3600.00,15,871000.00,12,2024-01-01,4.96
2024,1,SERANGOON,EXECUTIVE,3850.00,6,1017500.00,4,2024-01-01,4.54
2024,1,TAMPINES,2 ROOM,2350.00,4,334000.00,2,2024-01-01,8.44
2024,1,TAMPINES,3 ROOM,2700.00,70,439000.00,34,2024-01-01,7.38
2024,1,TAMPINES,4 ROOM,3300.00,85,599444.00,86,2024-01-01,6.61
2024,1,TAMPINES,5 ROOM,3500.00,50,704000.00,42,2024-01-01,5.97
2024,1,TAMPINES,EXECUTIVE,4000.00,13,850000.00,14,2024-01-01,5.65
2024,1,TOA PAYOH,2 ROOM,2000.00,1,270000.00,1,2024-01-01,8.89
2024,1,TOA PAYOH,3 ROOM,2800.00,73,363000.00,39,2024-01-01,9.26
2024,1,TOA PAYOH,4 ROOM,3400.00,40,843800.00,27,2024-01-01,4.84
2024,1,TOA PAYOH,5 ROOM,3330.00,13,855000.00,11,2024-01-01,4.67
2024,1,TOA PAYOH,EXECUTIVE,3500.00,2,968888.00,1,2024-01-01,4.33
2024,1,WOODLANDS,2 ROOM,1625.00,4,325000.00,7,2024-01-01,6.00
2024,1,WOODLANDS,3 ROOM,2700.00,14,371500.00,26,2024-01-01,8.72
2024,1,WOODLANDS,4 ROOM,3050.00,70,515000.00,94,2024-01-01,7.11
2024,1,WOODLANDS,5 ROOM,3300.00,58,629000.00,58,2024-01-01,6.30
2024,1,WOODLANDS,EXECUTIVE,3500.00,17,850000.00,17,2024-01-01,4.94
2024,1,YISHUN,2 ROOM,2500.00,9,330000.00,7,2024-01-01,9.09
2024,1,YISHUN,3 ROOM,2600.00,69,400000.00,47,2024-01-01,7.80
2024,1,YISHUN,4 ROOM,3000.00,78,530000.00,97,2024-01-01,6.79
2024,1,YISHUN,5 ROOM,3300.00,22,623000.00,41,2024-01-01,6.36
2024,1,YISHUN,EXECUTIVE,3500.00,12,822500.00,8,2024-01-01,5.11
2024,2,ANG MO KIO,3 ROOM,2700.00,96,403000.00,35,2024-02-01,8.04
2024,2,ANG MO KIO,4 ROOM,3500.00,26,546000.00,26,2024-02-01,7.69
2024,2,ANG MO KIO,5 ROOM,3800.00,14,820000.00,13,2024-02-01,5.56
2024,2,BEDOK,3 ROOM,2800.00,73,377500.00,42,2024-02-01,8.90
2024,2,BEDOK,4 ROOM,3050.00,49,530000.00,35,2024-02-01,6.91
2024,2,BEDOK,5 ROOM,3600.00,27,688000.00,9,2024-02-01,6.28
2024,2,BEDOK,EXECUTIVE,4050.00,7,960000.00,4,2024-02-01,5.06
2024,2,BISHAN,3 ROOM,2700.00,9,483000.00,4,2024-02-01,6.71
2024,2,BISHAN,4 ROOM,3500.00,23,734500.00,12,2024-02-01,5.72
2024,2,BISHAN,5 ROOM,3900.00,10,900000.00,3,2024-02-01,5.20
2024,2,BISHAN,EXECUTIVE,3800.00,1,1295000.00,2,2024-02-01,3.52
2024,2,BUKIT BATOK,2 ROOM,2400.00,6,345000.00,8,2024-02-01,8.35
2024,2,BUKIT BATOK,3 ROOM,2700.00,39,385444.00,40,2024-02-01,8.41
2024,2,BUKIT BATOK,4 ROOM,3300.00,37,590000.00,68,2024-02-01,6.71
2024,2,BUKIT BATOK,5 ROOM,3500.00,14,745000.00,30,2024-02-01,5.64
2024,2,BUKIT BATOK,EXECUTIVE,3225.00,2,831944.00,8,2024-02-01,4.65
2024,2,BUKIT MERAH,2 ROOM,3000.00,2,523000.00,1,2024-02-01,6.88
2024,2,BUKIT MERAH,3 ROOM,2800.00,59,400000.00,29,2024-02-01,8.40
2024,2,BUKIT MERAH,4 ROOM,3700.00,51,904500.00,26,2024-02-01,4.91
2024,2,BUKIT MERAH,5 ROOM,4200.00,36,906500.00,20,2024-02-01,5.56
2024,2,BUKIT PANJANG,2 ROOM,1600.00,1,325000.00,2,2024-02-01,5.91
2024,2,BUKIT PANJANG,3 ROOM,2050.00,12,390000.00,8,2024-02-01,6.31
2024,2,BUKIT PANJANG,4 ROOM,3200.00,25,555000.00,23,2024-02-01,6.92
2024,2,BUKIT PANJANG,5 ROOM,3300.00,19,645000.00,18,2024-02-01,6.14
2024,2,BUKIT PANJANG,EXECUTIVE,3900.00,5,780000.00,7,2024-02-01,6.00
2024,2,BUKIT TIMAH,3 ROOM,2200.00,1,520000.00,1,2024-02-01,5.08
2024,2,BUKIT TIMAH,4 ROOM,4000.00,1,600000.00,1,2024-02-01,8.00
2024,2,BUKIT TIMAH,5 ROOM,4300.00,1,1100000.00,3,2024-02-01,4.69
2024,2,CENTRAL AREA,3 ROOM,3100.00,22,500000.00,9,2024-02-01,7.44
2024,2,CENTRAL AREA,4 ROOM,3550.00,10,815000.00,2,2024-02-01,5.23
2024,2,CHOA CHU KANG,2 ROOM,1400.00,1,320000.00,1,2024-02-01,5.25
2024,2,CHOA CHU KANG,3 ROOM,2600.00,6,378000.00,5,2024-02-01,8.25
2024,2,CHOA CHU KANG,4 ROOM,3000.00,46,509000.00,54,2024-02-01,7.07
2024,2,CHOA CHU KANG,5 ROOM,3250.00,32,590000.00,29,2024-02-01,6.61
2024,2,CHOA CHU KANG,EXECUTIVE,3600.00,17,765000.00,9,2024-02-01,5.65
2024,2,CLEMENTI,3 ROOM,2850.00,64,390000.00,20,2024-02-01,8.77
2024,2,CLEMENTI,4 ROOM,3500.00,32,870000.00,15,2024-02-01,4.83
2024,2,CLEMENTI,5 ROOM,3800.00,11,969000.00,4,2024-02-01,4.71
2024,2,CLEMENTI,EXECUTIVE,4680.00,1,1046944.00,2,2024-02-01,5.36
2024,2,GEYLANG,2 ROOM,2000.00,5,270000.00,5,2024-02-01,8.89
2024,2,GEYLANG,3 ROOM,2700.00,31,350000.00,19,2024-02-01,9.26
2024,2,GEYLANG,4 ROOM,3450.00,34,564000.00,14,2024-02-01,7.34
2024,2,GEYLANG,5 ROOM,3875.00,4,818000.00,4,2024-02-01,5.68
2024,2,GEYLANG,EXECUTIVE,5000.00,1,949888.00,1,2024-02-01,6.32
2024,2,HOUGANG,2 ROOM,2400.00,3,372500.00,2,2024-02-01,7.73
2024,2,HOUGANG,3 ROOM,2600.00,35,416944.00,30,2024-02-01,7.48
2024,2,HOUGANG,4 ROOM,3200.00,60,545000.00,61,2024-02-01,7.05
2024,2,HOUGANG,5 ROOM,3500.00,29,666944.00,22,2024-02-01,6.30
2024,2,HOUGANG,EXECUTIVE,3600.00,7,865000.00,11,2024-02-01,4.99
2024,2,JURONG EAST,2 ROOM,2000.00,1,315000.00,1,2024-02-01,7.62
2024,2,JURONG EAST,3 ROOM,2650.00,24,368000.00,23,2024-02-01,8.64
2024,2,JURONG EAST,4 ROOM,3200.00,17,512500.00,14,2024-02-01,7.49
2024,2,JURONG EAST,5 ROOM,3600.00,17,650000.00,5,2024-02-01,6.65
2024,2,JURONG EAST,EXECUTIVE,4150.00,4,877500.00,4,2024-02-01,5.68
2024,2,JURONG WEST,2 ROOM,2400.00,3,310000.00,5,2024-02-01,9.29
2024,2,JURONG WEST,3 ROOM,2550.00,34,370000.00,38,2024-02-01,8.27
2024,2,JURONG WEST,4 ROOM,3000.00,73,495000.00,55,2024-02-01,7.27
2024,2,JURONG WEST,5 ROOM,3600.00,82,575000.00,51,2024-02-01,7.51
2024,2,JURONG WEST,EXECUTIVE,3700.00,18,701500.00,16,2024-02-01,6.33
2024,2,KALLANG/WHAMPOA,2 ROOM,2650.00,4,317000.00,1,2024-02-01,10.03
2024,2,KALLANG/WHAMPOA,3 ROOM,2800.00,53,400500.00,30,2024-02-01,8.39
2024,2,KALLANG/WHAMPOA,4 ROOM,3575.00,24,750000.00,19,2024-02-01,5.72
2024,2,KALLANG/WHAMPOA,5 ROOM,3950.00,12,888000.00,9,2024-02-01,5.34
2024,2,MARINE PARADE,3 ROOM,2700.00,20,470000.00,4,2024-02-01,6.89
2024,2,MARINE PARADE,4 ROOM,3500.00,7,550000.00,1,2024-02-01,7.64
2024,2,MARINE PARADE,5 ROOM,3850.00,8,888000.00,1,2024-02-01,5.20
2024,2,PASIR RIS,3 ROOM,3000.00,1,535000.00,3,2024-02-01,6.73
2024,2,PASIR RIS,4 ROOM,3000.00,21,572000.00,25,2024-02-01,6.29
2024,2,PASIR RIS,5 ROOM,3550.00,22,695000.00,10,2024-02-01,6.13
2024,2,PASIR RIS,EXECUTIVE,3650.00,12,815000.00,11,2024-02-01,5.37
2024,2,PUNGGOL,2 ROOM,2300.00,5,347500.00,6,2024-02-01,7.94
2024,2,PUNGGOL,3 ROOM,2850.00,10,486888.00,25,2024-02-01,7.02
2024,2,PUNGGOL,4 ROOM,3300.00,55,638000.00,92,2024-02-01,6.21
2024,2,PUNGGOL,5 ROOM,3300.00,85,715444.00,52,2024-02-01,5.54
2024,2,PUNGGOL,EXECUTIVE,3550.00,6,750444.00,4,2024-02-01,5.68
2024,2,QUEENSTOWN,3 ROOM,3000.00,82,360000.00,19,2024-02-01,10.00
2024,2,QUEENSTOWN,4 ROOM,4000.00,31,888500.00,24,2024-02-01,5.40
2024,2,QUEENSTOWN,5 ROOM,4300.00,13,1130000.00,3,2024-02-01,4.57
2024,2,SEMBAWANG,2 ROOM,2400.00,3,341500.00,8,2024-02-01,8.43
2024,2,SEMBAWANG,3 ROOM,3100.00,4,437500.00,12,2024-02-01,8.50
2024,2,SEMBAWANG,4 ROOM,3150.00,32,559500.00,36,2024-02-01,6.76
2024,2,SEMBAWANG,5 ROOM,3250.00,20,588000.00,25,2024-02-01,6.63
2024,2,SEMBAWANG,EXECUTIVE,3450.00,10,690000.00,7,2024-02-01,6.00
2024,2,SENGKANG,2 ROOM,2500.00,5,367500.00,4,2024-02-01,8.16
2024,2,SENGKANG,3 ROOM,2800.00,10,455944.00,14,2024-02-01,7.37
2024,2,SENGKANG,4 ROOM,3200.00,74,569000.00,64,2024-02-01,6.75
2024,2,SENGKANG,5 ROOM,3400.00,66,620000.00,59,2024-02-01,6.58
2024,2,SENGKANG,EXECUTIVE,3500.00,11,819000.00,6,2024-02-01,5.13
2024,2,SERANGOON,3 ROOM,3000.00,23,400000.00,3,2024-02-01,9.00
2024,2,SERANGOON,4 ROOM,3200.00,35,640000.00,21,2024-02-01,6.00
2024,2,SERANGOON,5 ROOM,3475.00,6,744000.00,6,2024-02-01,5.60
2024,2,SERANGOON,EXECUTIVE,3700.00,5,1019444.00,4,2024-02-01,4.36
2024,2,TAMPINES,3 ROOM,2700.00,46,440000.00,29,2024-02-01,7.36
2024,2,TAMPINES,4 ROOM,3300.00,71,605000.00,64,2024-02-01,6.55
2024,2,TAMPINES,5 ROOM,3500.00,51,695000.00,35,2024-02-01,6.04
2024,2,TAMPINES,EXECUTIVE,4000.00,17,900000.00,10,2024-02-01,5.33
2024,2,TOA PAYOH,2 ROOM,2300.00,4,250000.00,3,2024-02-01,11.04
2024,2,TOA PAYOH,3 ROOM,2800.00,62,385000.00,24,2024-02-01,8.73
2024,2,TOA PAYOH,4 ROOM,3700.00,35,760000.00,21,2024-02-01,5.84
2024,2,TOA PAYOH,5 ROOM,3400.00,15,802827.00,6,2024-02-01,5.08
2024,2,TOA PAYOH,EXECUTIVE,4175.00,2,1114444.00,2,2024-02-01,4.50
2024,2,WOODLANDS,2 ROOM,2200.00,7,355000.00,2,2024-02-01,7.44
2024,2,WOODLANDS,3 ROOM,2500.00,25,430000.00,23,2024-02-01,6.98
2024,2,WOODLANDS,4 ROOM,3000.00,64,500000.00,68,2024-02-01,7.20
2024,2,WOODLANDS,5 ROOM,3200.00,37,610000.00,53,2024-02-01,6.30
2024,2,WOODLANDS,EXECUTIVE,3075.00,14,830500.00,18,2024-02-01,4.44
2024,2,YISHUN,2 ROOM,2300.00,3,330444.00,10,2024-02-01,8.35
2024,2,YISHUN,3 ROOM,2600.00,41,409888.00,39,2024-02-01,7.61
2024,2,YISHUN,4 ROOM,3100.00,61,523500.00,60,2024-02-01,7.11
2024,2,YISHUN,5 ROOM,3250.00,24,648000.00,21,2024-02-01,6.02
2024,2,YISHUN,EXECUTIVE,2800.00,9,835000.00,10,2024-02-01,4.02
2024,3,ANG MO KIO,2 ROOM,2100.00,3,300000.00,1,2024-03-01,8.40
2024,3,ANG MO KIO,3 ROOM,2700.00,123,415000.00,41,2024-03-01,7.81
2024,3,ANG MO KIO,4 ROOM,3400.00,36,555000.00,20,2024-03-01,7.35
2024,3,ANG MO KIO,5 ROOM,3500.00,24,720000.00,9,2024-03-01,5.83
2024,3,BEDOK,2 ROOM,2100.00,3,290000.00,1,2024-03-01,8.69
2024,3,BEDOK,3 ROOM,2800.00,93,380000.00,38,2024-03-01,8.84
2024,3,BEDOK,4 ROOM,3200.00,55,502000.00,25,2024-03-01,7.65
2024,3,BEDOK,5 ROOM,3550.00,35,750000.00,21,2024-03-01,5.68
2024,3,BEDOK,EXECUTIVE,3400.00,5,1040000.00,4,2024-03-01,3.92
2024,3,BISHAN,3 ROOM,3000.00,15,489444.00,4,2024-03-01,7.36
2024,3,BISHAN,4 ROOM,3150.00,27,708000.00,13,2024-03-01,5.34
2024,3,BISHAN,5 ROOM,3600.00,16,950000.00,7,2024-03-01,4.55
2024,3,BISHAN,EXECUTIVE,4100.00,4,1170000.00,1,2024-03-01,4.21
2024,3,BUKIT BATOK,2 ROOM,2500.00,14,335000.00,13,2024-03-01,8.96
2024,3,BUKIT BATOK,3 ROOM,2750.00,45,377000.00,29,2024-03-01,8.75
2024,3,BUKIT BATOK,4 ROOM,3200.00,63,608888.00,51,2024-03-01,6.31
2024,3,BUKIT BATOK,5 ROOM,3500.00,27,747888.00,25,2024-03-01,5.62
2024,3,BUKIT BATOK,EXECUTIVE,3650.00,6,800000.00,3,2024-03-01,5.47
2024,3,BUKIT MERAH,1 ROOM,1300.00,1,230000.00,1,2024-03-01,6.78
2024,3,BUKIT MERAH,2 ROOM,2000.00,7,262888.00,1,2024-03-01,9.13
2024,3,BUKIT MERAH,3 ROOM,2800.00,83,380888.00,33,2024-03-01,8.82
2024,3,BUKIT MERAH,4 ROOM,3800.00,62,872500.00,40,2024-03-01,5.23
2024,3,BUKIT MERAH,5 ROOM,4250.00,28,850000.00,17,2024-03-01,6.00
2024,3,BUKIT PANJANG,3 ROOM,2200.00,13,400000.00,7,2024-03-01,6.60
2024,3,BUKIT PANJANG,4 ROOM,3000.00,19,530000.00,25,2024-03-01,6.79
2024,3,BUKIT PANJANG,5 ROOM,3350.00,38,650000.00,23,2024-03-01,6.18
2024,3,BUKIT PANJANG,EXECUTIVE,3400.00,3,822500.00,8,2024-03-01,4.96
2024,3,BUKIT TIMAH,3 ROOM,3300.00,5,450000.00,1,2024-03-01,8.80
2024,3,BUKIT TIMAH,4 ROOM,3300.00,5,620000.00,3,2024-03-01,6.39
2024,3,BUKIT TIMAH,5 ROOM,4200.00,3,1020000.00,1,2024-03-01,4.94
2024,3,CENTRAL AREA,3 ROOM,3200.00,34,500000.00,11,2024-03-01,7.68
2024,3,CENTRAL AREA,4 ROOM,4800.00,33,770000.00,9,2024-03-01,7.48
2024,3,CENTRAL AREA,5 ROOM,4800.00,10,1108444.00,2,2024-03-01,5.20
2024,3,CHOA CHU KANG,2 ROOM,2300.00,2,303000.00,1,2024-03-01,9.11
2024,3,CHOA CHU KANG,3 ROOM,2300.00,4,420000.00,5,2024-03-01,6.57
2024,3,CHOA CHU KANG,4 ROOM,3200.00,42,517500.00,52,2024-03-01,7.42
2024,3,CHOA CHU KANG,5 ROOM,3400.00,51,588944.00,30,2024-03-01,6.93
2024,3,CHOA CHU KANG,EXECUTIVE,3600.00,12,742500.00,12,2024-03-01,5.82
2024,3,CLEMENTI,3 ROOM,2900.00,90,380000.00,19,2024-03-01,9.16
2024,3,CLEMENTI,4 ROOM,3950.00,24,600000.00,17,2024-03-01,7.90
2024,3,CLEMENTI,5 ROOM,3900.00,10,1130000.00,8,2024-03-01,4.14
2024,3,GEYLANG,2 ROOM,1600.00,5,275000.00,2,2024-03-01,6.98
2024,3,GEYLANG,3 ROOM,2675.00,50,325000.00,20,2024-03-01,9.88
2024,3,GEYLANG,4 ROOM,3400.00,27,613444.00,14,2024-03-01,6.65
2024,3,GEYLANG,5 ROOM,3800.00,13,828000.00,2,2024-03-01,5.51
2024,3,GEYLANG,EXECUTIVE,4250.00,4,938888.00,3,2024-03-01,5.43
2024,3,HOUGANG,2 ROOM,2350.00,4,330000.00,4,2024-03-01,8.55
2024,3,HOUGANG,3 ROOM,2600.00,57,389000.00,24,2024-03-01,8.02
2024,3,HOUGANG,4 ROOM,3200.00,76,562000.00,59,2024-03-01,6.83
2024,3,HOUGANG,5 ROOM,3250.00,26,739888.00,17,2024-03-01,5.27
2024,3,HOUGANG,EXECUTIVE,3450.00,14,920000.00,15,2024-03-01,4.50
2024,3,JURONG EAST,2 ROOM,1700.00,1,338000.00,1,2024-03-01,6.04
2024,3,JURONG EAST,3 ROOM,2700.00,33,375888.00,17,2024-03-01,8.62
2024,3,JURONG EAST,4 ROOM,3450.00,24,484888.00,11,2024-03-01,8.54
2024,3,JURONG EAST,5 ROOM,3780.00,27,648000.00,9,2024-03-01,7.00
2024,3,JURONG EAST,EXECUTIVE,4100.00,9,860000.00,3,2024-03-01,5.72
2024,3,JURONG WEST,2 ROOM,2500.00,4,322500.00,4,2024-03-01,9.30
2024,3,JURONG WEST,3 ROOM,2625.00,51,355000.00,31,2024-03-01,8.87
2024,3,JURONG WEST,4 ROOM,3200.00,76,500000.00,53,2024-03-01,7.68
2024,3,JURONG WEST,5 ROOM,3400.00,80,585000.00,59,2024-03-01,6.97
2024,3,JURONG WEST,EXECUTIVE,3800.00,17,732750.00,16,2024-03-01,6.22
2024,3,KALLANG/WHAMPOA,3 ROOM,2825.00,62,428000.00,28,2024-03-01,7.92
2024,3,KALLANG/WHAMPOA,4 ROOM,3800.00,48,866500.00,28,2024-03-01,5.26
2024,3,KALLANG/WHAMPOA,5 ROOM,3800.00,13,888000.00,6,2024-03-01,5.14
2024,3,KALLANG/WHAMPOA,EXECUTIVE,3950.00,2,975000.00,1,2024-03-01,4.86
2024,3,MARINE PARADE,3 ROOM,2900.00,24,433444.00,2,2024-03-01,8.03
2024,3,MARINE PARADE,4 ROOM,3200.00,16,528000.00,3,2024-03-01,7.27
2024,3,MARINE PARADE,5 ROOM,3775.00,2,927500.00,2,2024-03-01,4.88
2024,3,PASIR RIS,3 ROOM,2000.00,1,520000.00,1,2024-03-01,4.62
2024,3,PASIR RIS,4 ROOM,3400.00,30,565000.00,21,2024-03-01,7.22
2024,3,PASIR RIS,5 ROOM,3200.00,29,660000.00,12,2024-03-01,5.82
2024,3,PASIR RIS,EXECUTIVE,4000.00,13,840500.00,20,2024-03-01,5.71
2024,3,PUNGGOL,2 ROOM,2200.00,3,353000.00,11,2024-03-01,7.48
2024,3,PUNGGOL,3 ROOM,2950.00,13,490000.00,21,2024-03-01,7.22
2024,3,PUNGGOL,4 ROOM,3200.00,52,633000.00,71,2024-03-01,6.07
2024,3,PUNGGOL,5 ROOM,3300.00,65,725000.00,43,2024-03-01,5.46
2024,3,PUNGGOL,EXECUTIVE,3425.00,6,745000.00,3,2024-03-01,5.52
2024,3,QUEENSTOWN,2 ROOM,2200.00,5,430000.00,1,2024-03-01,6.14
2024,3,QUEENSTOWN,3 ROOM,2900.00,59,440000.00,27,2024-03-01,7.91
2024,3,QUEENSTOWN,4 ROOM,3950.00,36,895000.00,15,2024-03-01,5.30
2024,3,QUEENSTOWN,5 ROOM,4225.00,22,988888.00,7,2024-03-01,5.13
2024,3,SEMBAWANG,2 ROOM,2400.00,8,345000.00,3,2024-03-01,8.35
2024,3,SEMBAWANG,3 ROOM,3100.00,1,453000.00,5,2024-03-01,8.21
2024,3,SEMBAWANG,4 ROOM,3000.00,26,565000.00,27,2024-03-01,6.37
2024,3,SEMBAWANG,5 ROOM,3300.00,22,592500.00,26,2024-03-01,6.68
2024,3,SEMBAWANG,EXECUTIVE,3450.00,14,690000.00,4,2024-03-01,6.00
2024,3,SENGKANG,2 ROOM,2600.00,4,340000.00,5,2024-03-01,9.18
2024,3,SENGKANG,3 ROOM,3000.00,10,483444.00,8,2024-03-01,7.45
2024,3,SENGKANG,4 ROOM,3200.00,82,600500.00,62,2024-03-01,6.39
2024,3,SENGKANG,5 ROOM,3400.00,112,633888.00,59,2024-03-01,6.44
2024,3,SENGKANG,EXECUTIVE,3400.00,9,734000.00,6,2024-03-01,5.56
2024,3,SERANGOON,3 ROOM,2900.00,18,415000.00,7,2024-03-01,8.39
2024,3,SERANGOON,4 ROOM,3300.00,31,568000.00,17,2024-03-01,6.97
2024,3,SERANGOON,5 ROOM,3550.00,14,743888.00,5,2024-03-01,5.73
2024,3,SERANGOON,EXECUTIVE,3800.00,3,1075000.00,4,2024-03-01,4.24
2024,3,TAMPINES,3 ROOM,2800.00,51,445000.00,34,2024-03-01,7.55
2024,3,TAMPINES,4 ROOM,3300.00,74,600188.00,71,2024-03-01,6.60
2024,3,TAMPINES,5 ROOM,3625.00,52,718000.00,41,2024-03-01,6.06
2024,3,TAMPINES,EXECUTIVE,4000.00,11,896944.00,10,2024-03-01,5.35
2024,3,TOA PAYOH,2 ROOM,2500.00,3,295000.00,2,2024-03-01,10.17
2024,3,TOA PAYOH,3 ROOM,2800.00,74,360000.00,24,2024-03-01,9.33
2024,3,TOA PAYOH,4 ROOM,3650.00,31,808250.00,22,2024-03-01,5.42
2024,3,TOA PAYOH,5 ROOM,4000.00,17,977500.00,6,2024-03-01,4.91
2024,3,WOODLANDS,3 ROOM,2500.00,10,393000.00,17,2024-03-01,7.63
2024,3,WOODLANDS,4 ROOM,3100.00,65,520000.00,62,2024-03-01,7.15
2024,3,WOODLANDS,5 ROOM,3300.00,60,612500.00,40,2024-03-01,6.47
2024,3,WOODLANDS,EXECUTIVE,3500.00,11,894000.00,6,2024-03-01,4.70
2024,3,YISHUN,2 ROOM,2350.00,8,327500.00,6,2024-03-01,8.61
2024,3,YISHUN,3 ROOM,2600.00,61,400000.00,34,2024-03-01,7.80
2024,3,YISHUN,4 ROOM,3000.00,67,542000.00,73,2024-03-01,6.64
2024,3,YISHUN,5 ROOM,3300.00,30,661500.00,26,2024-03-01,5.99
2024,3,YISHUN,EXECUTIVE,3700.00,8,825000.00,8,2024-03-01,5.38
2024,4,ANG MO KIO,2 ROOM,2200.00,4,304000.00,2,2024-04-01,8.68
2024,4,ANG MO KIO,3 ROOM,2750.00,115,408000.00,41,2024-04-01,8.09
2024,4,ANG MO KIO,4 ROOM,3500.00,43,752500.00,20,2024-04-01,5.58
2024,4,ANG MO KIO,5 ROOM,3275.00,10,855000.00,12,2024-04-01,4.60
2024,4,BEDOK,2 ROOM,2200.00,5,299000.00,2,2024-04-01,8.83
2024,4,BEDOK,3 ROOM,2700.00,92,381000.00,46,2024-04-01,8.50
2024,4,BEDOK,4 ROOM,3300.00,64,520000.00,49,2024-04-01,7.62
2024,4,BEDOK,5 ROOM,3400.00,23,710000.00,29,2024-04-01,5.75
2024,4,BEDOK,EXECUTIVE,4200.00,5,1000000.00,3,2024-04-01,5.04
2024,4,BISHAN,3 ROOM,3000.00,13,500000.00,3,2024-04-01,7.20
2024,4,BISHAN,4 ROOM,3500.00,31,718888.00,19,2024-04-01,5.84
2024,4,BISHAN,5 ROOM,3750.00,14,945000.00,9,2024-04-01,4.76
2024,4,BISHAN,EXECUTIVE,5000.00,1,1238000.00,1,2024-04-01,4.85
2024,4,BUKIT BATOK,2 ROOM,2500.00,11,330000.00,9,2024-04-01,9.09
2024,4,BUKIT BATOK,3 ROOM,2525.00,40,390000.00,38,2024-04-01,7.77
2024,4,BUKIT BATOK,4 ROOM,3200.00,46,585000.00,73,2024-04-01,6.56
2024,4,BUKIT BATOK,5 ROOM,3700.00,10,746000.00,28,2024-04-01,5.95
2024,4,BUKIT BATOK,EXECUTIVE,3587.50,8,873000.00,7,2024-04-01,4.93
2024,4,BUKIT MERAH,1 ROOM,1600.00,4,235000.00,2,2024-04-01,8.17
2024,4,BUKIT MERAH,2 ROOM,2150.00,5,270000.00,8,2024-04-01,9.56
2024,4,BUKIT MERAH,3 ROOM,2900.00,72,475000.00,30,2024-04-01,7.33
2024,4,BUKIT MERAH,4 ROOM,3600.00,53,885000.00,38,2024-04-01,4.88
2024,4,BUKIT MERAH,5 ROOM,4000.00,27,1000000.00,13,2024-04-01,4.80
2024,4,BUKIT PANJANG,2 ROOM,2500.00,1,326000.00,1,2024-04-01,9.20
2024,4,BUKIT PANJANG,3 ROOM,2600.00,9,398000.00,11,2024-04-01,7.84
2024,4,BUKIT PANJANG,4 ROOM,3025.00,42,525000.00,33,2024-04-01,6.91
2024,4,BUKIT PANJANG,5 ROOM,3300.00,24,660000.00,25,2024-04-01,6.00
2024,4,BUKIT PANJANG,EXECUTIVE,3550.00,6,855000.00,5,2024-04-01,4.98
2024,4,BUKIT TIMAH,4 ROOM,3700.00,3,540000.00,1,2024-04-01,8.22
2024,4,CENTRAL AREA,2 ROOM,2300.00,3,288000.00,1,2024-04-01,9.58
2024,4,CENTRAL AREA,3 ROOM,3100.00,27,515000.00,10,2024-04-01,7.22
2024,4,CENTRAL AREA,4 ROOM,4500.00,17,765000.00,3,2024-04-01,7.06
2024,4,CENTRAL AREA,5 ROOM,5300.00,7,1092999.50,2,2024-04-01,5.82
2024,4,CHOA CHU KANG,3 ROOM,2500.00,7,433000.00,8,2024-04-01,6.93
2024,4,CHOA CHU KANG,4 ROOM,3150.00,63,512500.00,66,2024-04-01,7.38
2024,4,CHOA CHU KANG,5 ROOM,3100.00,44,597500.00,30,2024-04-01,6.23
2024,4,CHOA CHU KANG,EXECUTIVE,3450.00,8,755000.00,8,2024-04-01,5.48
2024,4,CLEMENTI,3 ROOM,3000.00,82,385000.00,21,2024-04-01,9.35
2024,4,CLEMENTI,4 ROOM,3550.00,48,825500.00,16,2024-04-01,5.16
2024,4,CLEMENTI,5 ROOM,3450.00,10,794000.00,6,2024-04-01,5.21
2024,4,GEYLANG,2 ROOM,1800.00,1,280000.00,1,2024-04-01,7.71
2024,4,GEYLANG,3 ROOM,2800.00,53,335000.00,27,2024-04-01,10.03
2024,4,GEYLANG,4 ROOM,3300.00,35,620000.00,9,2024-04-01,6.39
2024,4,GEYLANG,5 ROOM,3700.00,6,760000.00,3,2024-04-01,5.84
2024,4,GEYLANG,EXECUTIVE,3550.00,2,945000.00,3,2024-04-01,4.51
2024,4,HOUGANG,2 ROOM,2250.00,4,368000.00,7,2024-04-01,7.34
2024,4,HOUGANG,3 ROOM,2600.00,38,422000.00,31,2024-04-01,7.39
2024,4,HOUGANG,4 ROOM,3225.00,70,571000.00,68,2024-04-01,6.78
2024,4,HOUGANG,5 ROOM,3400.00,27,660000.00,16,2024-04-01,6.18
2024,4,HOUGANG,EXECUTIVE,3600.00,13,940000.00,7,2024-04-01,4.60
2024,4,JURONG EAST,3 ROOM,2800.00,39,377500.00,20,2024-04-01,8.90
2024,4,JURONG EAST,4 ROOM,3400.00,32,508000.00,18,2024-04-01,8.03
2024,4,JURONG EAST,5 ROOM,3700.00,19,590000.00,6,2024-04-01,7.53
2024,4,JURONG EAST,EXECUTIVE,3825.00,12,948000.00,5,2024-04-01,4.84
2024,4,JURONG WEST,2 ROOM,2100.00,6,318888.00,7,2024-04-01,7.90
2024,4,JURONG WEST,3 ROOM,2500.00,48,375000.00,37,2024-04-01,8.00
2024,4,JURONG WEST,4 ROOM,3300.00,78,480000.00,74,2024-04-01,8.25
2024,4,JURONG WEST,5 ROOM,3500.00,74,595000.00,44,2024-04-01,7.06
2024,4,JURONG WEST,EXECUTIVE,3500.00,21,714250.00,14,2024-04-01,5.88
2024,4,KALLANG/WHAMPOA,2 ROOM,2250.00,4,319000.00,2,2024-04-01,8.46
2024,4,KALLANG/WHAMPOA,3 ROOM,2800.00,62,430888.00,28,2024-04-01,7.80
2024,4,KALLANG/WHAMPOA,4 ROOM,3800.00,33,880000.00,41,2024-04-01,5.18
2024,4,KALLANG/WHAMPOA,5 ROOM,4200.00,24,810000.00,7,2024-04-01,6.22
2024,4,KALLANG/WHAMPOA,EXECUTIVE,5000.00,1,935000.00,2,2024-04-01,6.42
2024,4,MARINE PARADE,3 ROOM,3000.00,21,448000.00,3,2024-04-01,8.04
2024,4,MARINE PARADE,4 ROOM,3275.00,10,572888.00,5,2024-04-01,6.86
2024,4,MARINE PARADE,5 ROOM,3500.00,1,918000.00,1,2024-04-01,4.58
2024,4,PASIR RIS,3 ROOM,2300.00,2,639000.00,1,2024-04-01,4.32
2024,4,PASIR RIS,4 ROOM,3200.00,33,590000.00,15,2024-04-01,6.51
2024,4,PASIR RIS,5 ROOM,3500.00,23,685000.00,15,2024-04-01,6.13
2024,4,PASIR RIS,EXECUTIVE,3700.00,21,858000.00,13,2024-04-01,5.17
2024,4,PUNGGOL,2 ROOM,2500.00,7,360000.00,7,2024-04-01,8.33
2024,4,PUNGGOL,3 ROOM,3000.00,15,491000.00,21,2024-04-01,7.33
2024,4,PUNGGOL,4 ROOM,3300.00,42,622000.00,87,2024-04-01,6.37
2024,4,PUNGGOL,5 ROOM,3400.00,47,710000.00,46,2024-04-01,5.75
2024,4,PUNGGOL,EXECUTIVE,3025.00,2,780500.00,4,2024-04-01,4.65
2024,4,QUEENSTOWN,2 ROOM,2400.00,5,415000.00,1,2024-04-01,6.94
2024,4,QUEENSTOWN,3 ROOM,3000.00,89,393000.00,32,2024-04-01,9.16
2024,4,QUEENSTOWN,4 ROOM,3800.00,50,923000.00,13,2024-04-01,4.94
2024,4,QUEENSTOWN,5 ROOM,4200.00,17,961844.00,8,2024-04-01,5.24
2024,4,SEMBAWANG,2 ROOM,2500.00,6,350000.00,7,2024-04-01,8.57
2024,4,SEMBAWANG,3 ROOM,2900.00,3,478000.00,13,2024-04-01,7.28
2024,4,SEMBAWANG,4 ROOM,3200.00,15,560000.00,33,2024-04-01,6.86
2024,4,SEMBAWANG,5 ROOM,3300.00,30,580000.00,23,2024-04-01,6.83
2024,4,SEMBAWANG,EXECUTIVE,3700.00,6,680000.00,5,2024-04-01,6.53
2024,4,SENGKANG,2 ROOM,2350.00,10,342500.00,4,2024-04-01,8.23
2024,4,SENGKANG,3 ROOM,3000.00,7,489500.00,14,2024-04-01,7.35
2024,4,SENGKANG,4 ROOM,3200.00,91,588000.00,79,2024-04-01,6.53
2024,4,SENGKANG,5 ROOM,3300.00,89,636500.00,58,2024-04-01,6.22
2024,4,SENGKANG,EXECUTIVE,3500.00,23,755800.00,7,2024-04-01,5.56
2024,4,SERANGOON,3 ROOM,2600.00,25,400000.00,7,2024-04-01,7.80
2024,4,SERANGOON,4 ROOM,3200.00,33,592388.00,19,2024-04-01,6.48
2024,4,SERANGOON,5 ROOM,3750.00,12,725000.00,15,2024-04-01,6.21
2024,4,SERANGOON,EXECUTIVE,3925.00,6,941500.00,2,2024-04-01,5.00
2024,4,TAMPINES,2 ROOM,1600.00,1,355000.00,1,2024-04-01,5.41
2024,4,TAMPINES,3 ROOM,2800.00,56,439000.00,38,2024-04-01,7.65
2024,4,TAMPINES,4 ROOM,3300.00,95,608000.00,73,2024-04-01,6.51
2024,4,TAMPINES,5 ROOM,3500.00,58,730000.00,47,2024-04-01,5.75
2024,4,TAMPINES,EXECUTIVE,3900.00,10,935000.00,11,2024-04-01,5.01
2024,4,TOA PAYOH,3 ROOM,2650.00,80,364000.00,28,2024-04-01,8.74
2024,4,TOA PAYOH,4 ROOM,3200.00,38,765400.00,20,2024-04-01,5.02
2024,4,TOA PAYOH,5 ROOM,4000.00,20,890000.00,7,2024-04-01,5.39
2024,4,WOODLANDS,2 ROOM,2050.00,6,345900.00,6,2024-04-01,7.11
2024,4,WOODLANDS,3 ROOM,2200.00,16,435000.00,26,2024-04-01,6.07
2024,4,WOODLANDS,4 ROOM,3000.00,73,520000.00,85,2024-04-01,6.92
2024,4,WOODLANDS,5 ROOM,3300.00,61,630000.00,62,2024-04-01,6.29
2024,4,WOODLANDS,EXECUTIVE,3500.00,15,855000.00,23,2024-04-01,4.91
2024,4,YISHUN,2 ROOM,2175.00,6,330000.00,7,2024-04-01,7.91
2024,4,YISHUN,3 ROOM,2600.00,45,406500.00,48,2024-04-01,7.68
2024,4,YISHUN,4 ROOM,3100.00,76,505000.00,79,2024-04-01,7.37
2024,4,YISHUN,5 ROOM,3350.00,36,659000.00,26,2024-04-01,6.10
2024,4,YISHUN,EXECUTIVE,3350.00,8,855000.00,6,2024-04-01,4.70
2024,5,ANG MO KIO,3 ROOM,2800.00,108,390000.00,57,2024-05-01,8.62
2024,5,ANG MO KIO,4 ROOM,3400.00,43,612944.00,30,2024-05-01,6.66
2024,5,ANG MO KIO,5 ROOM,3800.00,17,710000.00,10,2024-05-01,6.42
2024,5,ANG MO KIO,EXECUTIVE,3800.00,2,1094888.00,1,2024-05-01,4.16
2024,5,BEDOK,2 ROOM,2300.00,3,293500.00,2,2024-05-01,9.40
2024,5,BEDOK,3 ROOM,2600.00,91,380000.00,63,2024-05-01,8.21
2024,5,BEDOK,4 ROOM,3400.00,64,528000.00,45,2024-05-01,7.73
2024,5,BEDOK,5 ROOM,3625.00,24,774000.00,24,2024-05-01,5.62
2024,5,BEDOK,EXECUTIVE,3700.00,3,980000.00,7,2024-05-01,4.53
2024,5,BISHAN,3 ROOM,3000.00,12,525000.00,9,2024-05-01,6.86
2024,5,BISHAN,4 ROOM,3500.00,45,712666.00,15,2024-05-01,5.89
2024,5,BISHAN,5 ROOM,3800.00,18,964000.00,4,2024-05-01,4.73
2024,5,BISHAN,EXECUTIVE,4575.00,4,1305000.00,5,2024-05-01,4.21
2024,5,BUKIT BATOK,2 ROOM,2500.00,17,338000.00,11,2024-05-01,8.88
2024,5,BUKIT BATOK,3 ROOM,2500.00,53,389500.00,36,2024-05-01,7.70
2024,5,BUKIT BATOK,4 ROOM,3275.00,56,598000.00,73,2024-05-01,6.57
2024,5,BUKIT BATOK,5 ROOM,3400.00,19,735000.00,31,2024-05-01,5.55
2024,5,BUKIT BATOK,EXECUTIVE,3650.00,7,840000.00,7,2024-05-01,5.21
2024,5,BUKIT MERAH,2 ROOM,2700.00,2,284000.00,2,2024-05-01,11.41
2024,5,BUKIT MERAH,3 ROOM,2900.00,67,409444.00,36,2024-05-01,8.50
2024,5,BUKIT MERAH,4 ROOM,3875.00,60,895000.00,39,2024-05-01,5.20
2024,5,BUKIT MERAH,5 ROOM,4000.00,32,992500.00,18,2024-05-01,4.84
2024,5,BUKIT PANJANG,3 ROOM,2700.00,9,424000.00,14,2024-05-01,7.64
2024,5,BUKIT PANJANG,4 ROOM,3100.00,26,552500.00,28,2024-05-01,6.73
2024,5,BUKIT PANJANG,5 ROOM,3300.00,18,632500.00,26,2024-05-01,6.26
2024,5,BUKIT PANJANG,EXECUTIVE,3400.00,6,832500.00,3,2024-05-01,4.90
2024,5,BUKIT TIMAH,3 ROOM,3300.00,1,445000.00,1,2024-05-01,8.90
2024,5,BUKIT TIMAH,5 ROOM,4790.00,2,1180000.00,1,2024-05-01,4.87
2024,5,CENTRAL AREA,3 ROOM,3100.00,29,558999.50,4,2024-05-01,6.65
2024,5,CENTRAL AREA,4 ROOM,4300.00,26,785000.00,5,2024-05-01,6.57
2024,5,CENTRAL AREA,5 ROOM,4950.00,4,1133500.00,2,2024-05-01,5.24
2024,5,CHOA CHU KANG,3 ROOM,2400.00,8,390000.00,10,2024-05-01,7.38
2024,5,CHOA CHU KANG,4 ROOM,3050.00,56,512000.00,68,2024-05-01,7.15
2024,5,CHOA CHU KANG,5 ROOM,3200.00,27,595000.00,39,2024-05-01,6.45
2024,5,CHOA CHU KANG,EXECUTIVE,3750.00,9,766500.00,16,2024-05-01,5.87
2024,5,CLEMENTI,3 ROOM,3000.00,69,388000.00,23,2024-05-01,9.28
2024,5,CLEMENTI,4 ROOM,3600.00,30,660000.00,14,2024-05-01,6.55
2024,5,CLEMENTI,5 ROOM,4100.00,10,775000.00,7,2024-05-01,6.35
2024,5,GEYLANG,2 ROOM,1750.00,4,250000.00,1,2024-05-01,8.40
2024,5,GEYLANG,3 ROOM,2700.00,44,345000.00,23,2024-05-01,9.39
2024,5,GEYLANG,4 ROOM,3300.00,35,876000.00,19,2024-05-01,4.52
2024,5,GEYLANG,5 ROOM,3900.00,9,1017444.00,6,2024-05-01,4.60
2024,5,GEYLANG,EXECUTIVE,3450.00,4,912500.00,6,2024-05-01,4.54
2024,5,HOUGANG,2 ROOM,2000.00,3,340000.00,5,2024-05-01,7.06
2024,5,HOUGANG,3 ROOM,2800.00,37,430000.00,25,2024-05-01,7.81
2024,5,HOUGANG,4 ROOM,3200.00,56,588000.00,64,2024-05-01,6.53
2024,5,HOUGANG,5 ROOM,3400.00,31,701144.00,28,2024-05-01,5.82
2024,5,HOUGANG,EXECUTIVE,3600.00,7,888000.00,17,2024-05-01,4.86
2024,5,JURONG EAST,3 ROOM,2700.00,40,380000.00,27,2024-05-01,8.53
2024,5,JURONG EAST,4 ROOM,3050.00,14,495000.00,22,2024-05-01,7.39
2024,5,JURONG EAST,5 ROOM,3600.00,28,650000.00,13,2024-05-01,6.65
2024,5,JURONG EAST,EXECUTIVE,3950.00,6,916944.00,2,2024-05-01,5.17
2024,5,JURONG WEST,2 ROOM,1300.00,3,323500.00,8,2024-05-01,4.82
2024,5,JURONG WEST,3 ROOM,2650.00,41,350000.00,31,2024-05-01,9.09
2024,5,JURONG WEST,4 ROOM,3300.00,79,495888.00,63,2024-05-01,7.99
2024,5,JURONG WEST,5 ROOM,3500.00,65,600000.00,43,2024-05-01,7.00
2024,5,JURONG WEST,EXECUTIVE,3550.00,24,757500.00,20,2024-05-01,5.62
2024,5,KALLANG/WHAMPOA,3 ROOM,2800.00,73,400000.00,41,2024-05-01,8.40
2024,5,KALLANG/WHAMPOA,4 ROOM,3725.00,36,787500.00,28,2024-05-01,5.68
2024,5,KALLANG/WHAMPOA,5 ROOM,4100.00,17,920000.00,11,2024-05-01,5.35
2024,5,MARINE PARADE,3 ROOM,2800.00,25,424000.00,8,2024-05-01,7.92
2024,5,MARINE PARADE,4 ROOM,3200.00,5,523000.00,5,2024-05-01,7.34
2024,5,MARINE PARADE,5 ROOM,4200.00,4,894444.00,6,2024-05-01,5.63
2024,5,PASIR RIS,4 ROOM,3200.00,38,594000.00,36,2024-05-01,6.46
2024,5,PASIR RIS,5 ROOM,3425.00,32,695000.00,19,2024-05-01,5.91
2024,5,PASIR RIS,EXECUTIVE,3600.00,21,867844.00,22,2024-05-01,4.98
2024,5,PUNGGOL,2 ROOM,1800.00,3,372944.00,4,2024-05-01,5.79
2024,5,PUNGGOL,3 ROOM,2800.00,12,500000.00,23,2024-05-01,6.72
2024,5,PUNGGOL,4 ROOM,3200.00,62,618000.00,82,2024-05-01,6.21
2024,5,PUNGGOL,5 ROOM,3300.00,54,702000.00,52,2024-05-01,5.64
2024,5,PUNGGOL,EXECUTIVE,3400.00,4,772500.00,2,2024-05-01,5.28
2024,5,QUEENSTOWN,2 ROOM,2400.00,7,525000.00,1,2024-05-01,5.49
2024,5,QUEENSTOWN,3 ROOM,3000.00,61,400000.00,34,2024-05-01,9.00
2024,5,QUEENSTOWN,4 ROOM,3850.00,44,902500.00,24,2024-05-01,5.12
2024,5,QUEENSTOWN,5 ROOM,4350.00,18,1119444.00,6,2024-05-01,4.66
2024,5,SEMBAWANG,2 ROOM,2325.00,6,350000.00,7,2024-05-01,7.97
2024,5,SEMBAWANG,4 ROOM,3150.00,24,572500.00,36,2024-05-01,6.60
2024,5,SEMBAWANG,5 ROOM,3500.00,27,617000.00,29,2024-05-01,6.81
2024,5,SEMBAWANG,EXECUTIVE,3300.00,8,700000.00,7,2024-05-01,5.66
2024,5,SENGKANG,2 ROOM,2300.00,7,330000.00,4,2024-05-01,8.36
2024,5,SENGKANG,3 ROOM,2900.00,11,480000.00,13,2024-05-01,7.25
2024,5,SENGKANG,4 ROOM,3200.00,90,602500.00,90,2024-05-01,6.37
2024,5,SENGKANG,5 ROOM,3300.00,79,650000.00,58,2024-05-01,6.09
2024,5,SENGKANG,EXECUTIVE,3450.00,10,735000.00,11,2024-05-01,5.63
2024,5,SERANGOON,3 ROOM,2600.00,24,414000.00,14,2024-05-01,7.54
2024,5,SERANGOON,4 ROOM,3500.00,27,627500.00,12,2024-05-01,6.69
2024,5,SERANGOON,5 ROOM,3500.00,17,755000.00,6,2024-05-01,5.56
2024,5,SERANGOON,EXECUTIVE,3600.00,5,965444.00,6,2024-05-01,4.47
2024,5,TAMPINES,2 ROOM,2350.00,4,355000.00,1,2024-05-01,7.94
2024,5,TAMPINES,3 ROOM,2800.00,62,455888.00,47,2024-05-01,7.37
2024,5,TAMPINES,4 ROOM,3300.00,95,611000.00,84,2024-05-01,6.48
2024,5,TAMPINES,5 ROOM,3675.00,60,728000.00,43,2024-05-01,6.06
2024,5,TAMPINES,EXECUTIVE,3850.00,12,900000.00,13,2024-05-01,5.13
2024,5,TOA PAYOH,2 ROOM,1650.00,2,305000.00,1,2024-05-01,6.49
2024,5,TOA PAYOH,3 ROOM,2800.00,79,385000.00,27,2024-05-01,8.73
2024,5,TOA PAYOH,4 ROOM,3500.00,35,879000.00,24,2024-05-01,4.78
2024,5,TOA PAYOH,5 ROOM,3850.00,20,1000000.00,7,2024-05-01,4.62
2024,5,WOODLANDS,2 ROOM,2300.00,2,328000.00,3,2024-05-01,8.41
2024,5,WOODLANDS,3 ROOM,2430.00,27,415444.00,28,2024-05-01,7.02
2024,5,WOODLANDS,4 ROOM,3000.00,48,528000.00,73,2024-05-01,6.82
2024,5,WOODLANDS,5 ROOM,3300.00,51,625000.00,46,2024-05-01,6.34
2024,5,WOODLANDS,EXECUTIVE,3350.00,10,840000.00,19,2024-05-01,4.79
2024,5,YISHUN,2 ROOM,2300.00,3,318000.00,7,2024-05-01,8.68
2024,5,YISHUN,3 ROOM,2600.00,53,401000.00,42,2024-05-01,7.78
2024,5,YISHUN,4 ROOM,3150.00,78,535000.00,71,2024-05-01,7.07
2024,5,YISHUN,5 ROOM,3300.00,21,650000.00,21,2024-05-01,6.09
2024,5,YISHUN,EXECUTIVE,3800.00,8,832944.00,8,2024-05-01,5.47
2024,6,ANG MO KIO,2 ROOM,2000.00,3,308000.00,6,2024-06-01,7.79
2024,6,ANG MO KIO,3 ROOM,2700.00,130,407500.00,48,2024-06-01,7.95
2024,6,ANG MO KIO,4 ROOM,3300.00,36,574944.00,30,2024-06-01,6.89
2024,6,ANG MO KIO,5 ROOM,3415.00,16,820444.00,14,2024-06-01,4.99
2024,6,BEDOK,3 ROOM,2700.00,112,399000.00,52,2024-06-01,8.12
2024,6,BEDOK,4 ROOM,3300.00,54,581000.00,31,2024-06-01,6.82
2024,6,BEDOK,5 ROOM,3500.00,19,745000.00,17,2024-06-01,5.64
2024,6,BEDOK,EXECUTIVE,3700.00,5,985000.00,3,2024-06-01,4.51
2024,6,BISHAN,3 ROOM,2800.00,17,486500.00,2,2024-06-01,6.91
2024,6,BISHAN,4 ROOM,3500.00,33,790000.00,15,2024-06-01,5.32
2024,6,BISHAN,5 ROOM,3950.00,14,985500.00,12,2024-06-01,4.81
2024,6,BISHAN,EXECUTIVE,4400.00,2,1300000.00,3,2024-06-01,4.06
2024,6,BUKIT BATOK,2 ROOM,2425.00,14,360000.00,11,2024-06-01,8.08
2024,6,BUKIT BATOK,3 ROOM,2525.00,40,398500.00,36,2024-06-01,7.60
2024,6,BUKIT BATOK,4 ROOM,3300.00,45,613000.00,65,2024-06-01,6.46
2024,6,BUKIT BATOK,5 ROOM,3500.00,13,720000.00,23,2024-06-01,5.83
2024,6,BUKIT BATOK,EXECUTIVE,3600.00,5,894000.00,4,2024-06-01,4.83
2024,6,BUKIT MERAH,2 ROOM,2425.00,6,290000.00,3,2024-06-01,10.03
2024,6,BUKIT MERAH,3 ROOM,3000.00,75,470000.00,29,2024-06-01,7.66
2024,6,BUKIT MERAH,4 ROOM,3800.00,80,875000.00,41,2024-06-01,5.21
2024,6,BUKIT MERAH,5 ROOM,4200.00,40,1032000.00,12,2024-06-01,4.88
2024,6,BUKIT PANJANG,3 ROOM,2500.00,7,412500.00,6,2024-06-01,7.27
2024,6,BUKIT PANJANG,4 ROOM,3100.00,37,547500.00,26,2024-06-01,6.79
2024,6,BUKIT PANJANG,5 ROOM,3300.00,17,657500.00,22,2024-06-01,6.02
2024,6,BUKIT PANJANG,EXECUTIVE,3350.00,8,846500.00,4,2024-06-01,4.75
2024,6,BUKIT TIMAH,4 ROOM,2500.00,1,680000.00,3,2024-06-01,4.41
2024,6,BUKIT TIMAH,5 ROOM,2200.00,1,1153900.00,2,2024-06-01,2.29
2024,6,CENTRAL AREA,2 ROOM,2600.00,1,388000.00,1,2024-06-01,8.04
2024,6,CENTRAL AREA,3 ROOM,3100.00,20,520000.00,7,2024-06-01,7.15
2024,6,CENTRAL AREA,4 ROOM,4400.00,6,660000.00,9,2024-06-01,8.00
2024,6,CENTRAL AREA,5 ROOM,5100.00,1,893500.00,2,2024-06-01,6.85
2024,6,CHOA CHU KANG,2 ROOM,2300.00,1,320000.00,1,2024-06-01,8.62
2024,6,CHOA CHU KANG,3 ROOM,2650.00,9,388000.00,3,2024-06-01,8.20
2024,6,CHOA CHU KANG,4 ROOM,2900.00,41,530000.00,59,2024-06-01,6.57
2024,6,CHOA CHU KANG,5 ROOM,3100.00,34,623000.00,36,2024-06-01,5.97
2024,6,CHOA CHU KANG,EXECUTIVE,3000.00,10,786500.00,14,2024-06-01,4.58
2024,6,CLEMENTI,2 ROOM,2500.00,1,475000.00,1,2024-06-01,6.32
2024,6,CLEMENTI,3 ROOM,2950.00,56,399944.00,24,2024-06-01,8.85
2024,6,CLEMENTI,4 ROOM,3800.00,64,594444.00,20,2024-06-01,7.67
2024,6,CLEMENTI,5 ROOM,4200.00,14,1275000.00,3,2024-06-01,3.95
2024,6,GEYLANG,2 ROOM,2300.00,3,315000.00,3,2024-06-01,8.76
2024,6,GEYLANG,3 ROOM,2525.00,52,400000.00,27,2024-06-01,7.58
2024,6,GEYLANG,4 ROOM,3450.00,24,935000.00,23,2024-06-01,4.43
2024,6,GEYLANG,5 ROOM,3750.00,8,1038000.00,5,2024-06-01,4.34
2024,6,GEYLANG,EXECUTIVE,3550.00,2,1029444.00,2,2024-06-01,4.14
2024,6,HOUGANG,2 ROOM,2350.00,6,345000.00,3,2024-06-01,8.17
2024,6,HOUGANG,3 ROOM,2650.00,32,438000.00,23,2024-06-01,7.26
2024,6,HOUGANG,4 ROOM,3100.00,58,595000.00,61,2024-06-01,6.25
2024,6,HOUGANG,5 ROOM,3300.00,19,745944.00,28,2024-06-01,5.31
2024,6,HOUGANG,EXECUTIVE,3600.00,11,914000.00,18,2024-06-01,4.73
2024,6,JURONG EAST,3 ROOM,2150.00,23,398000.00,13,2024-06-01,6.48
2024,6,JURONG EAST,4 ROOM,3450.00,30,485000.00,13,2024-06-01,8.54
2024,6,JURONG EAST,5 ROOM,3800.00,25,638500.00,10,2024-06-01,7.14
2024,6,JURONG EAST,EXECUTIVE,3900.00,8,770000.00,3,2024-06-01,6.08
2024,6,JURONG WEST,2 ROOM,1525.00,2,300000.00,2,2024-06-01,6.10
2024,6,JURONG WEST,3 ROOM,2500.00,50,375750.00,26,2024-06-01,7.98
2024,6,JURONG WEST,4 ROOM,3400.00,81,500000.00,55,2024-06-01,8.16
2024,6,JURONG WEST,5 ROOM,3500.00,87,600000.00,41,2024-06-01,7.00
2024,6,JURONG WEST,EXECUTIVE,3800.00,28,760000.00,9,2024-06-01,6.00
2024,6,KALLANG/WHAMPOA,2 ROOM,1850.00,4,338888.00,1,2024-06-01,6.55
2024,6,KALLANG/WHAMPOA,3 ROOM,2950.00,64,446000.00,32,2024-06-01,7.94
2024,6,KALLANG/WHAMPOA,4 ROOM,3800.00,45,940000.00,37,2024-06-01,4.85
2024,6,KALLANG/WHAMPOA,5 ROOM,4100.00,14,944444.00,10,2024-06-01,5.21
2024,6,KALLANG/WHAMPOA,EXECUTIVE,4500.00,1,950000.00,3,2024-06-01,5.68
2024,6,MARINE PARADE,3 ROOM,2800.00,21,468000.00,5,2024-06-01,7.18
2024,6,MARINE PARADE,5 ROOM,3775.00,4,1252500.00,2,2024-06-01,3.62
2024,6,PASIR RIS,2 ROOM,2800.00,1,415000.00,2,2024-06-01,8.10
2024,6,PASIR RIS,4 ROOM,3300.00,45,575000.00,12,2024-06-01,6.89
2024,6,PASIR RIS,5 ROOM,3600.00,27,700500.00,14,2024-06-01,6.17
2024,6,PASIR RIS,EXECUTIVE,3525.00,16,870000.00,16,2024-06-01,4.86
2024,6,PUNGGOL,2 ROOM,2400.00,6,334000.00,7,2024-06-01,8.62
2024,6,PUNGGOL,3 ROOM,2875.00,10,508000.00,14,2024-06-01,6.79
2024,6,PUNGGOL,4 ROOM,3200.00,41,637500.00,74,2024-06-01,6.02
2024,6,PUNGGOL,5 ROOM,3300.00,62,712500.00,50,2024-06-01,5.56
2024,6,PUNGGOL,EXECUTIVE,3350.00,3,776500.00,2,2024-06-01,5.18
2024,6,QUEENSTOWN,2 ROOM,2400.00,7,275000.00,1,2024-06-01,10.47
2024,6,QUEENSTOWN,3 ROOM,3000.00,96,415000.00,23,2024-06-01,8.67
2024,6,QUEENSTOWN,4 ROOM,4000.00,46,930000.00,17,2024-06-01,5.16
2024,6,QUEENSTOWN,5 ROOM,4300.00,21,1015000.00,3,2024-06-01,5.08
2024,6,SEMBAWANG,2 ROOM,2350.00,8,365000.00,6,2024-06-01,7.73
2024,6,SEMBAWANG,3 ROOM,2869.00,2,460000.00,2,2024-06-01,7.48
2024,6,SEMBAWANG,4 ROOM,3100.00,30,573888.00,25,2024-06-01,6.48
2024,6,SEMBAWANG,5 ROOM,3300.00,27,615000.00,13,2024-06-01,6.44
2024,6,SEMBAWANG,EXECUTIVE,3375.00,12,695000.00,10,2024-06-01,5.83
2024,6,SENGKANG,2 ROOM,2350.00,6,364000.00,8,2024-06-01,7.75
2024,6,SENGKANG,3 ROOM,2800.00,9,507500.00,8,2024-06-01,6.62
2024,6,SENGKANG,4 ROOM,3125.00,76,608000.00,75,2024-06-01,6.17
2024,6,SENGKANG,5 ROOM,3200.00,85,660000.00,56,2024-06-01,5.82
2024,6,SENGKANG,EXECUTIVE,3500.00,14,805000.00,8,2024-06-01,5.22
2024,6,SERANGOON,3 ROOM,2700.00,20,454500.00,4,2024-06-01,7.13
2024,6,SERANGOON,4 ROOM,3500.00,23,690000.00,17,2024-06-01,6.09
2024,6,SERANGOON,5 ROOM,3700.00,8,785000.00,7,2024-06-01,5.66
2024,6,SERANGOON,EXECUTIVE,4100.00,5,941000.00,9,2024-06-01,5.23
2024,6,TAMPINES,3 ROOM,2800.00,47,445000.00,36,2024-06-01,7.55
2024,6,TAMPINES,4 ROOM,3300.00,68,615000.00,65,2024-06-01,6.44
2024,6,TAMPINES,5 ROOM,3500.00,47,727444.00,48,2024-06-01,5.77
2024,6,TAMPINES,EXECUTIVE,3900.00,15,860000.00,11,2024-06-01,5.44
2024,6,TOA PAYOH,2 ROOM,2550.00,1,280000.00,3,2024-06-01,10.93
2024,6,TOA PAYOH,3 ROOM,2800.00,72,390000.00,38,2024-06-01,8.62
2024,6,TOA PAYOH,4 ROOM,3600.00,31,835000.00,27,2024-06-01,5.17
2024,6,TOA PAYOH,5 ROOM,4200.00,9,935000.00,14,2024-06-01,5.39
2024,6,TOA PAYOH,EXECUTIVE,3800.00,3,962500.00,2,2024-06-01,4.74
2024,6,WOODLANDS,2 ROOM,2050.00,6,340000.00,5,2024-06-01,7.24
2024,6,WOODLANDS,3 ROOM,2400.00,28,455000.00,17,2024-06-01,6.33
2024,6,WOODLANDS,4 ROOM,3000.00,48,530000.00,51,2024-06-01,6.79
2024,6,WOODLANDS,5 ROOM,3300.00,58,640000.00,44,2024-06-01,6.19
2024,6,WOODLANDS,EXECUTIVE,3500.00,13,895000.00,15,2024-06-01,4.69
2024,6,YISHUN,2 ROOM,2000.00,3,339000.00,10,2024-06-01,7.08
2024,6,YISHUN,3 ROOM,2700.00,62,420000.00,44,2024-06-01,7.71
2024,6,YISHUN,4 ROOM,3100.00,71,540000.00,69,2024-06-01,6.89
2024,6,YISHUN,5 ROOM,3200.00,23,680000.00,21,2024-06-01,5.65
2024,6,YISHUN,EXECUTIVE,3500.00,9,835000.00,7,2024-06-01,5.03
2024,7,ANG MO KIO,2 ROOM,1100.00,2,320000.00,1,2024-07-01,4.12
2024,7,ANG MO KIO,3 ROOM,2700.00,114,404000.00,70,2024-07-01,8.02
2024,7,ANG MO KIO,4 ROOM,3325.00,32,550000.00,39,2024-07-01,7.25
2024,7,ANG MO KIO,5 ROOM,3600.00,19,975944.00,12,2024-07-01,4.43
2024,7,BEDOK,2 ROOM,2000.00,5,302000.00,3,2024-07-01,7.95
2024,7,BEDOK,3 ROOM,2700.00,105,400000.00,57,2024-07-01,8.10
2024,7,BEDOK,4 ROOM,3200.00,58,540000.00,49,2024-07-01,7.11
2024,7,BEDOK,5 ROOM,3500.00,26,738000.00,27,2024-07-01,5.69
2024,7,BEDOK,EXECUTIVE,3550.00,1,950000.00,7,2024-07-01,4.48
2024,7,BISHAN,3 ROOM,3000.00,16,528000.00,11,2024-07-01,6.82
2024,7,BISHAN,4 ROOM,3500.00,31,724000.00,20,2024-07-01,5.80
2024,7,BISHAN,5 ROOM,4200.00,14,935100.00,19,2024-07-01,5.39
2024,7,BISHAN,EXECUTIVE,4450.00,2,1256500.00,2,2024-07-01,4.25
2024,7,BUKIT BATOK,2 ROOM,2375.00,14,344500.00,18,2024-07-01,8.27
2024,7,BUKIT BATOK,3 ROOM,2550.00,60,394000.00,32,2024-07-01,7.77
2024,7,BUKIT BATOK,4 ROOM,3325.00,46,604000.00,106,2024-07-01,6.61
2024,7,BUKIT BATOK,5 ROOM,3600.00,26,775000.00,36,2024-07-01,5.57
2024,7,BUKIT BATOK,EXECUTIVE,3775.00,10,840000.00,9,2024-07-01,5.39
2024,7,BUKIT MERAH,1 ROOM,1100.00,1,245000.00,1,2024-07-01,5.39
2024,7,BUKIT MERAH,2 ROOM,2300.00,9,322944.00,4,2024-07-01,8.55
2024,7,BUKIT MERAH,3 ROOM,3000.00,79,425000.00,36,2024-07-01,8.47
2024,7,BUKIT MERAH,4 ROOM,4000.00,75,898000.00,49,2024-07-01,5.35
2024,7,BUKIT MERAH,5 ROOM,4500.00,40,1100000.00,17,2024-07-01,4.91
2024,7,BUKIT PANJANG,2 ROOM,2200.00,3,315000.00,3,2024-07-01,8.38
2024,7,BUKIT PANJANG,3 ROOM,2525.00,16,453000.00,13,2024-07-01,6.69
2024,7,BUKIT PANJANG,4 ROOM,3000.00,30,525000.00,37,2024-07-01,6.86
2024,7,BUKIT PANJANG,5 ROOM,3150.00,21,640500.00,28,2024-07-01,5.90
2024,7,BUKIT PANJANG,EXECUTIVE,3675.00,14,840000.00,7,2024-07-01,5.25
2024,7,BUKIT TIMAH,3 ROOM,3100.00,2,480000.00,2,2024-07-01,7.75
2024,7,BUKIT TIMAH,4 ROOM,3800.00,9,644444.00,2,2024-07-01,7.08
2024,7,BUKIT TIMAH,5 ROOM,4400.00,3,970000.00,1,2024-07-01,5.44
2024,7,BUKIT TIMAH,EXECUTIVE,5000.00,1,1240000.00,3,2024-07-01,4.84
2024,7,CENTRAL AREA,3 ROOM,3050.00,14,480000.00,9,2024-07-01,7.62
2024,7,CENTRAL AREA,4 ROOM,3800.00,5,733000.00,10,2024-07-01,6.22
2024,7,CENTRAL AREA,5 ROOM,4050.00,2,850000.00,1,2024-07-01,5.72
2024,7,CHOA CHU KANG,3 ROOM,2600.00,8,455000.00,7,2024-07-01,6.86
2024,7,CHOA CHU KANG,4 ROOM,3075.00,48,528000.00,67,2024-07-01,6.99
2024,7,CHOA CHU KANG,5 ROOM,3200.00,33,610500.00,40,2024-07-01,6.29
2024,7,CHOA CHU KANG,EXECUTIVE,3400.00,7,807500.00,12,2024-07-01,5.05
2024,7,CLEMENTI,2 ROOM,2800.00,1,422000.00,1,2024-07-01,7.96
2024,7,CLEMENTI,3 ROOM,3100.00,73,385000.00,31,2024-07-01,9.66
2024,7,CLEMENTI,4 ROOM,3900.00,45,802500.00,24,2024-07-01,5.83
2024,7,CLEMENTI,5 ROOM,4500.00,16,950000.00,9,2024-07-01,5.68
2024,7,CLEMENTI,EXECUTIVE,4700.00,3,1110000.00,2,2024-07-01,5.08
2024,7,GEYLANG,3 ROOM,2700.00,49,423000.00,44,2024-07-01,7.66
2024,7,GEYLANG,4 ROOM,3200.00,30,875000.00,35,2024-07-01,4.39
2024,7,GEYLANG,5 ROOM,3500.00,12,744000.00,8,2024-07-01,5.65
2024,7,HOUGANG,2 ROOM,2350.00,2,365000.00,3,2024-07-01,7.73
2024,7,HOUGANG,3 ROOM,2600.00,34,469444.00,18,2024-07-01,6.65
2024,7,HOUGANG,4 ROOM,3200.00,73,593000.00,61,2024-07-01,6.48
2024,7,HOUGANG,5 ROOM,3300.00,31,760000.00,26,2024-07-01,5.21
2024,7,HOUGANG,EXECUTIVE,3800.00,10,935000.00,15,2024-07-01,4.88
2024,7,JURONG EAST,3 ROOM,2800.00,30,391500.00,18,2024-07-01,8.58
2024,7,JURONG EAST,4 ROOM,3500.00,28,508000.00,19,2024-07-01,8.27
2024,7,JURONG EAST,5 ROOM,3775.00,14,665000.00,12,2024-07-01,6.81
2024,7,JURONG EAST,EXECUTIVE,3250.00,5,875000.00,2,2024-07-01,4.46
2024,7,JURONG WEST,2 ROOM,2400.00,9,330000.00,13,2024-07-01,8.73
2024,7,JURONG WEST,3 ROOM,2700.00,39,370000.00,48,2024-07-01,8.76
2024,7,JURONG WEST,4 ROOM,3400.00,102,503500.00,88,2024-07-01,8.10
2024,7,JURONG WEST,5 ROOM,3800.00,123,590000.00,59,2024-07-01,7.73
2024,7,JURONG WEST,EXECUTIVE,4000.00,26,737944.00,18,2024-07-01,6.50
2024,7,KALLANG/WHAMPOA,3 ROOM,3000.00,69,387500.00,54,2024-07-01,9.29
2024,7,KALLANG/WHAMPOA,4 ROOM,3600.00,44,955444.00,46,2024-07-01,4.52
2024,7,KALLANG/WHAMPOA,5 ROOM,4200.00,23,922500.00,8,2024-07-01,5.46
2024,7,MARINE PARADE,3 ROOM,2700.00,19,448000.00,5,2024-07-01,7.23
2024,7,MARINE PARADE,4 ROOM,3200.00,11,653000.00,3,2024-07-01,5.88
2024,7,MARINE PARADE,5 ROOM,4600.00,7,965000.00,5,2024-07-01,5.72
2024,7,PASIR RIS,4 ROOM,3000.00,21,590000.00,27,2024-07-01,6.10
2024,7,PASIR RIS,5 ROOM,3500.00,35,698000.00,21,2024-07-01,6.02
2024,7,PASIR RIS,EXECUTIVE,3940.00,24,858000.00,17,2024-07-01,5.51
2024,7,PUNGGOL,2 ROOM,2400.00,7,340000.00,13,2024-07-01,8.47
2024,7,PUNGGOL,3 ROOM,2750.00,10,508000.00,31,2024-07-01,6.50
2024,7,PUNGGOL,4 ROOM,3200.00,64,648888.00,117,2024-07-01,5.92
2024,7,PUNGGOL,5 ROOM,3325.00,64,735000.00,71,2024-07-01,5.43
2024,7,PUNGGOL,EXECUTIVE,3475.00,8,776500.00,2,2024-07-01,5.37
2024,7,QUEENSTOWN,3 ROOM,3000.00,87,411500.00,40,2024-07-01,8.75
2024,7,QUEENSTOWN,4 ROOM,4200.00,49,944400.00,46,2024-07-01,5.34
2024,7,QUEENSTOWN,5 ROOM,4400.00,21,1037500.00,6,2024-07-01,5.09
2024,7,SEMBAWANG,2 ROOM,2300.00,7,360000.00,7,2024-07-01,7.67
2024,7,SEMBAWANG,3 ROOM,2000.00,1,487000.00,7,2024-07-01,4.93
2024,7,SEMBAWANG,4 ROOM,3150.00,20,562550.00,46,2024-07-01,6.72
2024,7,SEMBAWANG,5 ROOM,3200.00,35,616500.00,18,2024-07-01,6.23
2024,7,SEMBAWANG,EXECUTIVE,3375.00,14,675000.00,7,2024-07-01,6.00
2024,7,SENGKANG,2 ROOM,2250.00,6,340000.00,3,2024-07-01,7.94
2024,7,SENGKANG,3 ROOM,2825.00,8,500000.00,22,2024-07-01,6.78
2024,7,SENGKANG,4 ROOM,3200.00,95,620888.00,124,2024-07-01,6.18
2024,7,SENGKANG,5 ROOM,3300.00,81,665000.00,85,2024-07-01,5.95
2024,7,SENGKANG,EXECUTIVE,3450.00,16,790000.00,7,2024-07-01,5.24
2024,7,SERANGOON,3 ROOM,2800.00,24,434000.00,11,2024-07-01,7.74
2024,7,SERANGOON,4 ROOM,3200.00,32,625000.00,21,2024-07-01,6.14
2024,7,SERANGOON,5 ROOM,3650.00,12,745000.00,9,2024-07-01,5.88
2024,7,SERANGOON,EXECUTIVE,4000.00,6,965000.00,8,2024-07-01,4.97
2024,7,TAMPINES,2 ROOM,2350.00,2,363000.00,3,2024-07-01,7.77
2024,7,TAMPINES,3 ROOM,2800.00,61,456000.00,50,2024-07-01,7.37
2024,7,TAMPINES,4 ROOM,3300.00,97,632000.00,87,2024-07-01,6.27
2024,7,TAMPINES,5 ROOM,3600.00,51,720000.00,50,2024-07-01,6.00
2024,7,TAMPINES,EXECUTIVE,4000.00,15,900000.00,11,2024-07-01,5.33
2024,7,TOA PAYOH,3 ROOM,2800.00,75,376000.00,38,2024-07-01,8.94
2024,7,TOA PAYOH,4 ROOM,4000.00,32,855000.00,34,2024-07-01,5.61
2024,7,TOA PAYOH,5 ROOM,3950.00,22,929000.00,14,2024-07-01,5.10
2024,7,TOA PAYOH,EXECUTIVE,4250.00,2,1080000.00,1,2024-07-01,4.72
2024,7,WOODLANDS,2 ROOM,2300.00,4,342500.00,6,2024-07-01,8.06
2024,7,WOODLANDS,3 ROOM,2600.00,22,432000.00,37,2024-07-01,7.22
2024,7,WOODLANDS,4 ROOM,3000.00,53,530000.00,97,2024-07-01,6.79
2024,7,WOODLANDS,5 ROOM,3300.00,55,650000.00,76,2024-07-01,6.09
2024,7,WOODLANDS,EXECUTIVE,3700.00,13,901500.00,20,2024-07-01,4.93
2024,7,YISHUN,2 ROOM,2350.00,7,331500.00,6,2024-07-01,8.51
2024,7,YISHUN,3 ROOM,2600.00,65,407499.50,42,2024-07-01,7.66
2024,7,YISHUN,4 ROOM,3000.00,66,540000.00,103,2024-07-01,6.67
2024,7,YISHUN,5 ROOM,3400.00,25,670000.00,35,2024-07-01,6.09
2024,7,YISHUN,EXECUTIVE,4000.00,3,834400.00,10,2024-07-01,5.75
2024,8,ANG MO KIO,3 ROOM,2800.00,111,413888.00,45,2024-08-01,8.12
2024,8,ANG MO KIO,4 ROOM,3200.00,44,568000.00,25,2024-08-01,6.76
2024,8,ANG MO KIO,5 ROOM,3550.00,14,789000.00,20,2024-08-01,5.40
2024,8,ANG MO KIO,EXECUTIVE,4000.00,1,1110000.00,7,2024-08-01,4.32
2024,8,BEDOK,2 ROOM,2500.00,4,365000.00,2,2024-08-01,8.22
2024,8,BEDOK,3 ROOM,2700.00,88,396944.00,52,2024-08-01,8.16
2024,8,BEDOK,4 ROOM,3200.00,72,530000.00,39,2024-08-01,7.25
2024,8,BEDOK,5 ROOM,3700.00,18,710000.00,22,2024-08-01,6.25
2024,8,BEDOK,EXECUTIVE,3975.00,6,960000.00,10,2024-08-01,4.97
2024,8,BISHAN,3 ROOM,2850.00,18,486000.00,6,2024-08-01,7.04
2024,8,BISHAN,4 ROOM,3600.00,33,745000.00,15,2024-08-01,5.80
2024,8,BISHAN,5 ROOM,4200.00,9,1028888.00,9,2024-08-01,4.90
2024,8,BISHAN,EXECUTIVE,5000.00,1,1188888.00,5,2024-08-01,5.05
2024,8,BUKIT BATOK,2 ROOM,2500.00,9,359444.00,14,2024-08-01,8.35
2024,8,BUKIT BATOK,3 ROOM,2600.00,55,410000.00,40,2024-08-01,7.61
2024,8,BUKIT BATOK,4 ROOM,3200.00,37,615000.00,79,2024-08-01,6.24
2024,8,BUKIT BATOK,5 ROOM,3450.00,16,775500.00,28,2024-08-01,5.34
2024,8,BUKIT BATOK,EXECUTIVE,3850.00,4,858000.00,3,2024-08-01,5.38
2024,8,BUKIT MERAH,2 ROOM,2650.00,6,318000.00,3,2024-08-01,10.00
2024,8,BUKIT MERAH,3 ROOM,2900.00,71,408444.00,34,2024-08-01,8.52
2024,8,BUKIT MERAH,4 ROOM,3900.00,49,915000.00,34,2024-08-01,5.11
2024,8,BUKIT MERAH,5 ROOM,4150.00,28,914000.00,18,2024-08-01,5.45
2024,8,BUKIT PANJANG,3 ROOM,2300.00,6,437500.00,8,2024-08-01,6.31
2024,8,BUKIT PANJANG,4 ROOM,3000.00,26,550000.00,44,2024-08-01,6.55
2024,8,BUKIT PANJANG,5 ROOM,3250.00,20,695000.00,19,2024-08-01,5.61
2024,8,BUKIT PANJANG,EXECUTIVE,3775.00,2,888000.00,9,2024-08-01,5.10
2024,8,BUKIT TIMAH,3 ROOM,3200.00,5,512444.00,2,2024-08-01,7.49
2024,8,BUKIT TIMAH,5 ROOM,4200.00,1,1100000.00,3,2024-08-01,4.58
2024,8,CENTRAL AREA,3 ROOM,3200.00,36,449000.00,6,2024-08-01,8.55
2024,8,CENTRAL AREA,4 ROOM,4400.00,25,830000.00,7,2024-08-01,6.36
2024,8,CENTRAL AREA,5 ROOM,5000.00,13,1420000.00,3,2024-08-01,4.23
2024,8,CHOA CHU KANG,3 ROOM,2300.00,7,418500.00,10,2024-08-01,6.59
2024,8,CHOA CHU KANG,4 ROOM,3000.00,49,535000.00,53,2024-08-01,6.73
2024,8,CHOA CHU KANG,5 ROOM,3275.00,36,637000.00,45,2024-08-01,6.17
2024,8,CHOA CHU KANG,EXECUTIVE,3800.00,9,820000.00,14,2024-08-01,5.56
2024,8,CLEMENTI,3 ROOM,3000.00,72,377500.00,24,2024-08-01,9.54
2024,8,CLEMENTI,4 ROOM,4000.00,41,640000.00,22,2024-08-01,7.50
2024,8,CLEMENTI,5 ROOM,4250.00,8,727500.00,6,2024-08-01,7.01
2024,8,CLEMENTI,EXECUTIVE,3700.00,1,1085444.00,4,2024-08-01,4.09
2024,8,GEYLANG,2 ROOM,2050.00,2,270000.00,3,2024-08-01,9.11
2024,8,GEYLANG,3 ROOM,2700.00,41,381500.00,24,2024-08-01,8.49
2024,8,GEYLANG,4 ROOM,3680.00,13,869000.00,26,2024-08-01,5.08
2024,8,GEYLANG,5 ROOM,4000.00,8,1028888.00,7,2024-08-01,4.67
2024,8,GEYLANG,EXECUTIVE,4144.00,2,1019000.00,2,2024-08-01,4.88
2024,8,HOUGANG,2 ROOM,2250.00,4,380000.00,7,2024-08-01,7.11
2024,8,HOUGANG,3 ROOM,2700.00,40,432000.00,27,2024-08-01,7.50
2024,8,HOUGANG,4 ROOM,3200.00,68,600000.00,69,2024-08-01,6.40
2024,8,HOUGANG,5 ROOM,3350.00,24,728000.00,34,2024-08-01,5.52
2024,8,HOUGANG,EXECUTIVE,3600.00,7,950000.00,11,2024-08-01,4.55
2024,8,JURONG EAST,3 ROOM,2700.00,23,395000.00,26,2024-08-01,8.20
2024,8,JURONG EAST,4 ROOM,3300.00,27,510000.00,15,2024-08-01,7.76
2024,8,JURONG EAST,5 ROOM,3700.00,22,705000.00,18,2024-08-01,6.30
2024,8,JURONG EAST,EXECUTIVE,4200.00,4,782500.00,4,2024-08-01,6.44
2024,8,JURONG WEST,2 ROOM,2500.00,1,320000.00,1,2024-08-01,9.38
2024,8,JURONG WEST,3 ROOM,2625.00,36,377500.00,34,2024-08-01,8.34
2024,8,JURONG WEST,4 ROOM,3200.00,59,502500.00,46,2024-08-01,7.64
2024,8,JURONG WEST,5 ROOM,3800.00,66,620444.00,44,2024-08-01,7.35
2024,8,JURONG WEST,EXECUTIVE,3900.00,27,760000.00,15,2024-08-01,6.16
2024,8,KALLANG/WHAMPOA,2 ROOM,1800.00,2,275000.00,1,2024-08-01,7.85
2024,8,KALLANG/WHAMPOA,3 ROOM,2800.00,57,449444.00,42,2024-08-01,7.48
2024,8,KALLANG/WHAMPOA,4 ROOM,3875.00,48,868000.00,39,2024-08-01,5.36
2024,8,KALLANG/WHAMPOA,5 ROOM,4000.00,15,923000.00,10,2024-08-01,5.20
2024,8,MARINE PARADE,3 ROOM,3025.00,18,455000.00,13,2024-08-01,7.98
2024,8,MARINE PARADE,4 ROOM,3300.00,10,660000.00,3,2024-08-01,6.00
2024,8,MARINE PARADE,5 ROOM,4200.00,2,890000.00,1,2024-08-01,5.66
2024,8,PASIR RIS,3 ROOM,2600.00,3,440000.00,2,2024-08-01,7.09
2024,8,PASIR RIS,4 ROOM,3200.00,27,600444.00,24,2024-08-01,6.40
2024,8,PASIR RIS,5 ROOM,3450.00,18,701500.00,24,2024-08-01,5.90
2024,8,PASIR RIS,EXECUTIVE,3800.00,17,862344.00,16,2024-08-01,5.29
2024,8,PUNGGOL,2 ROOM,2400.00,9,351000.00,8,2024-08-01,8.21
2024,8,PUNGGOL,3 ROOM,2800.00,15,512500.00,20,2024-08-01,6.56
2024,8,PUNGGOL,4 ROOM,3200.00,63,647500.00,102,2024-08-01,5.93
2024,8,PUNGGOL,5 ROOM,3200.00,65,663388.00,70,2024-08-01,5.79
2024,8,PUNGGOL,EXECUTIVE,2600.00,2,794000.00,4,2024-08-01,3.93
2024,8,QUEENSTOWN,3 ROOM,3000.00,80,402900.00,36,2024-08-01,8.94
2024,8,QUEENSTOWN,4 ROOM,4000.00,31,933888.00,19,2024-08-01,5.14
2024,8,QUEENSTOWN,5 ROOM,4400.00,10,983500.00,8,2024-08-01,5.37
2024,8,SEMBAWANG,2 ROOM,2275.00,8,337500.00,6,2024-08-01,8.09
2024,8,SEMBAWANG,3 ROOM,3000.00,1,502888.00,7,2024-08-01,7.16
2024,8,SEMBAWANG,4 ROOM,3000.00,29,560888.00,49,2024-08-01,6.42
2024,8,SEMBAWANG,5 ROOM,3200.00,26,615000.00,23,2024-08-01,6.24
2024,8,SEMBAWANG,EXECUTIVE,3475.00,12,725000.00,8,2024-08-01,5.75
2024,8,SENGKANG,2 ROOM,2300.00,7,360000.00,9,2024-08-01,7.67
2024,8,SENGKANG,3 ROOM,2800.00,6,510000.00,23,2024-08-01,6.59
2024,8,SENGKANG,4 ROOM,3100.00,81,620000.00,91,2024-08-01,6.00
2024,8,SENGKANG,5 ROOM,3300.00,100,682500.00,74,2024-08-01,5.80
2024,8,SENGKANG,EXECUTIVE,3375.00,14,775000.00,19,2024-08-01,5.23
2024,8,SERANGOON,3 ROOM,2800.00,19,450000.00,13,2024-08-01,7.47
2024,8,SERANGOON,4 ROOM,3150.00,29,595000.00,20,2024-08-01,6.35
2024,8,SERANGOON,5 ROOM,3400.00,15,822500.00,4,2024-08-01,4.96
2024,8,SERANGOON,EXECUTIVE,3200.00,3,1080000.00,5,2024-08-01,3.56
2024,8,TAMPINES,2 ROOM,2500.00,1,371750.00,2,2024-08-01,8.07
2024,8,TAMPINES,3 ROOM,2800.00,55,460000.00,37,2024-08-01,7.30
2024,8,TAMPINES,4 ROOM,3300.00,66,623400.00,80,2024-08-01,6.35
2024,8,TAMPINES,5 ROOM,3500.00,42,730000.00,45,2024-08-01,5.75
2024,8,TAMPINES,EXECUTIVE,4175.00,14,927000.00,14,2024-08-01,5.40
2024,8,TOA PAYOH,3 ROOM,2875.00,66,378500.00,38,2024-08-01,9.11
2024,8,TOA PAYOH,4 ROOM,3600.00,26,838000.00,25,2024-08-01,5.16
2024,8,TOA PAYOH,5 ROOM,4000.00,18,858000.00,7,2024-08-01,5.59
2024,8,TOA PAYOH,EXECUTIVE,3890.00,2,1238888.00,3,2024-08-01,3.77
2024,8,WOODLANDS,2 ROOM,2300.00,6,335500.00,10,2024-08-01,8.23
2024,8,WOODLANDS,3 ROOM,2350.00,24,401500.00,16,2024-08-01,7.02
2024,8,WOODLANDS,4 ROOM,3000.00,63,530000.00,77,2024-08-01,6.79
2024,8,WOODLANDS,5 ROOM,3300.00,34,630000.00,45,2024-08-01,6.29
2024,8,WOODLANDS,EXECUTIVE,4000.00,9,865000.00,24,2024-08-01,5.55
2024,8,YISHUN,2 ROOM,1400.00,5,363000.00,3,2024-08-01,4.63
2024,8,YISHUN,3 ROOM,2700.00,51,430000.00,34,2024-08-01,7.53
2024,8,YISHUN,4 ROOM,3000.00,69,530000.00,86,2024-08-01,6.79
2024,8,YISHUN,5 ROOM,3300.00,15,680000.00,29,2024-08-01,5.82
2024,8,YISHUN,EXECUTIVE,3650.00,10,864444.00,8,2024-08-01,5.07
2024,9,ANG MO KIO,2 ROOM,2350.00,2,328000.00,3,2024-09-01,8.60
2024,9,ANG MO KIO,3 ROOM,2725.00,102,419000.00,48,2024-09-01,7.80
2024,9,ANG MO KIO,4 ROOM,3300.00,35,710000.00,23,2024-09-01,5.58
2024,9,ANG MO KIO,5 ROOM,3800.00,15,988000.00,13,2024-09-01,4.62
2024,9,ANG MO KIO,EXECUTIVE,3200.00,1,1090000.00,1,2024-09-01,3.52
2024,9,BEDOK,3 ROOM,2700.00,85,416500.00,42,2024-09-01,7.78
2024,9,BEDOK,4 ROOM,3245.00,62,588000.00,40,2024-09-01,6.62
2024,9,BEDOK,5 ROOM,3600.00,24,784500.00,18,2024-09-01,5.51
2024,9,BEDOK,EXECUTIVE,4150.00,6,1039000.00,2,2024-09-01,4.79
2024,9,BISHAN,3 ROOM,3125.00,12,514000.00,4,2024-09-01,7.30
2024,9,BISHAN,4 ROOM,3500.00,33,726944.00,12,2024-09-01,5.78
2024,9,BISHAN,5 ROOM,4000.00,17,980000.00,7,2024-09-01,4.90
2024,9,BISHAN,EXECUTIVE,3550.00,2,1240000.00,2,2024-09-01,3.44
2024,9,BUKIT BATOK,2 ROOM,2450.00,9,366500.00,8,2024-09-01,8.02
2024,9,BUKIT BATOK,3 ROOM,2700.00,51,405000.00,29,2024-09-01,8.00
2024,9,BUKIT BATOK,4 ROOM,3300.00,41,596000.00,66,2024-09-01,6.64
2024,9,BUKIT BATOK,5 ROOM,3600.00,18,741444.00,20,2024-09-01,5.83
2024,9,BUKIT BATOK,EXECUTIVE,3800.00,9,850000.00,10,2024-09-01,5.36
2024,9,BUKIT MERAH,2 ROOM,2400.00,8,290000.00,1,2024-09-01,9.93
2024,9,BUKIT MERAH,3 ROOM,2800.00,79,397500.00,28,2024-09-01,8.45
2024,9,BUKIT MERAH,4 ROOM,3800.00,60,897500.00,32,2024-09-01,5.08
2024,9,BUKIT MERAH,5 ROOM,4200.00,28,1000000.00,17,2024-09-01,5.04
2024,9,BUKIT PANJANG,2 ROOM,2250.00,2,370000.00,1,2024-09-01,7.30
2024,9,BUKIT PANJANG,3 ROOM,2700.00,7,416500.00,12,2024-09-01,7.78
2024,9,BUKIT PANJANG,4 ROOM,3000.00,31,520000.00,29,2024-09-01,6.92
2024,9,BUKIT PANJANG,5 ROOM,3290.00,30,680000.00,23,2024-09-01,5.81
2024,9,BUKIT TIMAH,4 ROOM,3700.00,3,688000.00,3,2024-09-01,6.45
2024,9,CENTRAL AREA,2 ROOM,2350.00,3,300000.00,1,2024-09-01,9.40
2024,9,CENTRAL AREA,3 ROOM,3000.00,19,497500.00,6,2024-09-01,7.24
2024,9,CENTRAL AREA,4 ROOM,4000.00,7,1210000.00,5,2024-09-01,3.97
2024,9,CENTRAL AREA,5 ROOM,4000.00,1,1475000.00,2,2024-09-01,3.25
2024,9,CHOA CHU KANG,3 ROOM,2700.00,8,437500.00,8,2024-09-01,7.41
2024,9,CHOA CHU KANG,4 ROOM,3000.00,49,538800.00,49,2024-09-01,6.68
2024,9,CHOA CHU KANG,5 ROOM,3300.00,34,647500.00,38,2024-09-01,6.12
2024,9,CHOA CHU KANG,EXECUTIVE,3500.00,17,819000.00,6,2024-09-01,5.13
2024,9,CLEMENTI,3 ROOM,3000.00,50,419000.00,18,2024-09-01,8.59
2024,9,CLEMENTI,4 ROOM,3700.00,23,705888.00,15,2024-09-01,6.29
2024,9,CLEMENTI,5 ROOM,4500.00,7,801944.00,6,2024-09-01,6.73
2024,9,GEYLANG,3 ROOM,2800.00,37,446500.00,32,2024-09-01,7.53
2024,9,GEYLANG,4 ROOM,3625.00,28,900888.00,27,2024-09-01,4.83
2024,9,GEYLANG,5 ROOM,3950.00,7,904000.00,6,2024-09-01,5.24
2024,9,HOUGANG,2 ROOM,2250.00,6,369000.00,8,2024-09-01,7.32
2024,9,HOUGANG,3 ROOM,2650.00,40,428888.00,23,2024-09-01,7.41
2024,9,HOUGANG,4 ROOM,3128.00,59,620000.00,42,2024-09-01,6.05
2024,9,HOUGANG,5 ROOM,3500.00,33,722500.00,30,2024-09-01,5.81
2024,9,HOUGANG,EXECUTIVE,3600.00,12,924444.00,14,2024-09-01,4.67
2024,9,JURONG EAST,3 ROOM,2500.00,23,395000.00,15,2024-09-01,7.59
2024,9,JURONG EAST,4 ROOM,3400.00,37,525000.00,7,2024-09-01,7.77
2024,9,JURONG EAST,5 ROOM,3500.00,15,700000.00,9,2024-09-01,6.00
2024,9,JURONG EAST,EXECUTIVE,4100.00,11,800444.00,6,2024-09-01,6.15
2024,9,JURONG WEST,2 ROOM,1850.00,2,340000.00,3,2024-09-01,6.53
2024,9,JURONG WEST,3 ROOM,2600.00,24,387000.00,33,2024-09-01,8.06
2024,9,JURONG WEST,4 ROOM,3300.00,63,528888.00,63,2024-09-01,7.49
2024,9,JURONG WEST,5 ROOM,3600.00,59,601500.00,46,2024-09-01,7.18
2024,9,JURONG WEST,EXECUTIVE,4000.00,12,817500.00,10,2024-09-01,5.87
2024,9,KALLANG/WHAMPOA,3 ROOM,2700.00,48,393000.00,51,2024-09-01,8.24
2024,9,KALLANG/WHAMPOA,4 ROOM,3300.00,27,909444.00,38,2024-09-01,4.35
2024,9,KALLANG/WHAMPOA,5 ROOM,3900.00,15,975000.00,13,2024-09-01,4.80
2024,9,KALLANG/WHAMPOA,EXECUTIVE,3800.00,1,1055000.00,1,2024-09-01,4.32
2024,9,MARINE PARADE,3 ROOM,2900.00,10,460000.00,9,2024-09-01,7.57
2024,9,MARINE PARADE,4 ROOM,3400.00,10,662000.00,1,2024-09-01,6.16
2024,9,MARINE PARADE,5 ROOM,4000.00,3,1190000.00,1,2024-09-01,4.03
2024,9,PASIR RIS,4 ROOM,3250.00,37,606000.00,18,2024-09-01,6.44
2024,9,PASIR RIS,5 ROOM,3425.00,20,706500.00,16,2024-09-01,5.82
2024,9,PASIR RIS,EXECUTIVE,3800.00,13,869444.00,8,2024-09-01,5.24
2024,9,PUNGGOL,2 ROOM,2375.00,10,350000.00,3,2024-09-01,8.14
2024,9,PUNGGOL,3 ROOM,2700.00,15,515388.00,22,2024-09-01,6.29
2024,9,PUNGGOL,4 ROOM,3275.00,60,645168.00,81,2024-09-01,6.09
2024,9,PUNGGOL,5 ROOM,3225.00,46,739944.00,54,2024-09-01,5.23
2024,9,PUNGGOL,EXECUTIVE,3600.00,5,765000.00,3,2024-09-01,5.65
2024,9,QUEENSTOWN,2 ROOM,2800.00,3,280000.00,1,2024-09-01,12.00
2024,9,QUEENSTOWN,3 ROOM,3000.00,78,408000.00,27,2024-09-01,8.82
2024,9,QUEENSTOWN,4 ROOM,4000.00,31,958000.00,28,2024-09-01,5.01
2024,9,QUEENSTOWN,5 ROOM,4150.00,14,1168000.00,5,2024-09-01,4.26
2024,9,SEMBAWANG,2 ROOM,2300.00,7,370000.00,7,2024-09-01,7.46
2024,9,SEMBAWANG,4 ROOM,3050.00,30,592500.00,36,2024-09-01,6.18
2024,9,SEMBAWANG,5 ROOM,3275.00,28,647000.00,16,2024-09-01,6.07
2024,9,SEMBAWANG,EXECUTIVE,3575.00,8,735000.00,4,2024-09-01,5.84
2024,9,SENGKANG,2 ROOM,2300.00,8,360000.00,7,2024-09-01,7.67
2024,9,SENGKANG,3 ROOM,2700.00,8,526000.00,7,2024-09-01,6.16
2024,9,SENGKANG,4 ROOM,3150.00,80,640000.00,91,2024-09-01,5.91
2024,9,SENGKANG,5 ROOM,3300.00,66,680000.00,66,2024-09-01,5.82
2024,9,SENGKANG,EXECUTIVE,3325.00,14,801000.00,14,2024-09-01,4.98
2024,9,SERANGOON,3 ROOM,2800.00,24,451000.00,12,2024-09-01,7.45
2024,9,SERANGOON,4 ROOM,3400.00,24,615000.00,11,2024-09-01,6.63
2024,9,SERANGOON,5 ROOM,3450.00,10,842000.00,8,2024-09-01,4.92
2024,9,SERANGOON,EXECUTIVE,4250.00,4,925000.00,7,2024-09-01,5.51
2024,9,TAMPINES,3 ROOM,2800.00,48,465000.00,29,2024-09-01,7.23
2024,9,TAMPINES,4 ROOM,3400.00,67,645888.00,55,2024-09-01,6.32
2024,9,TAMPINES,5 ROOM,3525.00,50,748444.00,28,2024-09-01,5.65
2024,9,TAMPINES,EXECUTIVE,4000.00,13,936500.00,16,2024-09-01,5.13
2024,9,TOA PAYOH,2 ROOM,1600.00,3,280000.00,5,2024-09-01,6.86
2024,9,TOA PAYOH,3 ROOM,2800.00,56,387000.00,29,2024-09-01,8.68
2024,9,TOA PAYOH,4 ROOM,3600.00,21,840000.00,26,2024-09-01,5.14
2024,9,TOA PAYOH,5 ROOM,4000.00,15,1010000.00,7,2024-09-01,4.75
2024,9,WOODLANDS,2 ROOM,2300.00,7,408000.00,1,2024-09-01,6.76
2024,9,WOODLANDS,3 ROOM,2500.00,9,440000.00,16,2024-09-01,6.82
2024,9,WOODLANDS,4 ROOM,3000.00,53,536500.00,64,2024-09-01,6.71
2024,9,WOODLANDS,5 ROOM,3200.00,51,640000.00,51,2024-09-01,6.00
2024,9,WOODLANDS,EXECUTIVE,3500.00,11,855000.00,18,2024-09-01,4.91
2024,9,YISHUN,2 ROOM,2300.00,6,348000.00,5,2024-09-01,7.93
2024,9,YISHUN,3 ROOM,2700.00,46,430000.00,39,2024-09-01,7.53
2024,9,YISHUN,4 ROOM,3000.00,61,540000.00,63,2024-09-01,6.67
2024,9,YISHUN,5 ROOM,3344.00,32,678000.00,26,2024-09-01,5.92
2024,9,YISHUN,EXECUTIVE,3674.00,2,834444.00,10,2024-09-01,5.28
2024,10,ANG MO KIO,3 ROOM,2800.00,115,420000.00,52,2024-10-01,8.00
2024,10,ANG MO KIO,4 ROOM,3400.00,35,580000.00,27,2024-10-01,7.03
2024,10,ANG MO KIO,5 ROOM,3800.00,13,797500.00,14,2024-10-01,5.72
2024,10,BEDOK,3 ROOM,2800.00,80,407500.00,36,2024-10-01,8.25
2024,10,BEDOK,4 ROOM,3250.00,57,550000.00,35,2024-10-01,7.09
2024,10,BEDOK,5 ROOM,3800.00,23,784000.00,22,2024-10-01,5.82
2024,10,BEDOK,EXECUTIVE,3900.00,3,976888.00,5,2024-10-01,4.79
2024,10,BISHAN,3 ROOM,2950.00,16,530000.00,3,2024-10-01,6.68
2024,10,BISHAN,4 ROOM,3550.00,36,750000.00,19,2024-10-01,5.68
2024,10,BISHAN,5 ROOM,3700.00,11,941500.00,4,2024-10-01,4.72
2024,10,BISHAN,EXECUTIVE,4450.00,2,1265000.00,6,2024-10-01,4.22
2024,10,BUKIT BATOK,2 ROOM,2500.00,3,358500.00,4,2024-10-01,8.37
2024,10,BUKIT BATOK,3 ROOM,2700.00,41,402500.00,48,2024-10-01,8.05
2024,10,BUKIT BATOK,4 ROOM,3200.00,35,630000.00,61,2024-10-01,6.10
2024,10,BUKIT BATOK,5 ROOM,3600.00,13,783000.00,17,2024-10-01,5.52
2024,10,BUKIT BATOK,EXECUTIVE,4000.00,3,861000.00,5,2024-10-01,5.57
2024,10,BUKIT MERAH,2 ROOM,2450.00,8,406500.00,2,2024-10-01,7.23
2024,10,BUKIT MERAH,3 ROOM,3000.00,61,390000.00,38,2024-10-01,9.23
2024,10,BUKIT MERAH,4 ROOM,3800.00,62,928888.00,31,2024-10-01,4.91
2024,10,BUKIT MERAH,5 ROOM,4100.00,21,1054000.00,10,2024-10-01,4.67
2024,10,BUKIT PANJANG,2 ROOM,2200.00,1,355000.00,3,2024-10-01,7.44
2024,10,BUKIT PANJANG,3 ROOM,2400.00,4,446444.00,10,2024-10-01,6.45
2024,10,BUKIT PANJANG,4 ROOM,2950.00,30,544500.00,22,2024-10-01,6.50
2024,10,BUKIT PANJANG,5 ROOM,3200.00,26,715000.00,26,2024-10-01,5.37
2024,10,BUKIT PANJANG,EXECUTIVE,3500.00,5,915888.00,9,2024-10-01,4.59
2024,10,BUKIT TIMAH,3 ROOM,3350.00,3,510000.00,1,2024-10-01,7.88
2024,10,BUKIT TIMAH,4 ROOM,4000.00,3,898000.00,1,2024-10-01,5.35
2024,10,BUKIT TIMAH,5 ROOM,4350.00,2,1144000.00,2,2024-10-01,4.56
2024,10,CENTRAL AREA,3 ROOM,3100.00,23,430000.00,5,2024-10-01,8.65
2024,10,CENTRAL AREA,4 ROOM,3900.00,9,1350000.00,3,2024-10-01,3.47
2024,10,CENTRAL AREA,5 ROOM,5400.00,3,1480000.00,3,2024-10-01,4.38
2024,10,CHOA CHU KANG,3 ROOM,2700.00,11,443444.00,4,2024-10-01,7.31
2024,10,CHOA CHU KANG,4 ROOM,3000.00,60,540000.00,39,2024-10-01,6.67
2024,10,CHOA CHU KANG,5 ROOM,3300.00,35,634000.00,34,2024-10-01,6.25
2024,10,CHOA CHU KANG,EXECUTIVE,3450.00,10,774500.00,6,2024-10-01,5.35
2024,10,CLEMENTI,3 ROOM,3000.00,51,420000.00,26,2024-10-01,8.57
2024,10,CLEMENTI,4 ROOM,3800.00,21,839000.00,12,2024-10-01,5.44
2024,10,CLEMENTI,5 ROOM,4100.00,6,776500.00,2,2024-10-01,6.34
2024,10,GEYLANG,2 ROOM,2050.00,4,287500.00,2,2024-10-01,8.56
2024,10,GEYLANG,3 ROOM,2800.00,60,415000.00,21,2024-10-01,8.10
2024,10,GEYLANG,4 ROOM,3550.00,30,909000.00,18,2024-10-01,4.69
2024,10,GEYLANG,5 ROOM,3800.00,7,786500.00,4,2024-10-01,5.80
2024,10,HOUGANG,2 ROOM,2350.00,2,325000.00,1,2024-10-01,8.68
2024,10,HOUGANG,3 ROOM,2700.00,35,441000.00,20,2024-10-01,7.35
2024,10,HOUGANG,4 ROOM,3200.00,50,624000.00,32,2024-10-01,6.15
2024,10,HOUGANG,5 ROOM,3400.00,24,746500.00,18,2024-10-01,5.47
2024,10,HOUGANG,EXECUTIVE,3700.00,8,958000.00,12,2024-10-01,4.63
2024,10,JURONG EAST,2 ROOM,2200.00,2,348000.00,2,2024-10-01,7.59
2024,10,JURONG EAST,3 ROOM,2800.00,24,420000.00,21,2024-10-01,8.00
2024,10,JURONG EAST,4 ROOM,3550.00,25,525000.00,12,2024-10-01,8.11
2024,10,JURONG EAST,5 ROOM,3650.00,20,720000.00,13,2024-10-01,6.08
2024,10,JURONG WEST,2 ROOM,1950.00,4,346000.00,6,2024-10-01,6.76
2024,10,JURONG WEST,3 ROOM,2800.00,34,380000.00,33,2024-10-01,8.84
2024,10,JURONG WEST,4 ROOM,3400.00,63,515000.00,63,2024-10-01,7.92
2024,10,JURONG WEST,5 ROOM,3600.00,62,630000.00,50,2024-10-01,6.86
2024,10,JURONG WEST,EXECUTIVE,3950.00,8,759000.00,12,2024-10-01,6.25
2024,10,KALLANG/WHAMPOA,2 ROOM,2500.00,3,320000.00,1,2024-10-01,9.38
2024,10,KALLANG/WHAMPOA,3 ROOM,2900.00,51,455000.00,32,2024-10-01,7.65
2024,10,KALLANG/WHAMPOA,4 ROOM,3650.00,32,871444.00,32,2024-10-01,5.03
2024,10,KALLANG/WHAMPOA,5 ROOM,4000.00,15,850000.00,9,2024-10-01,5.65
2024,10,KALLANG/WHAMPOA,EXECUTIVE,4200.00,1,1200000.00,1,2024-10-01,4.20
2024,10,MARINE PARADE,3 ROOM,2850.00,16,485000.00,7,2024-10-01,7.05
2024,10,MARINE PARADE,4 ROOM,3400.00,8,533000.00,3,2024-10-01,7.65
2024,10,PASIR RIS,3 ROOM,2000.00,3,449500.00,4,2024-10-01,5.34
2024,10,PASIR RIS,4 ROOM,3300.00,27,600000.00,23,2024-10-01,6.60
2024,10,PASIR RIS,5 ROOM,3500.00,25,692000.00,15,2024-10-01,6.07
2024,10,PASIR RIS,EXECUTIVE,3800.00,14,847500.00,10,2024-10-01,5.38
2024,10,PUNGGOL,2 ROOM,2300.00,9,370000.00,5,2024-10-01,7.46
2024,10,PUNGGOL,3 ROOM,2700.00,19,510000.00,19,2024-10-01,6.35
2024,10,PUNGGOL,4 ROOM,3200.00,59,655888.00,85,2024-10-01,5.85
2024,10,PUNGGOL,5 ROOM,3250.00,65,740000.00,59,2024-10-01,5.27
2024,10,PUNGGOL,EXECUTIVE,3275.00,6,810000.00,1,2024-10-01,4.85
2024,10,QUEENSTOWN,2 ROOM,2220.00,5,271944.00,2,2024-10-01,9.80
2024,10,QUEENSTOWN,3 ROOM,3000.00,64,389000.00,18,2024-10-01,9.25
2024,10,QUEENSTOWN,4 ROOM,4000.00,23,940000.00,21,2024-10-01,5.11
2024,10,QUEENSTOWN,5 ROOM,4500.00,12,1167500.00,8,2024-10-01,4.63
2024,10,SEMBAWANG,2 ROOM,2200.00,16,370000.00,11,2024-10-01,7.14
2024,10,SEMBAWANG,3 ROOM,2800.00,2,510000.00,18,2024-10-01,6.59
2024,10,SEMBAWANG,4 ROOM,3100.00,18,598000.00,35,2024-10-01,6.22
2024,10,SEMBAWANG,5 ROOM,3225.00,24,638000.00,17,2024-10-01,6.07
2024,10,SEMBAWANG,EXECUTIVE,3550.00,8,765000.00,3,2024-10-01,5.57
2024,10,SENGKANG,2 ROOM,2425.00,8,385000.00,3,2024-10-01,7.56
2024,10,SENGKANG,3 ROOM,2800.00,11,521500.00,18,2024-10-01,6.44
2024,10,SENGKANG,4 ROOM,3150.00,79,650000.00,90,2024-10-01,5.82
2024,10,SENGKANG,5 ROOM,3300.00,74,680000.00,42,2024-10-01,5.82
2024,10,SENGKANG,EXECUTIVE,3550.00,18,825000.00,17,2024-10-01,5.16
2024,10,SERANGOON,3 ROOM,2700.00,24,476944.00,6,2024-10-01,6.79
2024,10,SERANGOON,4 ROOM,3250.00,26,640000.00,13,2024-10-01,6.09
2024,10,SERANGOON,5 ROOM,3250.00,7,960000.00,3,2024-10-01,4.06
2024,10,SERANGOON,EXECUTIVE,3250.00,2,1080000.00,3,2024-10-01,3.61
2024,10,TAMPINES,3 ROOM,2800.00,57,480000.00,31,2024-10-01,7.00
2024,10,TAMPINES,4 ROOM,3450.00,66,632500.00,70,2024-10-01,6.55
2024,10,TAMPINES,5 ROOM,3600.00,46,750000.00,38,2024-10-01,5.76
2024,10,TAMPINES,EXECUTIVE,3925.00,10,925000.00,16,2024-10-01,5.09
2024,10,TOA PAYOH,3 ROOM,2800.00,53,382500.00,28,2024-10-01,8.78
2024,10,TOA PAYOH,4 ROOM,3200.00,33,932000.00,25,2024-10-01,4.12
2024,10,TOA PAYOH,5 ROOM,3800.00,13,1215000.00,6,2024-10-01,3.75
2024,10,WOODLANDS,2 ROOM,2350.00,7,338000.00,5,2024-10-01,8.34
2024,10,WOODLANDS,3 ROOM,2500.00,19,417500.00,28,2024-10-01,7.19
2024,10,WOODLANDS,4 ROOM,3000.00,66,545000.00,70,2024-10-01,6.61
2024,10,WOODLANDS,5 ROOM,3300.00,57,650000.00,55,2024-10-01,6.09
2024,10,WOODLANDS,EXECUTIVE,3650.00,9,868000.00,20,2024-10-01,5.05
2024,10,YISHUN,2 ROOM,2225.00,6,342000.00,3,2024-10-01,7.81
2024,10,YISHUN,3 ROOM,2600.00,45,428500.00,36,2024-10-01,7.28
2024,10,YISHUN,4 ROOM,3000.00,57,562500.00,52,2024-10-01,6.40
2024,10,YISHUN,5 ROOM,3500.00,10,725000.00,23,2024-10-01,5.79
2024,10,YISHUN,EXECUTIVE,3300.00,5,888888.00,7,2024-10-01,4.46
2024,11,ANG MO KIO,2 ROOM,2000.00,1,295000.00,1,2024-11-01,8.14
2024,11,ANG MO KIO,3 ROOM,2800.00,91,430944.00,36,2024-11-01,7.80
2024,11,ANG MO KIO,4 ROOM,3400.00,44,598000.00,23,2024-11-01,6.82
2024,11,ANG MO KIO,5 ROOM,3500.00,13,868000.00,5,2024-11-01,4.84
2024,11,BEDOK,3 ROOM,2800.00,78,418000.00,19,2024-11-01,8.04
2024,11,BEDOK,4 ROOM,3250.00,52,565000.00,23,2024-11-01,6.90
2024,11,BEDOK,5 ROOM,3700.00,32,794000.00,20,2024-11-01,5.59
2024,11,BEDOK,EXECUTIVE,3800.00,6,1000000.00,3,2024-11-01,4.56
2024,11,BISHAN,4 ROOM,3500.00,39,770000.00,15,2024-11-01,5.45
2024,11,BISHAN,5 ROOM,4200.00,11,1018000.00,11,2024-11-01,4.95
2024,11,BUKIT BATOK,2 ROOM,2500.00,8,360000.00,5,2024-11-01,8.33
2024,11,BUKIT BATOK,3 ROOM,2600.00,31,410000.00,23,2024-11-01,7.61
2024,11,BUKIT BATOK,4 ROOM,3250.00,44,605000.00,49,2024-11-01,6.45
2024,11,BUKIT BATOK,5 ROOM,3525.00,8,785893.00,22,2024-11-01,5.38
2024,11,BUKIT BATOK,EXECUTIVE,3400.00,6,868000.00,5,2024-11-01,4.70
2024,11,BUKIT MERAH,1 ROOM,1950.00,2,268000.00,3,2024-11-01,8.73
2024,11,BUKIT MERAH,2 ROOM,2400.00,6,295000.00,5,2024-11-01,9.76
2024,11,BUKIT MERAH,3 ROOM,3050.00,60,448000.00,30,2024-11-01,8.17
2024,11,BUKIT MERAH,4 ROOM,4000.00,41,915000.00,27,2024-11-01,5.25
2024,11,BUKIT MERAH,5 ROOM,4000.00,27,930000.00,7,2024-11-01,5.16
2024,11,BUKIT PANJANG,3 ROOM,2500.00,11,423000.00,9,2024-11-01,7.09
2024,11,BUKIT PANJANG,4 ROOM,3100.00,32,542888.00,35,2024-11-01,6.85
2024,11,BUKIT PANJANG,5 ROOM,3200.00,31,665000.00,21,2024-11-01,5.77
2024,11,BUKIT PANJANG,EXECUTIVE,3700.00,7,850000.00,7,2024-11-01,5.22
2024,11,BUKIT TIMAH,3 ROOM,3000.00,4,480000.00,1,2024-11-01,7.50
2024,11,BUKIT TIMAH,4 ROOM,3000.00,3,705000.00,2,2024-11-01,5.11
2024,11,BUKIT TIMAH,5 ROOM,4300.00,1,1110000.00,1,2024-11-01,4.65
2024,11,CENTRAL AREA,3 ROOM,3200.00,29,448000.00,1,2024-11-01,8.57
2024,11,CENTRAL AREA,4 ROOM,4600.00,21,1061000.00,2,2024-11-01,5.20
2024,11,CENTRAL AREA,5 ROOM,5200.00,13,1254000.00,4,2024-11-01,4.98
2024,11,CHOA CHU KANG,3 ROOM,2640.00,8,462000.00,11,2024-11-01,6.86
2024,11,CHOA CHU KANG,4 ROOM,3100.00,50,540000.00,52,2024-11-01,6.89
2024,11,CHOA CHU KANG,5 ROOM,3300.00,31,640000.00,31,2024-11-01,6.19
2024,11,CHOA CHU KANG,EXECUTIVE,3350.00,10,807500.00,10,2024-11-01,4.98
2024,11,CLEMENTI,3 ROOM,2900.00,60,445500.00,16,2024-11-01,7.81
2024,11,CLEMENTI,4 ROOM,3625.00,28,954000.00,11,2024-11-01,4.56
2024,11,CLEMENTI,5 ROOM,4100.00,11,890000.00,6,2024-11-01,5.53
2024,11,GEYLANG,2 ROOM,2500.00,3,269000.00,2,2024-11-01,11.15
2024,11,GEYLANG,3 ROOM,2800.00,30,392500.00,26,2024-11-01,8.56
2024,11,GEYLANG,4 ROOM,3600.00,33,808000.00,23,2024-11-01,5.35
2024,11,GEYLANG,5 ROOM,3800.00,9,807400.00,4,2024-11-01,5.65
2024,11,GEYLANG,EXECUTIVE,4000.00,3,1015000.00,2,2024-11-01,4.73
2024,11,HOUGANG,2 ROOM,2300.00,4,365000.00,5,2024-11-01,7.56
2024,11,HOUGANG,3 ROOM,2800.00,38,425000.00,20,2024-11-01,7.91
2024,11,HOUGANG,4 ROOM,3200.00,48,600000.00,52,2024-11-01,6.40
2024,11,HOUGANG,5 ROOM,3200.00,24,764444.00,20,2024-11-01,5.02
2024,11,HOUGANG,EXECUTIVE,3900.00,11,958000.00,13,2024-11-01,4.89
2024,11,JURONG EAST,3 ROOM,3000.00,21,410000.00,15,2024-11-01,8.78
2024,11,JURONG EAST,4 ROOM,3300.00,19,530000.00,15,2024-11-01,7.47
2024,11,JURONG EAST,5 ROOM,3750.00,12,688000.00,7,2024-11-01,6.54
2024,11,JURONG WEST,2 ROOM,2150.00,7,318888.00,3,2024-11-01,8.09
2024,11,JURONG WEST,3 ROOM,2700.00,39,405000.00,25,2024-11-01,8.00
2024,11,JURONG WEST,4 ROOM,3300.00,76,523000.00,51,2024-11-01,7.57
2024,11,JURONG WEST,5 ROOM,3590.00,52,630500.00,42,2024-11-01,6.83
2024,11,JURONG WEST,EXECUTIVE,3950.00,14,763000.00,11,2024-11-01,6.21
2024,11,KALLANG/WHAMPOA,2 ROOM,2800.00,1,333000.00,1,2024-11-01,10.09
2024,11,KALLANG/WHAMPOA,3 ROOM,2800.00,53,421500.00,24,2024-11-01,7.97
2024,11,KALLANG/WHAMPOA,4 ROOM,3800.00,35,825288.00,21,2024-11-01,5.53
2024,11,KALLANG/WHAMPOA,5 ROOM,3975.00,14,965000.00,8,2024-11-01,4.94
2024,11,MARINE PARADE,3 ROOM,2900.00,24,450000.00,5,2024-11-01,7.73
2024,11,MARINE PARADE,4 ROOM,3400.00,5,580000.00,1,2024-11-01,7.03
2024,11,MARINE PARADE,5 ROOM,4100.00,3,926500.00,4,2024-11-01,5.31
2024,11,PASIR RIS,3 ROOM,2650.00,2,602500.00,2,2024-11-01,5.28
2024,11,PASIR RIS,4 ROOM,3000.00,25,624000.00,22,2024-11-01,5.77
2024,11,PASIR RIS,5 ROOM,3600.00,23,709944.00,16,2024-11-01,6.08
2024,11,PASIR RIS,EXECUTIVE,3700.00,16,920000.00,15,2024-11-01,4.83
2024,11,PUNGGOL,2 ROOM,2300.00,8,372500.00,6,2024-11-01,7.41
2024,11,PUNGGOL,3 ROOM,2800.00,20,538888.00,20,2024-11-01,6.24
2024,11,PUNGGOL,4 ROOM,3200.00,61,665000.00,59,2024-11-01,5.77
2024,11,PUNGGOL,5 ROOM,3300.00,69,720000.00,53,2024-11-01,5.50
2024,11,PUNGGOL,EXECUTIVE,3450.00,1,820000.00,1,2024-11-01,5.05
2024,11,QUEENSTOWN,3 ROOM,3000.00,58,440000.00,33,2024-11-01,8.18
2024,11,QUEENSTOWN,4 ROOM,4025.00,24,868888.00,17,2024-11-01,5.56
2024,11,QUEENSTOWN,5 ROOM,4650.00,10,1000000.00,7,2024-11-01,5.58
2024,11,SEMBAWANG,2 ROOM,2200.00,7,380000.00,4,2024-11-01,6.95
2024,11,SEMBAWANG,3 ROOM,2900.00,2,515000.00,8,2024-11-01,6.76
2024,11,SEMBAWANG,4 ROOM,3100.00,25,618000.00,45,2024-11-01,6.02
2024,11,SEMBAWANG,5 ROOM,3300.00,17,618000.00,17,2024-11-01,6.41
2024,11,SEMBAWANG,EXECUTIVE,3600.00,13,730000.00,9,2024-11-01,5.92
2024,11,SENGKANG,2 ROOM,2350.00,13,378500.00,8,2024-11-01,7.45
2024,11,SENGKANG,3 ROOM,2750.00,18,500000.00,9,2024-11-01,6.60
2024,11,SENGKANG,4 ROOM,3200.00,90,629000.00,80,2024-11-01,6.10
2024,11,SENGKANG,5 ROOM,3245.00,82,690000.00,44,2024-11-01,5.64
2024,11,SENGKANG,EXECUTIVE,3525.00,14,801500.00,6,2024-11-01,5.28
2024,11,SERANGOON,3 ROOM,2625.00,22,428000.00,3,2024-11-01,7.36
2024,11,SERANGOON,4 ROOM,3300.00,25,649444.00,12,2024-11-01,6.10
2024,11,SERANGOON,5 ROOM,3400.00,15,770000.00,6,2024-11-01,5.30
2024,11,SERANGOON,EXECUTIVE,3600.00,3,970000.00,2,2024-11-01,4.45
2024,11,TAMPINES,3 ROOM,2825.00,44,468444.00,20,2024-11-01,7.24
2024,11,TAMPINES,4 ROOM,3400.00,75,666000.00,43,2024-11-01,6.13
2024,11,TAMPINES,5 ROOM,3500.00,50,776500.00,44,2024-11-01,5.41
2024,11,TAMPINES,EXECUTIVE,4000.00,13,917500.00,12,2024-11-01,5.23
2024,11,TOA PAYOH,2 ROOM,2400.00,3,285000.00,1,2024-11-01,10.11
2024,11,TOA PAYOH,3 ROOM,2900.00,63,380000.00,24,2024-11-01,9.16
2024,11,TOA PAYOH,4 ROOM,3600.00,34,950000.00,23,2024-11-01,4.55
2024,11,TOA PAYOH,5 ROOM,4200.00,15,1188888.00,11,2024-11-01,4.24
2024,11,TOA PAYOH,EXECUTIVE,3700.00,2,1200000.00,1,2024-11-01,3.70
2024,11,WOODLANDS,2 ROOM,2400.00,3,359000.00,2,2024-11-01,8.02
2024,11,WOODLANDS,3 ROOM,2500.00,22,369000.00,20,2024-11-01,8.13
2024,11,WOODLANDS,4 ROOM,3200.00,65,548000.00,69,2024-11-01,7.01
2024,11,WOODLANDS,5 ROOM,3200.00,49,646500.00,42,2024-11-01,5.94
2024,11,WOODLANDS,EXECUTIVE,3600.00,7,844000.00,16,2024-11-01,5.12
2024,11,YISHUN,2 ROOM,2425.00,6,347500.00,4,2024-11-01,8.37
2024,11,YISHUN,3 ROOM,2700.00,55,420000.00,35,2024-11-01,7.71
2024,11,YISHUN,4 ROOM,3200.00,57,545000.00,72,2024-11-01,7.05
2024,11,YISHUN,5 ROOM,3300.00,21,700000.00,21,2024-11-01,5.66
2024,11,YISHUN,EXECUTIVE,3500.00,7,865000.00,3,2024-11-01,4.86
2024,12,ANG MO KIO,2 ROOM,2175.00,2,310000.00,3,2024-12-01,8.42
2024,12,ANG MO KIO,3 ROOM,2800.00,118,425000.00,50,2024-12-01,7.91
2024,12,ANG MO KIO,4 ROOM,3350.00,51,600000.00,17,2024-12-01,6.70
2024,12,ANG MO KIO,5 ROOM,3775.00,10,847500.00,8,2024-12-01,5.35
2024,12,BEDOK,2 ROOM,1500.00,3,312000.00,1,2024-12-01,5.77
2024,12,BEDOK,3 ROOM,2700.00,77,418000.00,37,2024-12-01,7.75
2024,12,BEDOK,4 ROOM,3200.00,52,570000.00,41,2024-12-01,6.74
2024,12,BEDOK,5 ROOM,3800.00,20,844000.00,18,2024-12-01,5.40
2024,12,BEDOK,EXECUTIVE,4000.00,8,905000.00,2,2024-12-01,5.30
2024,12,BISHAN,3 ROOM,2825.00,24,525000.00,4,2024-12-01,6.46
2024,12,BISHAN,4 ROOM,3525.00,34,822000.00,19,2024-12-01,5.15
2024,12,BISHAN,5 ROOM,4000.00,19,970000.00,13,2024-12-01,4.95
2024,12,BISHAN,EXECUTIVE,3600.00,1,1322000.00,1,2024-12-01,3.27
2024,12,BUKIT BATOK,2 ROOM,2275.00,8,368500.00,8,2024-12-01,7.41
2024,12,BUKIT BATOK,3 ROOM,2700.00,45,410000.00,39,2024-12-01,7.90
2024,12,BUKIT BATOK,4 ROOM,3200.00,41,606500.00,56,2024-12-01,6.33
2024,12,BUKIT BATOK,5 ROOM,3600.00,17,780000.00,17,2024-12-01,5.54
2024,12,BUKIT BATOK,EXECUTIVE,4150.00,2,872444.00,8,2024-12-01,5.71
2024,12,BUKIT MERAH,2 ROOM,2900.00,4,333000.00,3,2024-12-01,10.45
2024,12,BUKIT MERAH,3 ROOM,3100.00,69,492000.00,25,2024-12-01,7.56
2024,12,BUKIT MERAH,4 ROOM,4000.00,71,920000.00,33,2024-12-01,5.22
2024,12,BUKIT MERAH,5 ROOM,4200.00,31,997500.00,16,2024-12-01,5.05
2024,12,BUKIT PANJANG,2 ROOM,2200.00,1,347620.00,2,2024-12-01,7.59
2024,12,BUKIT PANJANG,3 ROOM,2600.00,13,441888.00,9,2024-12-01,7.06
2024,12,BUKIT PANJANG,4 ROOM,2900.00,32,545000.00,32,2024-12-01,6.39
2024,12,BUKIT PANJANG,5 ROOM,3300.00,15,721999.50,16,2024-12-01,5.48
2024,12,BUKIT PANJANG,EXECUTIVE,3475.00,4,790000.00,11,2024-12-01,5.28
2024,12,BUKIT TIMAH,4 ROOM,3950.00,2,895944.00,2,2024-12-01,5.29
2024,12,CENTRAL AREA,3 ROOM,3200.00,18,500413.00,9,2024-12-01,7.67
2024,12,CENTRAL AREA,4 ROOM,3900.00,10,1340000.00,9,2024-12-01,3.49
2024,12,CHOA CHU KANG,2 ROOM,1850.00,2,335444.00,2,2024-12-01,6.62
2024,12,CHOA CHU KANG,3 ROOM,2300.00,9,415000.00,8,2024-12-01,6.65
2024,12,CHOA CHU KANG,4 ROOM,3050.00,56,546888.00,33,2024-12-01,6.69
2024,12,CHOA CHU KANG,5 ROOM,3200.00,31,665000.00,25,2024-12-01,5.77
2024,12,CHOA CHU KANG,EXECUTIVE,3500.00,9,827500.00,10,2024-12-01,5.08
2024,12,CLEMENTI,3 ROOM,3000.00,51,420000.00,20,2024-12-01,8.57
2024,12,CLEMENTI,4 ROOM,3850.00,32,600000.00,17,2024-12-01,7.70
2024,12,CLEMENTI,5 ROOM,4250.00,8,849500.00,4,2024-12-01,6.00
2024,12,GEYLANG,2 ROOM,2500.00,4,298000.00,3,2024-12-01,10.07
2024,12,GEYLANG,3 ROOM,2750.00,50,375000.00,21,2024-12-01,8.80
2024,12,GEYLANG,4 ROOM,3750.00,29,920000.00,23,2024-12-01,4.89
2024,12,GEYLANG,5 ROOM,3200.00,4,750888.00,7,2024-12-01,5.11
2024,12,HOUGANG,2 ROOM,1800.00,3,375000.00,3,2024-12-01,5.76
2024,12,HOUGANG,3 ROOM,2600.00,44,433000.00,20,2024-12-01,7.21
2024,12,HOUGANG,4 ROOM,3200.00,54,650000.00,32,2024-12-01,5.91
2024,12,HOUGANG,5 ROOM,3500.00,30,760000.00,19,2024-12-01,5.53
2024,12,HOUGANG,EXECUTIVE,3600.00,11,900000.00,3,2024-12-01,4.80
2024,12,JURONG EAST,3 ROOM,2800.00,32,392500.00,16,2024-12-01,8.56
2024,12,JURONG EAST,4 ROOM,3400.00,27,555000.00,12,2024-12-01,7.35
2024,12,JURONG EAST,5 ROOM,3800.00,17,705000.00,3,2024-12-01,6.47
2024,12,JURONG EAST,EXECUTIVE,3450.00,2,961500.00,2,2024-12-01,4.31
2024,12,JURONG WEST,2 ROOM,2350.00,2,346500.00,4,2024-12-01,8.14
2024,12,JURONG WEST,3 ROOM,2600.00,48,402000.00,27,2024-12-01,7.76
2024,12,JURONG WEST,4 ROOM,3425.00,78,531000.00,62,2024-12-01,7.74
2024,12,JURONG WEST,5 ROOM,3700.00,70,605888.00,41,2024-12-01,7.33
2024,12,JURONG WEST,EXECUTIVE,3600.00,19,767500.00,14,2024-12-01,5.63
2024,12,KALLANG/WHAMPOA,2 ROOM,2000.00,3,325778.00,1,2024-12-01,7.37
2024,12,KALLANG/WHAMPOA,3 ROOM,3000.00,68,440000.00,31,2024-12-01,8.18
2024,12,KALLANG/WHAMPOA,4 ROOM,3800.00,35,866944.00,18,2024-12-01,5.26
2024,12,KALLANG/WHAMPOA,5 ROOM,4300.00,14,979444.00,8,2024-12-01,5.27
2024,12,MARINE PARADE,3 ROOM,2925.00,18,482000.00,9,2024-12-01,7.28
2024,12,MARINE PARADE,4 ROOM,3350.00,7,665000.00,5,2024-12-01,6.05
2024,12,MARINE PARADE,5 ROOM,3800.00,2,894000.00,4,2024-12-01,5.10
2024,12,PASIR RIS,4 ROOM,3100.00,30,608000.00,23,2024-12-01,6.12
2024,12,PASIR RIS,5 ROOM,3500.00,21,730000.00,10,2024-12-01,5.75
2024,12,PASIR RIS,EXECUTIVE,3725.00,20,890000.00,20,2024-12-01,5.02
2024,12,PUNGGOL,2 ROOM,2300.00,5,360000.00,4,2024-12-01,7.67
2024,12,PUNGGOL,3 ROOM,2800.00,10,529444.00,20,2024-12-01,6.35
2024,12,PUNGGOL,4 ROOM,3200.00,55,666500.00,70,2024-12-01,5.76
2024,12,PUNGGOL,5 ROOM,3200.00,44,660444.00,42,2024-12-01,5.81
2024,12,PUNGGOL,EXECUTIVE,3500.00,2,805500.00,4,2024-12-01,5.21
2024,12,QUEENSTOWN,2 ROOM,2500.00,2,288000.00,3,2024-12-01,10.42
2024,12,QUEENSTOWN,3 ROOM,3000.00,97,399500.00,18,2024-12-01,9.01
2024,12,QUEENSTOWN,4 ROOM,4250.00,26,1012500.00,18,2024-12-01,5.04
2024,12,QUEENSTOWN,5 ROOM,4250.00,10,1048000.00,5,2024-12-01,4.87
2024,12,SEMBAWANG,2 ROOM,2300.00,15,368000.00,10,2024-12-01,7.50
2024,12,SEMBAWANG,3 ROOM,2650.00,1,549000.00,11,2024-12-01,5.79
2024,12,SEMBAWANG,4 ROOM,3100.00,29,632500.00,60,2024-12-01,5.88
2024,12,SEMBAWANG,5 ROOM,3200.00,23,661584.00,20,2024-12-01,5.80
2024,12,SEMBAWANG,EXECUTIVE,3425.00,12,696500.00,2,2024-12-01,5.90
2024,12,SENGKANG,2 ROOM,2325.00,14,388000.00,7,2024-12-01,7.19
2024,12,SENGKANG,3 ROOM,2900.00,13,515000.00,15,2024-12-01,6.76
2024,12,SENGKANG,4 ROOM,3200.00,100,649444.00,90,2024-12-01,5.91
2024,12,SENGKANG,5 ROOM,3290.00,84,710000.00,46,2024-12-01,5.56
2024,12,SENGKANG,EXECUTIVE,3500.00,13,840000.00,9,2024-12-01,5.00
2024,12,SERANGOON,3 ROOM,2800.00,17,447944.00,6,2024-12-01,7.50
2024,12,SERANGOON,4 ROOM,3575.00,28,663844.00,20,2024-12-01,6.46
2024,12,SERANGOON,5 ROOM,3725.00,6,770000.00,7,2024-12-01,5.81
2024,12,SERANGOON,EXECUTIVE,4120.00,7,985000.00,4,2024-12-01,5.02
2024,12,TAMPINES,3 ROOM,2800.00,55,476944.00,36,2024-12-01,7.04
2024,12,TAMPINES,4 ROOM,3375.00,81,675000.00,89,2024-12-01,6.00
2024,12,TAMPINES,5 ROOM,3575.00,40,808000.00,45,2024-12-01,5.31
2024,12,TAMPINES,EXECUTIVE,3850.00,7,944000.00,12,2024-12-01,4.89
2024,12,TOA PAYOH,3 ROOM,2800.00,79,390000.00,29,2024-12-01,8.62
2024,12,TOA PAYOH,4 ROOM,3525.00,40,970888.00,25,2024-12-01,4.36
2024,12,TOA PAYOH,5 ROOM,3900.00,14,1105000.00,12,2024-12-01,4.24
2024,12,WOODLANDS,2 ROOM,2050.00,2,380000.00,2,2024-12-01,6.47
2024,12,WOODLANDS,3 ROOM,2590.00,28,413000.00,17,2024-12-01,7.53
2024,12,WOODLANDS,4 ROOM,3000.00,67,549000.00,72,2024-12-01,6.56
2024,12,WOODLANDS,5 ROOM,3200.00,54,648444.00,54,2024-12-01,5.92
2024,12,WOODLANDS,EXECUTIVE,3500.00,9,880000.00,18,2024-12-01,4.77
2024,12,YISHUN,2 ROOM,2400.00,6,359000.00,2,2024-12-01,8.02
2024,12,YISHUN,3 ROOM,2600.00,56,445000.00,37,2024-12-01,7.01
2024,12,YISHUN,4 ROOM,3100.00,60,560000.00,69,2024-12-01,6.64
2024,12,YISHUN,5 ROOM,3250.00,23,695000.00,21,2024-12-01,5.61
2024,12,YISHUN,EXECUTIVE,3544.00,6,950000.00,5,2024-12-01,4.48
2025,1,ANG MO KIO,2 ROOM,1975.00,2,318000.00,1,2025-01-01,7.45
2025,1,ANG MO KIO,3 ROOM,2800.00,101,440000.00,61,2025-01-01,7.64
2025,1,ANG MO KIO,4 ROOM,3400.00,49,588500.00,32,2025-01-01,6.93
2025,1,ANG MO KIO,5 ROOM,3800.00,12,910000.00,5,2025-01-01,5.01
2025,1,BEDOK,3 ROOM,2775.00,76,431000.00,38,2025-01-01,7.73
2025,1,BEDOK,4 ROOM,3150.00,50,570000.00,39,2025-01-01,6.63
2025,1,BEDOK,5 ROOM,3500.00,20,780000.00,15,2025-01-01,5.38
2025,1,BEDOK,EXECUTIVE,4000.00,7,1008000.00,5,2025-01-01,4.76
2025,1,BISHAN,3 ROOM,2875.00,10,500000.00,5,2025-01-01,6.90
2025,1,BISHAN,4 ROOM,3500.00,31,735000.00,14,2025-01-01,5.71
2025,1,BISHAN,5 ROOM,3900.00,15,1012500.00,4,2025-01-01,4.62
2025,1,BISHAN,EXECUTIVE,4425.00,4,1200000.00,3,2025-01-01,4.42
2025,1,BUKIT BATOK,2 ROOM,2275.00,4,360000.00,9,2025-01-01,7.58
2025,1,BUKIT BATOK,3 ROOM,2700.00,51,418000.00,29,2025-01-01,7.75
2025,1,BUKIT BATOK,4 ROOM,3150.00,42,599500.00,58,2025-01-01,6.31
2025,1,BUKIT BATOK,5 ROOM,3500.00,13,756500.00,26,2025-01-01,5.55
2025,1,BUKIT BATOK,EXECUTIVE,3900.00,4,888000.00,5,2025-01-01,5.27
2025,1,BUKIT MERAH,2 ROOM,2300.00,3,285000.00,4,2025-01-01,9.68
2025,1,BUKIT MERAH,3 ROOM,3000.00,85,425000.00,31,2025-01-01,8.47
2025,1,BUKIT MERAH,4 ROOM,3800.00,58,889000.00,38,2025-01-01,5.13
2025,1,BUKIT MERAH,5 ROOM,4300.00,36,937500.00,18,2025-01-01,5.50
2025,1,BUKIT PANJANG,2 ROOM,2100.00,1,360000.00,1,2025-01-01,7.00
2025,1,BUKIT PANJANG,3 ROOM,2400.00,7,465500.00,8,2025-01-01,6.19
2025,1,BUKIT PANJANG,4 ROOM,3000.00,42,550000.00,38,2025-01-01,6.55
2025,1,BUKIT PANJANG,5 ROOM,3200.00,29,687777.00,22,2025-01-01,5.58
2025,1,BUKIT PANJANG,EXECUTIVE,3800.00,5,820000.00,9,2025-01-01,5.56
2025,1,BUKIT TIMAH,3 ROOM,3200.00,1,602888.00,1,2025-01-01,6.37
2025,1,BUKIT TIMAH,4 ROOM,3350.00,2,920000.00,3,2025-01-01,4.37
2025,1,CENTRAL AREA,3 ROOM,3400.00,17,480000.00,6,2025-01-01,8.50
2025,1,CENTRAL AREA,4 ROOM,4500.00,7,1150000.00,7,2025-01-01,4.70
2025,1,CHOA CHU KANG,3 ROOM,2500.00,3,415888.00,3,2025-01-01,7.21
2025,1,CHOA CHU KANG,4 ROOM,3000.00,63,545000.00,51,2025-01-01,6.61
2025,1,CHOA CHU KANG,5 ROOM,3300.00,34,661099.00,39,2025-01-01,5.99
2025,1,CHOA CHU KANG,EXECUTIVE,3575.00,6,783000.00,13,2025-01-01,5.48
2025,1,CLEMENTI,3 ROOM,3000.00,55,420000.00,19,2025-01-01,8.57
2025,1,CLEMENTI,4 ROOM,4000.00,29,931888.00,15,2025-01-01,5.15
2025,1,CLEMENTI,5 ROOM,3950.00,10,1120000.00,6,2025-01-01,4.23
2025,1,CLEMENTI,EXECUTIVE,4200.00,3,1050000.00,1,2025-01-01,4.80
2025,1,GEYLANG,3 ROOM,2800.00,49,353888.00,29,2025-01-01,9.49
2025,1,GEYLANG,4 ROOM,3500.00,30,942500.00,18,2025-01-01,4.46
2025,1,GEYLANG,5 ROOM,3900.00,11,877888.00,5,2025-01-01,5.33
2025,1,GEYLANG,EXECUTIVE,4000.00,2,850000.00,1,2025-01-01,5.65
2025,1,HOUGANG,2 ROOM,2150.00,4,360000.00,5,2025-01-01,7.17
2025,1,HOUGANG,3 ROOM,2525.00,48,440000.00,35,2025-01-01,6.89
2025,1,HOUGANG,4 ROOM,3200.00,52,624000.00,44,2025-01-01,6.15
2025,1,HOUGANG,5 ROOM,3400.00,35,748440.00,20,2025-01-01,5.45
2025,1,HOUGANG,EXECUTIVE,3550.00,6,924000.00,4,2025-01-01,4.61
2025,1,JURONG EAST,2 ROOM,2250.00,2,339888.00,1,2025-01-01,7.94
2025,1,JURONG EAST,3 ROOM,2700.00,41,400000.00,21,2025-01-01,8.10
2025,1,JURONG EAST,4 ROOM,3400.00,21,512888.00,9,2025-01-01,7.95
2025,1,JURONG EAST,5 ROOM,3600.00,15,648000.00,9,2025-01-01,6.67
2025,1,JURONG EAST,EXECUTIVE,4100.00,9,1025000.00,3,2025-01-01,4.80
2025,1,JURONG WEST,2 ROOM,2400.00,3,341500.00,4,2025-01-01,8.43
2025,1,JURONG WEST,3 ROOM,2500.00,29,380000.00,21,2025-01-01,7.89
2025,1,JURONG WEST,4 ROOM,3300.00,70,520000.00,61,2025-01-01,7.62
2025,1,JURONG WEST,5 ROOM,3500.00,82,620000.00,49,2025-01-01,6.77
2025,1,JURONG WEST,EXECUTIVE,3925.00,16,779444.00,12,2025-01-01,6.04
2025,1,KALLANG/WHAMPOA,2 ROOM,2225.00,2,288000.00,1,2025-01-01,9.27
2025,1,KALLANG/WHAMPOA,3 ROOM,2750.00,42,437500.00,32,2025-01-01,7.54
2025,1,KALLANG/WHAMPOA,4 ROOM,3700.00,34,820000.00,30,2025-01-01,5.41
2025,1,KALLANG/WHAMPOA,5 ROOM,3850.00,14,879000.00,6,2025-01-01,5.26
2025,1,KALLANG/WHAMPOA,EXECUTIVE,3650.00,1,1180000.00,1,2025-01-01,3.71
2025,1,MARINE PARADE,3 ROOM,3000.00,26,503440.00,8,2025-01-01,7.15
2025,1,MARINE PARADE,4 ROOM,3550.00,6,630888.00,5,2025-01-01,6.75
2025,1,MARINE PARADE,5 ROOM,3450.00,2,945000.00,3,2025-01-01,4.38
2025,1,PASIR RIS,4 ROOM,3300.00,25,628444.00,20,2025-01-01,6.30
2025,1,PASIR RIS,5 ROOM,3300.00,31,709000.00,16,2025-01-01,5.59
2025,1,PASIR RIS,EXECUTIVE,3700.00,21,880000.00,11,2025-01-01,5.05
2025,1,PUNGGOL,2 ROOM,2325.00,10,365000.00,3,2025-01-01,7.64
2025,1,PUNGGOL,3 ROOM,2900.00,13,530000.00,21,2025-01-01,6.57
2025,1,PUNGGOL,4 ROOM,3300.00,59,668000.00,62,2025-01-01,5.93
2025,1,PUNGGOL,5 ROOM,3200.00,61,707500.00,36,2025-01-01,5.43
2025,1,QUEENSTOWN,2 ROOM,2000.00,2,365000.00,2,2025-01-01,6.58
2025,1,QUEENSTOWN,3 ROOM,3000.00,65,455000.00,27,2025-01-01,7.91
2025,1,QUEENSTOWN,4 ROOM,4000.00,35,1000000.00,28,2025-01-01,4.80
2025,1,QUEENSTOWN,5 ROOM,4200.00,19,1148000.00,7,2025-01-01,4.39
2025,1,SEMBAWANG,2 ROOM,2200.00,9,362000.00,13,2025-01-01,7.29
2025,1,SEMBAWANG,3 ROOM,2900.00,3,505000.00,12,2025-01-01,6.89
2025,1,SEMBAWANG,4 ROOM,3100.00,31,639444.00,58,2025-01-01,5.82
2025,1,SEMBAWANG,5 ROOM,3200.00,26,655000.00,32,2025-01-01,5.86
2025,1,SEMBAWANG,EXECUTIVE,3500.00,12,730000.00,9,2025-01-01,5.75
2025,1,SENGKANG,2 ROOM,2225.00,12,377500.00,8,2025-01-01,7.07
2025,1,SENGKANG,3 ROOM,2900.00,15,540000.00,18,2025-01-01,6.44
2025,1,SENGKANG,4 ROOM,3050.00,60,644444.00,96,2025-01-01,5.68
2025,1,SENGKANG,5 ROOM,3300.00,77,695000.00,59,2025-01-01,5.70
2025,1,SENGKANG,EXECUTIVE,3700.00,16,832000.00,7,2025-01-01,5.34
2025,1,SERANGOON,3 ROOM,2800.00,19,450000.00,5,2025-01-01,7.47
2025,1,SERANGOON,4 ROOM,3400.00,40,650000.00,19,2025-01-01,6.28
2025,1,SERANGOON,5 ROOM,3650.00,11,767000.00,7,2025-01-01,5.71
2025,1,SERANGOON,EXECUTIVE,3700.00,4,1020000.00,3,2025-01-01,4.35
2025,1,TAMPINES,2 ROOM,2500.00,3,372000.00,1,2025-01-01,8.06
2025,1,TAMPINES,3 ROOM,2850.00,57,485025.00,32,2025-01-01,7.05
2025,1,TAMPINES,4 ROOM,3400.00,81,705000.00,87,2025-01-01,5.79
2025,1,TAMPINES,5 ROOM,3600.00,50,820000.00,55,2025-01-01,5.27
2025,1,TAMPINES,EXECUTIVE,3825.00,12,985000.00,13,2025-01-01,4.66
2025,1,TOA PAYOH,2 ROOM,2400.00,3,280000.00,3,2025-01-01,10.29
2025,1,TOA PAYOH,3 ROOM,2800.00,71,400000.00,37,2025-01-01,8.40
2025,1,TOA PAYOH,4 ROOM,3500.00,31,968000.00,31,2025-01-01,4.34
2025,1,TOA PAYOH,5 ROOM,4100.00,16,1147944.00,12,2025-01-01,4.29
2025,1,WOODLANDS,2 ROOM,2200.00,5,372500.00,4,2025-01-01,7.09
2025,1,WOODLANDS,3 ROOM,2400.00,25,432500.00,26,2025-01-01,6.66
2025,1,WOODLANDS,4 ROOM,3050.00,68,550000.00,82,2025-01-01,6.65
2025,1,WOODLANDS,5 ROOM,3400.00,39,650000.00,45,2025-01-01,6.28
2025,1,WOODLANDS,EXECUTIVE,3500.00,15,880000.00,17,2025-01-01,4.77
2025,1,YISHUN,2 ROOM,2250.00,4,358000.00,5,2025-01-01,7.54
2025,1,YISHUN,3 ROOM,2600.00,52,428000.00,45,2025-01-01,7.29
2025,1,YISHUN,4 ROOM,3200.00,74,570000.00,79,2025-01-01,6.74
2025,1,YISHUN,5 ROOM,3300.00,27,700000.00,29,2025-01-01,5.66
2025,1,YISHUN,EXECUTIVE,3650.00,4,890000.00,5,2025-01-01,4.92
2025,2,ANG MO KIO,2 ROOM,1800.00,1,338250.00,2,2025-02-01,6.39
2025,2,ANG MO KIO,3 ROOM,2800.00,116,450000.00,48,2025-02-01,7.47
2025,2,ANG MO KIO,4 ROOM,3200.00,28,560000.00,26,2025-02-01,6.86
2025,2,ANG MO KIO,5 ROOM,3640.00,16,945000.00,5,2025-02-01,4.62
2025,2,ANG MO KIO,EXECUTIVE,4800.00,1,1135000.00,1,2025-02-01,5.07
2025,2,BEDOK,2 ROOM,2400.00,1,365000.00,3,2025-02-01,7.89
2025,2,BEDOK,3 ROOM,2775.00,102,425000.00,37,2025-02-01,7.84
2025,2,BEDOK,4 ROOM,3100.00,57,608000.00,39,2025-02-01,6.12
2025,2,BEDOK,5 ROOM,3600.00,25,778000.00,19,2025-02-01,5.55
2025,2,BEDOK,EXECUTIVE,4000.00,9,960000.00,7,2025-02-01,5.00
2025,2,BISHAN,3 ROOM,2850.00,12,557500.00,6,2025-02-01,6.13
2025,2,BISHAN,4 ROOM,3600.00,25,794000.00,10,2025-02-01,5.44
2025,2,BISHAN,5 ROOM,4000.00,19,1029000.00,6,2025-02-01,4.66
2025,2,BISHAN,EXECUTIVE,4000.00,3,1170000.00,1,2025-02-01,4.10
2025,2,BUKIT BATOK,2 ROOM,2200.00,15,380000.00,9,2025-02-01,6.95
2025,2,BUKIT BATOK,3 ROOM,2700.00,55,405000.00,37,2025-02-01,8.00
2025,2,BUKIT BATOK,4 ROOM,3300.00,40,590000.00,47,2025-02-01,6.71
2025,2,BUKIT BATOK,5 ROOM,3550.00,14,760000.00,23,2025-02-01,5.61
2025,2,BUKIT BATOK,EXECUTIVE,3500.00,7,902500.00,8,2025-02-01,4.65
2025,2,BUKIT MERAH,1 ROOM,2000.00,1,260000.00,1,2025-02-01,9.23
2025,2,BUKIT MERAH,2 ROOM,2500.00,7,472500.00,2,2025-02-01,6.35
2025,2,BUKIT MERAH,3 ROOM,3000.00,86,450000.00,35,2025-02-01,8.00
2025,2,BUKIT MERAH,4 ROOM,3900.00,47,935000.00,39,2025-02-01,5.01
2025,2,BUKIT MERAH,5 ROOM,4100.00,38,1062500.00,16,2025-02-01,4.63
2025,2,BUKIT PANJANG,2 ROOM,2400.00,1,400000.00,1,2025-02-01,7.20
2025,2,BUKIT PANJANG,3 ROOM,2350.00,8,445000.00,5,2025-02-01,6.34
2025,2,BUKIT PANJANG,4 ROOM,3000.00,26,562000.00,25,2025-02-01,6.41
2025,2,BUKIT PANJANG,5 ROOM,3125.00,16,671000.00,18,2025-02-01,5.59
2025,2,BUKIT PANJANG,EXECUTIVE,3475.00,8,877444.00,14,2025-02-01,4.75
2025,2,BUKIT TIMAH,3 ROOM,2900.00,2,458888.00,1,2025-02-01,7.58
2025,2,BUKIT TIMAH,4 ROOM,3625.00,4,890000.00,2,2025-02-01,4.89
2025,2,BUKIT TIMAH,5 ROOM,3650.00,1,1260000.00,1,2025-02-01,3.48
2025,2,CENTRAL AREA,3 ROOM,3250.00,41,528000.00,5,2025-02-01,7.39
2025,2,CENTRAL AREA,4 ROOM,4100.00,35,800000.00,3,2025-02-01,6.15
2025,2,CENTRAL AREA,5 ROOM,5000.00,7,1550000.00,1,2025-02-01,3.87
2025,2,CHOA CHU KANG,3 ROOM,2450.00,6,472944.00,6,2025-02-01,6.22
2025,2,CHOA CHU KANG,4 ROOM,3000.00,70,550000.00,51,2025-02-01,6.55
2025,2,CHOA CHU KANG,5 ROOM,3300.00,25,648000.00,31,2025-02-01,6.11
2025,2,CHOA CHU KANG,EXECUTIVE,3625.00,14,780000.00,9,2025-02-01,5.58
2025,2,CLEMENTI,3 ROOM,3000.00,67,431500.00,16,2025-02-01,8.34
2025,2,CLEMENTI,4 ROOM,3800.00,23,922000.00,17,2025-02-01,4.95
2025,2,CLEMENTI,5 ROOM,4000.00,10,1024000.00,10,2025-02-01,4.69
2025,2,GEYLANG,2 ROOM,1700.00,5,315000.00,1,2025-02-01,6.48
2025,2,GEYLANG,3 ROOM,2800.00,67,415000.00,32,2025-02-01,8.10
2025,2,GEYLANG,4 ROOM,3550.00,30,658000.00,15,2025-02-01,6.47
2025,2,GEYLANG,5 ROOM,3850.00,9,840000.00,6,2025-02-01,5.50
2025,2,GEYLANG,EXECUTIVE,3400.00,2,950000.00,1,2025-02-01,4.29
2025,2,HOUGANG,2 ROOM,2450.00,6,375000.00,5,2025-02-01,7.84
2025,2,HOUGANG,3 ROOM,2600.00,35,441944.00,28,2025-02-01,7.06
2025,2,HOUGANG,4 ROOM,3200.00,69,618444.00,40,2025-02-01,6.21
2025,2,HOUGANG,5 ROOM,3500.00,33,760000.00,17,2025-02-01,5.53
2025,2,HOUGANG,EXECUTIVE,3400.00,11,960000.00,8,2025-02-01,4.25
2025,2,JURONG EAST,3 ROOM,2600.00,26,408000.00,14,2025-02-01,7.65
2025,2,JURONG EAST,4 ROOM,3500.00,17,528000.00,9,2025-02-01,7.95
2025,2,JURONG EAST,5 ROOM,3700.00,21,700000.00,8,2025-02-01,6.34
2025,2,JURONG EAST,EXECUTIVE,4000.00,9,904500.00,4,2025-02-01,5.31
2025,2,JURONG WEST,2 ROOM,2300.00,7,315000.00,1,2025-02-01,8.76
2025,2,JURONG WEST,3 ROOM,2600.00,35,375000.00,45,2025-02-01,8.32
2025,2,JURONG WEST,4 ROOM,3400.00,70,546500.00,40,2025-02-01,7.47
2025,2,JURONG WEST,5 ROOM,3600.00,77,625000.00,34,2025-02-01,6.91
2025,2,JURONG WEST,EXECUTIVE,3550.00,16,788000.00,7,2025-02-01,5.41
2025,2,KALLANG/WHAMPOA,2 ROOM,2600.00,5,297500.00,4,2025-02-01,10.49
2025,2,KALLANG/WHAMPOA,3 ROOM,3000.00,67,460000.00,19,2025-02-01,7.83
2025,2,KALLANG/WHAMPOA,4 ROOM,3600.00,41,890000.00,29,2025-02-01,4.85
2025,2,KALLANG/WHAMPOA,5 ROOM,4025.00,24,933444.00,8,2025-02-01,5.17
2025,2,MARINE PARADE,3 ROOM,3000.00,22,397500.00,2,2025-02-01,9.06
2025,2,MARINE PARADE,4 ROOM,3500.00,11,660000.00,5,2025-02-01,6.36
2025,2,MARINE PARADE,5 ROOM,4000.00,1,990000.00,4,2025-02-01,4.85
2025,2,PASIR RIS,2 ROOM,2300.00,1,420000.00,1,2025-02-01,6.57
2025,2,PASIR RIS,3 ROOM,2800.00,4,538000.00,3,2025-02-01,6.25
2025,2,PASIR RIS,4 ROOM,3300.00,37,607500.00,12,2025-02-01,6.52
2025,2,PASIR RIS,5 ROOM,3400.00,31,722500.00,14,2025-02-01,5.65
2025,2,PASIR RIS,EXECUTIVE,3800.00,17,946944.00,8,2025-02-01,4.82
2025,2,PUNGGOL,2 ROOM,2350.00,9,344500.00,6,2025-02-01,8.19
2025,2,PUNGGOL,3 ROOM,2800.00,13,533000.00,19,2025-02-01,6.30
2025,2,PUNGGOL,4 ROOM,3200.00,53,668000.00,57,2025-02-01,5.75
2025,2,PUNGGOL,5 ROOM,3300.00,69,733444.00,40,2025-02-01,5.40
2025,2,PUNGGOL,EXECUTIVE,3200.00,3,792888.00,3,2025-02-01,4.84
2025,2,QUEENSTOWN,2 ROOM,2450.00,4,285000.00,4,2025-02-01,10.32
2025,2,QUEENSTOWN,3 ROOM,2900.00,53,508000.00,27,2025-02-01,6.85
2025,2,QUEENSTOWN,4 ROOM,4000.00,28,982800.00,19,2025-02-01,4.88
2025,2,QUEENSTOWN,5 ROOM,4050.00,14,1263444.00,8,2025-02-01,3.85
2025,2,SEMBAWANG,2 ROOM,2500.00,8,353500.00,20,2025-02-01,8.49
2025,2,SEMBAWANG,3 ROOM,2450.00,2,525000.00,15,2025-02-01,5.60
2025,2,SEMBAWANG,4 ROOM,3100.00,30,630000.00,55,2025-02-01,5.90
2025,2,SEMBAWANG,5 ROOM,3350.00,28,670000.00,31,2025-02-01,6.00
2025,2,SEMBAWANG,EXECUTIVE,3300.00,14,750000.00,5,2025-02-01,5.28
2025,2,SENGKANG,2 ROOM,2300.00,3,372888.00,11,2025-02-01,7.40
2025,2,SENGKANG,3 ROOM,2800.00,9,544000.00,16,2025-02-01,6.18
2025,2,SENGKANG,4 ROOM,3200.00,90,654444.00,82,2025-02-01,5.87
2025,2,SENGKANG,5 ROOM,3300.00,91,715000.00,50,2025-02-01,5.54
2025,2,SENGKANG,EXECUTIVE,3400.00,11,820000.00,9,2025-02-01,4.98
2025,2,SERANGOON,3 ROOM,3000.00,21,450000.00,7,2025-02-01,8.00
2025,2,SERANGOON,4 ROOM,3400.00,32,743000.00,15,2025-02-01,5.49
2025,2,SERANGOON,5 ROOM,3250.00,7,780000.00,5,2025-02-01,5.00
2025,2,SERANGOON,EXECUTIVE,3900.00,6,1080000.00,6,2025-02-01,4.33
2025,2,TAMPINES,2 ROOM,2700.00,1,372000.00,3,2025-02-01,8.71
2025,2,TAMPINES,3 ROOM,2900.00,59,500888.00,25,2025-02-01,6.95
2025,2,TAMPINES,4 ROOM,3475.00,62,670000.00,77,2025-02-01,6.22
2025,2,TAMPINES,5 ROOM,3600.00,51,778000.00,47,2025-02-01,5.55
2025,2,TAMPINES,EXECUTIVE,4000.00,15,940000.00,13,2025-02-01,5.11
2025,2,TOA PAYOH,2 ROOM,2150.00,2,300000.00,2,2025-02-01,8.60
2025,2,TOA PAYOH,3 ROOM,2900.00,75,400000.00,29,2025-02-01,8.70
2025,2,TOA PAYOH,4 ROOM,3800.00,37,905000.00,33,2025-02-01,5.04
2025,2,TOA PAYOH,5 ROOM,4100.00,13,1130000.00,16,2025-02-01,4.35
2025,2,TOA PAYOH,EXECUTIVE,4900.00,1,1002000.00,3,2025-02-01,5.87
2025,2,WOODLANDS,2 ROOM,2125.00,2,358000.00,3,2025-02-01,7.12
2025,2,WOODLANDS,3 ROOM,2600.00,20,441000.00,13,2025-02-01,7.07
2025,2,WOODLANDS,4 ROOM,3000.00,57,553000.00,66,2025-02-01,6.51
2025,2,WOODLANDS,5 ROOM,3225.00,72,669000.00,46,2025-02-01,5.78
2025,2,WOODLANDS,EXECUTIVE,3500.00,14,890000.00,12,2025-02-01,4.72
2025,2,YISHUN,2 ROOM,2300.00,7,335000.00,2,2025-02-01,8.24
2025,2,YISHUN,3 ROOM,2600.00,63,440500.00,46,2025-02-01,7.08
2025,2,YISHUN,4 ROOM,3200.00,63,560000.00,50,2025-02-01,6.86
2025,2,YISHUN,5 ROOM,3400.00,22,708500.00,16,2025-02-01,5.76
2025,2,YISHUN,EXECUTIVE,3900.00,7,860000.00,9,2025-02-01,5.44
2025,3,ANG MO KIO,2 ROOM,2300.00,1,319000.00,2,2025-03-01,8.65
2025,3,ANG MO KIO,3 ROOM,2800.00,119,448000.00,41,2025-03-01,7.50
2025,3,ANG MO KIO,4 ROOM,3500.00,42,587988.00,20,2025-03-01,7.14
2025,3,ANG MO KIO,5 ROOM,3850.00,11,810000.00,12,2025-03-01,5.70
2025,3,BEDOK,3 ROOM,2700.00,98,430000.00,41,2025-03-01,7.53
2025,3,BEDOK,4 ROOM,3400.00,57,600000.00,31,2025-03-01,6.80
2025,3,BEDOK,5 ROOM,3700.00,30,730000.00,19,2025-03-01,6.08
2025,3,BEDOK,EXECUTIVE,4050.00,8,1000888.00,3,2025-03-01,4.86
2025,3,BISHAN,3 ROOM,3000.00,17,543888.00,1,2025-03-01,6.62
2025,3,BISHAN,4 ROOM,3650.00,38,781500.00,12,2025-03-01,5.60
2025,3,BISHAN,5 ROOM,3800.00,16,1008888.00,9,2025-03-01,4.52
2025,3,BISHAN,EXECUTIVE,3400.00,2,1365000.00,2,2025-03-01,2.99
2025,3,BUKIT BATOK,2 ROOM,2450.00,14,380000.00,5,2025-03-01,7.74
2025,3,BUKIT BATOK,3 ROOM,2650.00,46,415000.00,23,2025-03-01,7.66
2025,3,BUKIT BATOK,4 ROOM,3300.00,47,589250.00,38,2025-03-01,6.72
2025,3,BUKIT BATOK,5 ROOM,3500.00,14,834444.00,16,2025-03-01,5.03
2025,3,BUKIT BATOK,EXECUTIVE,3850.00,8,835000.00,5,2025-03-01,5.53
2025,3,BUKIT MERAH,2 ROOM,2500.00,10,270000.00,1,2025-03-01,11.11
2025,3,BUKIT MERAH,3 ROOM,3000.00,85,420000.00,31,2025-03-01,8.57
2025,3,BUKIT MERAH,4 ROOM,4000.00,77,937500.00,26,2025-03-01,5.12
2025,3,BUKIT MERAH,5 ROOM,4200.00,38,1121500.00,12,2025-03-01,4.49
2025,3,BUKIT PANJANG,3 ROOM,2725.00,6,470000.00,6,2025-03-01,6.96
2025,3,BUKIT PANJANG,4 ROOM,3000.00,42,585000.00,35,2025-03-01,6.15
2025,3,BUKIT PANJANG,5 ROOM,3400.00,25,708888.00,12,2025-03-01,5.76
2025,3,BUKIT PANJANG,EXECUTIVE,3500.00,11,826000.00,5,2025-03-01,5.08
2025,3,BUKIT TIMAH,3 ROOM,2975.00,4,500000.00,1,2025-03-01,7.14
2025,3,BUKIT TIMAH,4 ROOM,3600.00,4,792944.00,2,2025-03-01,5.45
2025,3,BUKIT TIMAH,5 ROOM,4650.00,2,965000.00,3,2025-03-01,5.78
2025,3,CENTRAL AREA,3 ROOM,3200.00,28,535000.00,9,2025-03-01,7.18
2025,3,CENTRAL AREA,4 ROOM,4000.00,9,860000.00,7,2025-03-01,5.58
2025,3,CENTRAL AREA,5 ROOM,4950.00,2,1194000.00,2,2025-03-01,4.97
2025,3,CHOA CHU KANG,2 ROOM,2200.00,1,348000.00,3,2025-03-01,7.59
2025,3,CHOA CHU KANG,3 ROOM,2350.00,8,480000.00,1,2025-03-01,5.88
2025,3,CHOA CHU KANG,4 ROOM,3100.00,63,550000.00,23,2025-03-01,6.76
2025,3,CHOA CHU KANG,5 ROOM,3300.00,53,644000.00,20,2025-03-01,6.15
2025,3,CHOA CHU KANG,EXECUTIVE,3400.00,11,855000.00,6,2025-03-01,4.77
2025,3,CLEMENTI,3 ROOM,3000.00,76,423000.00,23,2025-03-01,8.51
2025,3,CLEMENTI,4 ROOM,3800.00,42,909944.00,22,2025-03-01,5.01
2025,3,CLEMENTI,5 ROOM,4000.00,14,934444.00,6,2025-03-01,5.14
2025,3,GEYLANG,3 ROOM,2800.00,48,398000.00,29,2025-03-01,8.44
2025,3,GEYLANG,4 ROOM,3500.00,37,850000.00,17,2025-03-01,4.94
2025,3,GEYLANG,5 ROOM,3825.00,14,741500.00,6,2025-03-01,6.19
2025,3,GEYLANG,EXECUTIVE,2750.00,2,1050000.00,1,2025-03-01,3.14
2025,3,HOUGANG,2 ROOM,2400.00,2,365500.00,4,2025-03-01,7.88
2025,3,HOUGANG,3 ROOM,2700.00,47,457500.00,28,2025-03-01,7.08
2025,3,HOUGANG,4 ROOM,3200.00,91,639444.00,42,2025-03-01,6.01
2025,3,HOUGANG,5 ROOM,3500.00,35,787500.00,22,2025-03-01,5.33
2025,3,HOUGANG,EXECUTIVE,3700.00,12,965000.00,5,2025-03-01,4.60
2025,3,JURONG EAST,3 ROOM,2775.00,40,405000.00,11,2025-03-01,8.22
2025,3,JURONG EAST,4 ROOM,3400.00,29,545000.00,20,2025-03-01,7.49
2025,3,JURONG EAST,5 ROOM,3800.00,17,695000.00,7,2025-03-01,6.56
2025,3,JURONG EAST,EXECUTIVE,4200.00,5,882500.00,4,2025-03-01,5.71
2025,3,JURONG WEST,2 ROOM,2150.00,3,360000.00,5,2025-03-01,7.17
2025,3,JURONG WEST,3 ROOM,2600.00,47,362500.00,32,2025-03-01,8.61
2025,3,JURONG WEST,4 ROOM,3300.00,95,550000.00,51,2025-03-01,7.20
2025,3,JURONG WEST,5 ROOM,3600.00,89,640000.00,42,2025-03-01,6.75
2025,3,JURONG WEST,EXECUTIVE,3875.00,32,778000.00,13,2025-03-01,5.98
2025,3,KALLANG/WHAMPOA,3 ROOM,3000.00,70,433000.00,21,2025-03-01,8.31
2025,3,KALLANG/WHAMPOA,4 ROOM,3750.00,48,825000.00,27,2025-03-01,5.45
2025,3,KALLANG/WHAMPOA,5 ROOM,4000.00,15,858000.00,7,2025-03-01,5.59
2025,3,KALLANG/WHAMPOA,EXECUTIVE,5200.00,1,1128000.00,1,2025-03-01,5.53
2025,3,MARINE PARADE,3 ROOM,3000.00,16,472000.00,11,2025-03-01,7.63
2025,3,MARINE PARADE,4 ROOM,3500.00,16,580000.00,2,2025-03-01,7.24
2025,3,MARINE PARADE,5 ROOM,3875.00,6,884000.00,4,2025-03-01,5.26
2025,3,PASIR RIS,3 ROOM,2950.00,4,365000.00,1,2025-03-01,9.70
2025,3,PASIR RIS,4 ROOM,3300.00,36,639000.00,12,2025-03-01,6.20
2025,3,PASIR RIS,5 ROOM,3500.00,29,712500.00,22,2025-03-01,5.89
2025,3,PASIR RIS,EXECUTIVE,3825.00,20,882800.00,13,2025-03-01,5.20
2025,3,PUNGGOL,2 ROOM,2275.00,12,375000.00,7,2025-03-01,7.28
2025,3,PUNGGOL,3 ROOM,2900.00,10,532944.00,10,2025-03-01,6.53
2025,3,PUNGGOL,4 ROOM,3200.00,48,666500.00,54,2025-03-01,5.76
2025,3,PUNGGOL,5 ROOM,3300.00,75,755000.00,25,2025-03-01,5.25
2025,3,PUNGGOL,EXECUTIVE,3600.00,3,802500.00,2,2025-03-01,5.38
2025,3,QUEENSTOWN,2 ROOM,2810.00,2,300000.00,1,2025-03-01,11.24
2025,3,QUEENSTOWN,3 ROOM,3000.00,76,454000.00,21,2025-03-01,7.93
2025,3,QUEENSTOWN,4 ROOM,4000.00,41,937500.00,14,2025-03-01,5.12
2025,3,QUEENSTOWN,5 ROOM,4500.00,22,1350000.00,3,2025-03-01,4.00
2025,3,SEMBAWANG,2 ROOM,2375.00,16,375000.00,7,2025-03-01,7.60
2025,3,SEMBAWANG,3 ROOM,2900.00,5,510000.00,8,2025-03-01,6.82
2025,3,SEMBAWANG,4 ROOM,3175.00,30,640000.00,48,2025-03-01,5.95
2025,3,SEMBAWANG,5 ROOM,3300.00,41,752000.00,21,2025-03-01,5.27
2025,3,SEMBAWANG,EXECUTIVE,3400.00,9,735000.00,7,2025-03-01,5.55
2025,3,SENGKANG,2 ROOM,2350.00,8,391500.00,8,2025-03-01,7.20
2025,3,SENGKANG,3 ROOM,2900.00,10,538000.00,13,2025-03-01,6.47
2025,3,SENGKANG,4 ROOM,3100.00,101,660000.00,69,2025-03-01,5.64
2025,3,SENGKANG,5 ROOM,3300.00,103,720000.00,43,2025-03-01,5.50
2025,3,SENGKANG,EXECUTIVE,3500.00,22,775000.00,5,2025-03-01,5.42
2025,3,SERANGOON,3 ROOM,3000.00,23,458000.00,7,2025-03-01,7.86
2025,3,SERANGOON,4 ROOM,3550.00,36,597500.00,14,2025-03-01,7.13
2025,3,SERANGOON,5 ROOM,3825.00,16,794000.00,8,2025-03-01,5.78
2025,3,SERANGOON,EXECUTIVE,4000.00,6,1099000.00,5,2025-03-01,4.37
2025,3,TAMPINES,3 ROOM,2900.00,67,480000.00,27,2025-03-01,7.25
2025,3,TAMPINES,4 ROOM,3350.00,92,700000.00,79,2025-03-01,5.74
2025,3,TAMPINES,5 ROOM,3600.00,68,840000.00,33,2025-03-01,5.14
2025,3,TAMPINES,EXECUTIVE,3400.00,9,973000.00,15,2025-03-01,4.19
2025,3,TOA PAYOH,2 ROOM,1400.00,5,297000.00,3,2025-03-01,5.66
2025,3,TOA PAYOH,3 ROOM,2900.00,82,380000.00,25,2025-03-01,9.16
2025,3,TOA PAYOH,4 ROOM,3500.00,30,959188.00,31,2025-03-01,4.38
2025,3,TOA PAYOH,5 ROOM,4000.00,13,1122888.00,15,2025-03-01,4.27
2025,3,TOA PAYOH,EXECUTIVE,3600.00,2,1005000.00,2,2025-03-01,4.30
2025,3,WOODLANDS,2 ROOM,2050.00,7,365000.00,1,2025-03-01,6.74
2025,3,WOODLANDS,3 ROOM,2550.00,25,462500.00,22,2025-03-01,6.62
2025,3,WOODLANDS,4 ROOM,3000.00,52,557000.00,56,2025-03-01,6.46
2025,3,WOODLANDS,5 ROOM,3300.00,63,660000.00,43,2025-03-01,6.00
2025,3,WOODLANDS,EXECUTIVE,3700.00,14,910000.00,8,2025-03-01,4.88
2025,3,YISHUN,2 ROOM,2300.00,4,359000.00,6,2025-03-01,7.69
2025,3,YISHUN,3 ROOM,2700.00,56,425500.00,46,2025-03-01,7.61
2025,3,YISHUN,4 ROOM,3100.00,101,580000.00,60,2025-03-01,6.41
2025,3,YISHUN,5 ROOM,3500.00,28,700000.00,19,2025-03-01,6.00
2025,3,YISHUN,EXECUTIVE,3500.00,10,936944.00,2,2025-03-01,4.48
2025,4,ANG MO KIO,3 ROOM,2800.00,131,440000.00,43,2025-04-01,7.64
2025,4,ANG MO KIO,4 ROOM,3500.00,39,782500.00,22,2025-04-01,5.37
2025,4,ANG MO KIO,5 ROOM,3800.00,19,865000.00,12,2025-04-01,5.27
2025,4,BEDOK,2 ROOM,1900.00,3,336500.00,4,2025-04-01,6.78
2025,4,BEDOK,3 ROOM,2800.00,88,435000.00,39,2025-04-01,7.72
2025,4,BEDOK,4 ROOM,3369.00,48,573500.00,32,2025-04-01,7.05
2025,4,BEDOK,5 ROOM,3575.00,28,744000.00,20,2025-04-01,5.77
2025,4,BEDOK,EXECUTIVE,3800.00,10,996888.00,7,2025-04-01,4.57
2025,4,BISHAN,3 ROOM,3000.00,10,548000.00,5,2025-04-01,6.57
2025,4,BISHAN,4 ROOM,3600.00,30,837500.00,12,2025-04-01,5.16
2025,4,BISHAN,5 ROOM,4000.00,26,1000000.00,11,2025-04-01,4.80
2025,4,BISHAN,EXECUTIVE,3600.00,2,1260000.00,4,2025-04-01,3.43
2025,4,BUKIT BATOK,2 ROOM,2500.00,14,365000.00,11,2025-04-01,8.22
2025,4,BUKIT BATOK,3 ROOM,2550.00,44,421500.00,28,2025-04-01,7.26
2025,4,BUKIT BATOK,4 ROOM,3300.00,53,660000.00,55,2025-04-01,6.00
2025,4,BUKIT BATOK,5 ROOM,3550.00,17,816888.00,25,2025-04-01,5.21
2025,4,BUKIT BATOK,EXECUTIVE,3550.00,6,968000.00,1,2025-04-01,4.40
2025,4,BUKIT MERAH,2 ROOM,2500.00,9,306500.00,2,2025-04-01,9.79
2025,4,BUKIT MERAH,3 ROOM,3000.00,88,464000.00,29,2025-04-01,7.76
2025,4,BUKIT MERAH,4 ROOM,3875.00,44,925000.00,47,2025-04-01,5.03
2025,4,BUKIT MERAH,5 ROOM,4000.00,25,1022500.00,20,2025-04-01,4.69
2025,4,BUKIT PANJANG,3 ROOM,2800.00,12,497444.00,6,2025-04-01,6.75
2025,4,BUKIT PANJANG,4 ROOM,3100.00,41,580000.00,31,2025-04-01,6.41
2025,4,BUKIT PANJANG,5 ROOM,3300.00,23,721500.00,22,2025-04-01,5.49
2025,4,BUKIT PANJANG,EXECUTIVE,3250.00,8,870000.00,5,2025-04-01,4.48
2025,4,BUKIT TIMAH,3 ROOM,3100.00,7,600000.00,1,2025-04-01,6.20
2025,4,BUKIT TIMAH,EXECUTIVE,3750.00,2,1418000.00,1,2025-04-01,3.17
2025,4,CENTRAL AREA,2 ROOM,1850.00,1,318888.00,1,2025-04-01,6.96
2025,4,CENTRAL AREA,3 ROOM,2900.00,17,487500.00,8,2025-04-01,7.14
2025,4,CENTRAL AREA,4 ROOM,4100.00,14,1180000.00,9,2025-04-01,4.17
2025,4,CHOA CHU KANG,3 ROOM,2600.00,11,460000.00,7,2025-04-01,6.78
2025,4,CHOA CHU KANG,4 ROOM,3200.00,38,575000.00,41,2025-04-01,6.68
2025,4,CHOA CHU KANG,5 ROOM,3250.00,34,650000.00,29,2025-04-01,6.00
2025,4,CHOA CHU KANG,EXECUTIVE,3675.00,6,792500.00,6,2025-04-01,5.56
2025,4,CLEMENTI,3 ROOM,3000.00,68,435000.00,21,2025-04-01,8.28
2025,4,CLEMENTI,4 ROOM,3800.00,42,666000.00,16,2025-04-01,6.85
2025,4,CLEMENTI,5 ROOM,4125.00,12,868000.00,5,2025-04-01,5.70
2025,4,CLEMENTI,EXECUTIVE,4000.00,1,1030000.00,3,2025-04-01,4.66
2025,4,GEYLANG,2 ROOM,2000.00,3,301888.00,1,2025-04-01,7.95
2025,4,GEYLANG,3 ROOM,2800.00,58,393400.00,20,2025-04-01,8.54
2025,4,GEYLANG,4 ROOM,3600.00,37,759448.00,14,2025-04-01,5.69
2025,4,GEYLANG,5 ROOM,4000.00,5,713444.00,2,2025-04-01,6.73
2025,4,HOUGANG,2 ROOM,2500.00,3,370000.00,10,2025-04-01,8.11
2025,4,HOUGANG,3 ROOM,2800.00,41,429900.00,30,2025-04-01,7.82
2025,4,HOUGANG,4 ROOM,3200.00,70,652500.00,52,2025-04-01,5.89
2025,4,HOUGANG,5 ROOM,3500.00,27,768000.00,13,2025-04-01,5.47
2025,4,HOUGANG,EXECUTIVE,3825.00,16,1006944.00,8,2025-04-01,4.56
2025,4,JURONG EAST,3 ROOM,2800.00,34,435000.00,15,2025-04-01,7.72
2025,4,JURONG EAST,4 ROOM,3325.00,28,565000.00,15,2025-04-01,7.06
2025,4,JURONG EAST,5 ROOM,3725.00,24,795000.00,5,2025-04-01,5.62
2025,4,JURONG EAST,EXECUTIVE,3900.00,2,975000.00,5,2025-04-01,4.80
2025,4,JURONG WEST,3 ROOM,2800.00,55,400000.00,37,2025-04-01,8.40
2025,4,JURONG WEST,4 ROOM,3300.00,71,550000.00,61,2025-04-01,7.20
2025,4,JURONG WEST,5 ROOM,3600.00,65,639786.00,41,2025-04-01,6.75
2025,4,JURONG WEST,EXECUTIVE,3800.00,24,808400.00,14,2025-04-01,5.64
2025,4,KALLANG/WHAMPOA,2 ROOM,2000.00,1,297000.00,1,2025-04-01,8.08
2025,4,KALLANG/WHAMPOA,3 ROOM,2900.00,79,435000.00,34,2025-04-01,8.00
2025,4,KALLANG/WHAMPOA,4 ROOM,3700.00,48,928000.00,29,2025-04-01,4.78
2025,4,KALLANG/WHAMPOA,5 ROOM,4000.00,20,890000.00,15,2025-04-01,5.39
2025,4,KALLANG/WHAMPOA,EXECUTIVE,4275.00,2,1038888.00,1,2025-04-01,4.94
2025,4,MARINE PARADE,3 ROOM,3150.00,24,500000.00,9,2025-04-01,7.56
2025,4,MARINE PARADE,4 ROOM,3300.00,10,669000.00,2,2025-04-01,5.92
2025,4,MARINE PARADE,5 ROOM,4500.00,6,980000.00,5,2025-04-01,5.51
2025,4,PASIR RIS,4 ROOM,3300.00,40,616888.00,21,2025-04-01,6.42
2025,4,PASIR RIS,5 ROOM,3500.00,24,720000.00,11,2025-04-01,5.83
2025,4,PASIR RIS,EXECUTIVE,3725.00,20,905000.00,18,2025-04-01,4.94
2025,4,PUNGGOL,2 ROOM,2500.00,5,383500.00,8,2025-04-01,7.82
2025,4,PUNGGOL,3 ROOM,2800.00,12,542000.00,17,2025-04-01,6.20
2025,4,PUNGGOL,4 ROOM,3200.00,46,680000.00,73,2025-04-01,5.65
2025,4,PUNGGOL,5 ROOM,3200.00,50,765400.00,44,2025-04-01,5.02
2025,4,PUNGGOL,EXECUTIVE,3580.00,3,829000.00,2,2025-04-01,5.18
2025,4,QUEENSTOWN,2 ROOM,2500.00,3,320000.00,1,2025-04-01,9.38
2025,4,QUEENSTOWN,3 ROOM,3000.00,82,452500.00,30,2025-04-01,7.96
2025,4,QUEENSTOWN,4 ROOM,4000.00,29,982500.00,18,2025-04-01,4.89
2025,4,QUEENSTOWN,5 ROOM,4500.00,18,1150000.00,5,2025-04-01,4.70
2025,4,SEMBAWANG,2 ROOM,2375.00,14,385000.00,11,2025-04-01,7.40
2025,4,SEMBAWANG,3 ROOM,3000.00,3,526500.00,10,2025-04-01,6.84
2025,4,SEMBAWANG,4 ROOM,3000.00,28,641500.00,58,2025-04-01,5.61
2025,4,SEMBAWANG,5 ROOM,3300.00,32,676000.00,31,2025-04-01,5.86
2025,4,SEMBAWANG,EXECUTIVE,3525.00,12,757500.00,8,2025-04-01,5.58
2025,4,SENGKANG,2 ROOM,2250.00,5,362000.00,14,2025-04-01,7.46
2025,4,SENGKANG,3 ROOM,2825.00,6,548944.00,18,2025-04-01,6.18
2025,4,SENGKANG,4 ROOM,3100.00,94,653888.00,77,2025-04-01,5.69
2025,4,SENGKANG,5 ROOM,3350.00,76,708000.00,63,2025-04-01,5.68
2025,4,SENGKANG,EXECUTIVE,3300.00,17,840000.00,5,2025-04-01,4.71
2025,4,SERANGOON,3 ROOM,2750.00,24,456500.00,12,2025-04-01,7.23
2025,4,SERANGOON,4 ROOM,3600.00,27,677500.00,12,2025-04-01,6.38
2025,4,SERANGOON,5 ROOM,3700.00,10,830888.00,3,2025-04-01,5.34
2025,4,TAMPINES,3 ROOM,2850.00,63,500000.00,35,2025-04-01,6.84
2025,4,TAMPINES,4 ROOM,3400.00,87,678000.00,81,2025-04-01,6.02
2025,4,TAMPINES,5 ROOM,3800.00,61,820000.00,48,2025-04-01,5.56
2025,4,TAMPINES,EXECUTIVE,4000.00,17,938000.00,11,2025-04-01,5.12
2025,4,TOA PAYOH,2 ROOM,2300.00,3,300000.00,4,2025-04-01,9.20
2025,4,TOA PAYOH,3 ROOM,3000.00,83,385000.00,35,2025-04-01,9.35
2025,4,TOA PAYOH,4 ROOM,3700.00,36,988000.00,38,2025-04-01,4.49
2025,4,TOA PAYOH,5 ROOM,4000.00,25,955000.00,19,2025-04-01,5.03
2025,4,WOODLANDS,2 ROOM,2100.00,4,355000.00,4,2025-04-01,7.10
2025,4,WOODLANDS,3 ROOM,2400.00,20,430000.00,31,2025-04-01,6.70
2025,4,WOODLANDS,4 ROOM,3000.00,65,565000.00,89,2025-04-01,6.37
2025,4,WOODLANDS,5 ROOM,3300.00,57,668000.00,42,2025-04-01,5.93
2025,4,WOODLANDS,EXECUTIVE,3400.00,14,889000.00,22,2025-04-01,4.59
2025,4,YISHUN,2 ROOM,1800.00,2,346000.00,6,2025-04-01,6.24
2025,4,YISHUN,3 ROOM,2650.00,51,435250.00,46,2025-04-01,7.31
2025,4,YISHUN,4 ROOM,3100.00,86,575000.00,92,2025-04-01,6.47
2025,4,YISHUN,5 ROOM,3500.00,31,730000.00,17,2025-04-01,5.75
2025,4,YISHUN,EXECUTIVE,3200.00,5,911500.00,6,2025-04-01,4.21
2025,5,ANG MO KIO,2 ROOM,2500.00,1,335000.00,2,2025-05-01,8.96
2025,5,ANG MO KIO,3 ROOM,2800.00,116,432944.00,42,2025-05-01,7.76
2025,5,ANG MO KIO,4 ROOM,3500.00,42,604444.00,22,2025-05-01,6.95
2025,5,ANG MO KIO,5 ROOM,3950.00,22,993888.00,16,2025-05-01,4.77
2025,5,BEDOK,2 ROOM,1975.00,2,330000.00,1,2025-05-01,7.18
2025,5,BEDOK,3 ROOM,2750.00,104,430000.00,46,2025-05-01,7.67
2025,5,BEDOK,4 ROOM,3400.00,63,620000.00,40,2025-05-01,6.58
2025,5,BEDOK,5 ROOM,3500.00,38,745000.00,14,2025-05-01,5.64
2025,5,BEDOK,EXECUTIVE,3900.00,7,1119444.00,4,2025-05-01,4.18
2025,5,BISHAN,3 ROOM,2800.00,19,520000.00,3,2025-05-01,6.46
2025,5,BISHAN,4 ROOM,3600.00,30,810000.00,29,2025-05-01,5.33
2025,5,BISHAN,5 ROOM,3950.00,12,1075000.00,7,2025-05-01,4.41
2025,5,BISHAN,EXECUTIVE,4000.00,3,1245000.00,2,2025-05-01,3.86
2025,5,BUKIT BATOK,2 ROOM,2500.00,11,372500.00,10,2025-05-01,8.05
2025,5,BUKIT BATOK,3 ROOM,2600.00,40,432000.00,27,2025-05-01,7.22
2025,5,BUKIT BATOK,4 ROOM,3200.00,45,625000.00,58,2025-05-01,6.14
2025,5,BUKIT BATOK,5 ROOM,3500.00,23,826914.00,30,2025-05-01,5.08
2025,5,BUKIT BATOK,EXECUTIVE,3600.00,9,817500.00,4,2025-05-01,5.28
2025,5,BUKIT MERAH,2 ROOM,2350.00,3,301500.00,2,2025-05-01,9.35
2025,5,BUKIT MERAH,3 ROOM,3000.00,76,470000.00,33,2025-05-01,7.66
2025,5,BUKIT MERAH,4 ROOM,4000.00,67,915500.00,28,2025-05-01,5.24
2025,5,BUKIT MERAH,5 ROOM,4200.00,46,1140000.00,11,2025-05-01,4.42
2025,5,BUKIT PANJANG,3 ROOM,2700.00,8,463000.00,6,2025-05-01,7.00
2025,5,BUKIT PANJANG,4 ROOM,3100.00,31,588888.00,29,2025-05-01,6.32
2025,5,BUKIT PANJANG,5 ROOM,3300.00,31,729444.00,18,2025-05-01,5.43
2025,5,BUKIT PANJANG,EXECUTIVE,3700.00,8,875000.00,5,2025-05-01,5.07
2025,5,BUKIT TIMAH,4 ROOM,3700.00,5,943448.50,2,2025-05-01,4.71
2025,5,BUKIT TIMAH,5 ROOM,4300.00,3,1190000.00,3,2025-05-01,4.34
2025,5,CENTRAL AREA,2 ROOM,1850.00,3,370000.00,1,2025-05-01,6.00
2025,5,CENTRAL AREA,3 ROOM,3300.00,41,542888.00,7,2025-05-01,7.29
2025,5,CENTRAL AREA,4 ROOM,4550.00,28,1334000.00,6,2025-05-01,4.09
2025,5,CENTRAL AREA,5 ROOM,5175.00,22,1530000.00,3,2025-05-01,4.06
2025,5,CHOA CHU KANG,3 ROOM,2500.00,6,492500.00,2,2025-05-01,6.09
2025,5,CHOA CHU KANG,4 ROOM,3150.00,61,570000.00,49,2025-05-01,6.63
2025,5,CHOA CHU KANG,5 ROOM,3200.00,40,688000.00,37,2025-05-01,5.58
2025,5,CHOA CHU KANG,EXECUTIVE,3475.00,12,828000.00,9,2025-05-01,5.04
2025,5,CLEMENTI,2 ROOM,2900.00,2,465000.00,1,2025-05-01,7.48
2025,5,CLEMENTI,3 ROOM,3000.00,78,448000.00,23,2025-05-01,8.04
2025,5,CLEMENTI,4 ROOM,3900.00,35,619500.00,14,2025-05-01,7.55
2025,5,CLEMENTI,5 ROOM,4140.00,12,992500.00,6,2025-05-01,5.01
2025,5,GEYLANG,2 ROOM,1750.00,4,305000.00,2,2025-05-01,6.89
2025,5,GEYLANG,3 ROOM,2500.00,47,360000.00,33,2025-05-01,8.33
2025,5,GEYLANG,4 ROOM,3550.00,30,652000.00,21,2025-05-01,6.53
2025,5,GEYLANG,5 ROOM,3775.00,8,740000.00,1,2025-05-01,6.12
2025,5,GEYLANG,EXECUTIVE,4700.00,1,1122500.00,4,2025-05-01,5.02
2025,5,HOUGANG,2 ROOM,2300.00,6,375000.00,7,2025-05-01,7.36
2025,5,HOUGANG,3 ROOM,2800.00,42,452500.00,34,2025-05-01,7.43
2025,5,HOUGANG,4 ROOM,3200.00,55,635000.00,59,2025-05-01,6.05
2025,5,HOUGANG,5 ROOM,3400.00,29,815888.00,17,2025-05-01,5.00
2025,5,HOUGANG,EXECUTIVE,3650.00,10,988000.00,11,2025-05-01,4.43
2025,5,JURONG EAST,3 ROOM,2800.00,36,400000.00,19,2025-05-01,8.40
2025,5,JURONG EAST,4 ROOM,3475.00,24,537500.00,12,2025-05-01,7.76
2025,5,JURONG EAST,5 ROOM,3700.00,21,682000.00,15,2025-05-01,6.51
2025,5,JURONG EAST,EXECUTIVE,4225.00,6,1011500.00,8,2025-05-01,5.01
2025,5,JURONG WEST,2 ROOM,2525.00,4,339000.00,6,2025-05-01,8.94
2025,5,JURONG WEST,3 ROOM,2800.00,50,352000.00,33,2025-05-01,9.55
2025,5,JURONG WEST,4 ROOM,3340.00,76,549000.00,60,2025-05-01,7.30
2025,5,JURONG WEST,5 ROOM,3500.00,91,654500.00,38,2025-05-01,6.42
2025,5,JURONG WEST,EXECUTIVE,3750.00,26,781000.00,12,2025-05-01,5.76
2025,5,KALLANG/WHAMPOA,2 ROOM,2700.00,1,300500.00,2,2025-05-01,10.78
2025,5,KALLANG/WHAMPOA,3 ROOM,3000.00,68,485000.00,29,2025-05-01,7.42
2025,5,KALLANG/WHAMPOA,4 ROOM,3750.00,30,870000.00,35,2025-05-01,5.17
2025,5,KALLANG/WHAMPOA,5 ROOM,4000.00,14,949500.00,8,2025-05-01,5.06
2025,5,KALLANG/WHAMPOA,EXECUTIVE,3900.00,1,990000.00,2,2025-05-01,4.73
2025,5,MARINE PARADE,3 ROOM,3100.00,13,482000.00,5,2025-05-01,7.72
2025,5,MARINE PARADE,4 ROOM,3525.00,8,638888.00,5,2025-05-01,6.62
2025,5,MARINE PARADE,5 ROOM,4500.00,3,1052500.00,2,2025-05-01,5.13
2025,5,PASIR RIS,2 ROOM,2600.00,4,418000.00,1,2025-05-01,7.46
2025,5,PASIR RIS,4 ROOM,3400.00,28,650000.00,20,2025-05-01,6.28
2025,5,PASIR RIS,5 ROOM,3500.00,39,730000.00,23,2025-05-01,5.75
2025,5,PASIR RIS,EXECUTIVE,3600.00,24,967000.00,7,2025-05-01,4.47
2025,5,PUNGGOL,3 ROOM,2800.00,14,550000.00,15,2025-05-01,6.11
2025,5,PUNGGOL,4 ROOM,3300.00,62,685000.00,65,2025-05-01,5.78
2025,5,PUNGGOL,5 ROOM,3300.00,68,785000.00,47,2025-05-01,5.04
2025,5,PUNGGOL,EXECUTIVE,3900.00,1,818000.00,3,2025-05-01,5.72
2025,5,QUEENSTOWN,3 ROOM,3000.00,102,474000.00,26,2025-05-01,7.59
2025,5,QUEENSTOWN,4 ROOM,4000.00,42,992444.00,22,2025-05-01,4.84
2025,5,QUEENSTOWN,5 ROOM,4250.00,14,1145000.00,4,2025-05-01,4.45
2025,5,QUEENSTOWN,EXECUTIVE,5000.00,1,1350000.00,3,2025-05-01,4.44
2025,5,SEMBAWANG,2 ROOM,2200.00,12,368000.00,7,2025-05-01,7.17
2025,5,SEMBAWANG,3 ROOM,3000.00,2,510000.00,5,2025-05-01,7.06
2025,5,SEMBAWANG,4 ROOM,3100.00,37,642000.00,55,2025-05-01,5.79
2025,5,SEMBAWANG,5 ROOM,3200.00,33,765000.00,25,2025-05-01,5.02
2025,5,SEMBAWANG,EXECUTIVE,3400.00,10,770000.00,3,2025-05-01,5.30
2025,5,SENGKANG,2 ROOM,2375.00,14,378000.00,5,2025-05-01,7.54
2025,5,SENGKANG,3 ROOM,2875.00,8,530000.00,12,2025-05-01,6.51
2025,5,SENGKANG,4 ROOM,3100.00,93,660000.00,86,2025-05-01,5.64
2025,5,SENGKANG,5 ROOM,3250.00,83,738000.00,65,2025-05-01,5.28
2025,5,SENGKANG,EXECUTIVE,3500.00,13,841888.00,7,2025-05-01,4.99
2025,5,SERANGOON,3 ROOM,2750.00,33,465000.00,5,2025-05-01,7.10
2025,5,SERANGOON,4 ROOM,3525.00,34,656000.00,11,2025-05-01,6.45
2025,5,SERANGOON,5 ROOM,3600.00,13,828000.00,5,2025-05-01,5.22
2025,5,SERANGOON,EXECUTIVE,3900.00,8,1044444.00,6,2025-05-01,4.48
2025,5,TAMPINES,3 ROOM,2800.00,72,490000.00,37,2025-05-01,6.86
2025,5,TAMPINES,4 ROOM,3300.00,72,687500.00,78,2025-05-01,5.76
2025,5,TAMPINES,5 ROOM,3600.00,74,813444.44,54,2025-05-01,5.31
2025,5,TAMPINES,EXECUTIVE,3750.00,14,971944.00,18,2025-05-01,4.63
2025,5,TOA PAYOH,2 ROOM,2150.00,4,292500.00,6,2025-05-01,8.82
2025,5,TOA PAYOH,3 ROOM,2900.00,93,422444.00,42,2025-05-01,8.24
2025,5,TOA PAYOH,4 ROOM,3600.00,32,999444.00,32,2025-05-01,4.32
2025,5,TOA PAYOH,5 ROOM,3900.00,15,1108000.00,11,2025-05-01,4.22
2025,5,TOA PAYOH,EXECUTIVE,4000.00,2,1095000.00,3,2025-05-01,4.38
2025,5,WOODLANDS,2 ROOM,2350.00,7,335000.00,3,2025-05-01,8.42
2025,5,WOODLANDS,3 ROOM,2600.00,24,368000.00,11,2025-05-01,8.48
2025,5,WOODLANDS,4 ROOM,3000.00,56,560000.00,73,2025-05-01,6.43
2025,5,WOODLANDS,5 ROOM,3200.00,53,676500.00,44,2025-05-01,5.68
2025,5,WOODLANDS,EXECUTIVE,3500.00,11,890000.00,11,2025-05-01,4.72
2025,5,YISHUN,2 ROOM,2200.00,7,351000.00,6,2025-05-01,7.52
2025,5,YISHUN,3 ROOM,2700.00,54,436000.00,42,2025-05-01,7.43
2025,5,YISHUN,4 ROOM,3100.00,90,567000.00,80,2025-05-01,6.56
2025,5,YISHUN,5 ROOM,3250.00,26,700000.00,31,2025-05-01,5.57
2025,5,YISHUN,EXECUTIVE,3850.00,6,935888.00,3,2025-05-01,4.94
2025,6,ANG MO KIO,2 ROOM,1250.00,2,316888.00,1,2025-06-01,4.73
2025,6,ANG MO KIO,3 ROOM,2800.00,110,440888.00,53,2025-06-01,7.62
2025,6,ANG MO KIO,4 ROOM,3380.00,45,575000.00,25,2025-06-01,7.05
2025,6,ANG MO KIO,5 ROOM,3825.00,14,820000.00,9,2025-06-01,5.60
2025,6,ANG MO KIO,EXECUTIVE,4225.00,2,1210000.00,1,2025-06-01,4.19
2025,6,BEDOK,2 ROOM,2100.00,1,325000.00,2,2025-06-01,7.75
2025,6,BEDOK,3 ROOM,2800.00,99,431000.00,52,2025-06-01,7.80
2025,6,BEDOK,4 ROOM,3200.00,49,605000.00,46,2025-06-01,6.35
2025,6,BEDOK,5 ROOM,3600.00,25,718888.00,11,2025-06-01,6.01
2025,6,BEDOK,EXECUTIVE,4100.00,4,962944.00,6,2025-06-01,5.11
2025,6,BISHAN,3 ROOM,3000.00,11,545000.00,13,2025-06-01,6.61
2025,6,BISHAN,4 ROOM,3650.00,33,756888.00,11,2025-06-01,5.79
2025,6,BISHAN,5 ROOM,3950.00,18,980000.00,15,2025-06-01,4.84
2025,6,BISHAN,EXECUTIVE,4800.00,2,1270000.00,3,2025-06-01,4.54
2025,6,BUKIT BATOK,2 ROOM,2500.00,12,372500.00,8,2025-06-01,8.05
2025,6,BUKIT BATOK,3 ROOM,2700.00,48,419000.00,32,2025-06-01,7.73
2025,6,BUKIT BATOK,4 ROOM,3225.00,46,629000.00,50,2025-06-01,6.15
2025,6,BUKIT BATOK,5 ROOM,3500.00,16,825000.00,29,2025-06-01,5.09
2025,6,BUKIT BATOK,EXECUTIVE,3600.00,7,907000.00,9,2025-06-01,4.76
2025,6,BUKIT MERAH,1 ROOM,1325.00,1,272000.00,1,2025-06-01,5.85
2025,6,BUKIT MERAH,2 ROOM,2375.00,10,513944.00,2,2025-06-01,5.55
2025,6,BUKIT MERAH,3 ROOM,3000.00,80,440900.00,34,2025-06-01,8.17
2025,6,BUKIT MERAH,4 ROOM,3800.00,76,960000.00,33,2025-06-01,4.75
2025,6,BUKIT MERAH,5 ROOM,4300.00,43,1104000.00,8,2025-06-01,4.67
2025,6,BUKIT PANJANG,2 ROOM,2500.00,1,395000.00,5,2025-06-01,7.59
2025,6,BUKIT PANJANG,3 ROOM,2700.00,9,456500.00,10,2025-06-01,7.10
2025,6,BUKIT PANJANG,4 ROOM,3000.00,35,601500.00,32,2025-06-01,5.99
2025,6,BUKIT PANJANG,5 ROOM,3200.00,27,713444.00,18,2025-06-01,5.38
2025,6,BUKIT PANJANG,EXECUTIVE,3600.00,7,858000.00,7,2025-06-01,5.03
2025,6,BUKIT TIMAH,5 ROOM,4225.00,2,1280000.00,1,2025-06-01,3.96
2025,6,CENTRAL AREA,2 ROOM,2600.00,3,393333.00,1,2025-06-01,7.93
2025,6,CENTRAL AREA,3 ROOM,3300.00,43,544000.00,4,2025-06-01,7.28
2025,6,CENTRAL AREA,4 ROOM,4500.00,20,690000.00,5,2025-06-01,7.83
2025,6,CENTRAL AREA,5 ROOM,4000.00,3,1528500.00,2,2025-06-01,3.14
2025,6,CHOA CHU KANG,3 ROOM,2500.00,5,460000.00,5,2025-06-01,6.52
2025,6,CHOA CHU KANG,4 ROOM,3100.00,53,549000.00,40,2025-06-01,6.78
2025,6,CHOA CHU KANG,5 ROOM,3300.00,46,670000.00,41,2025-06-01,5.91
2025,6,CHOA CHU KANG,EXECUTIVE,3600.00,13,818000.00,9,2025-06-01,5.28
2025,6,CLEMENTI,3 ROOM,3000.00,86,438000.00,23,2025-06-01,8.22
2025,6,CLEMENTI,4 ROOM,3900.00,61,851000.00,10,2025-06-01,5.50
2025,6,CLEMENTI,5 ROOM,3800.00,29,834000.00,8,2025-06-01,5.47
2025,6,CLEMENTI,EXECUTIVE,5300.00,1,1033000.00,1,2025-06-01,6.16
2025,6,GEYLANG,2 ROOM,1650.00,4,299900.00,2,2025-06-01,6.60
2025,6,GEYLANG,3 ROOM,2900.00,49,440000.00,19,2025-06-01,7.91
2025,6,GEYLANG,4 ROOM,3700.00,43,826044.00,22,2025-06-01,5.38
2025,6,GEYLANG,5 ROOM,3850.00,10,1038000.00,3,2025-06-01,4.45
2025,6,GEYLANG,EXECUTIVE,3900.00,4,1050000.00,3,2025-06-01,4.46
2025,6,HOUGANG,2 ROOM,2350.00,6,385000.00,9,2025-06-01,7.32
2025,6,HOUGANG,3 ROOM,2600.00,41,450000.00,28,2025-06-01,6.93
2025,6,HOUGANG,4 ROOM,3125.00,60,618000.00,49,2025-06-01,6.07
2025,6,HOUGANG,5 ROOM,3350.00,36,800000.00,21,2025-06-01,5.03
2025,6,HOUGANG,EXECUTIVE,3700.00,12,980000.00,13,2025-06-01,4.53
2025,6,JURONG EAST,2 ROOM,2100.00,2,339000.00,2,2025-06-01,7.43
2025,6,JURONG EAST,3 ROOM,2800.00,43,422000.00,19,2025-06-01,7.96
2025,6,JURONG EAST,4 ROOM,3400.00,33,540000.00,7,2025-06-01,7.56
2025,6,JURONG EAST,5 ROOM,3900.00,30,720000.00,12,2025-06-01,6.50
2025,6,JURONG EAST,EXECUTIVE,4450.00,4,880444.00,2,2025-06-01,6.07
2025,6,JURONG WEST,2 ROOM,2400.00,5,344000.00,1,2025-06-01,8.37
2025,6,JURONG WEST,3 ROOM,2750.00,37,391500.00,28,2025-06-01,8.43
2025,6,JURONG WEST,4 ROOM,3400.00,87,545000.00,53,2025-06-01,7.49
2025,6,JURONG WEST,5 ROOM,3700.00,87,648000.00,35,2025-06-01,6.85
2025,6,JURONG WEST,EXECUTIVE,4125.00,30,772500.00,14,2025-06-01,6.41
2025,6,KALLANG/WHAMPOA,2 ROOM,2300.00,2,340000.00,3,2025-06-01,8.12
2025,6,KALLANG/WHAMPOA,3 ROOM,3000.00,62,468000.00,31,2025-06-01,7.69
2025,6,KALLANG/WHAMPOA,4 ROOM,3600.00,41,896944.00,28,2025-06-01,4.82
2025,6,KALLANG/WHAMPOA,5 ROOM,4000.00,25,912500.00,10,2025-06-01,5.26
2025,6,MARINE PARADE,3 ROOM,3000.00,22,438000.00,7,2025-06-01,8.22
2025,6,MARINE PARADE,4 ROOM,3550.00,6,668000.00,1,2025-06-01,6.38
2025,6,MARINE PARADE,5 ROOM,3650.00,2,938000.00,1,2025-06-01,4.67
2025,6,PASIR RIS,2 ROOM,2100.00,1,355000.00,1,2025-06-01,7.10
2025,6,PASIR RIS,4 ROOM,3250.00,30,630000.00,28,2025-06-01,6.19
2025,6,PASIR RIS,5 ROOM,3600.00,23,734000.00,16,2025-06-01,5.89
2025,6,PASIR RIS,EXECUTIVE,4000.00,12,875000.00,14,2025-06-01,5.49
2025,6,PUNGGOL,2 ROOM,2350.00,4,390000.00,5,2025-06-01,7.23
2025,6,PUNGGOL,3 ROOM,2750.00,12,542444.00,16,2025-06-01,6.08
2025,6,PUNGGOL,4 ROOM,3250.00,63,671444.00,70,2025-06-01,5.81
2025,6,PUNGGOL,5 ROOM,3200.00,61,692500.00,37,2025-06-01,5.55
2025,6,PUNGGOL,EXECUTIVE,3700.00,3,810000.00,7,2025-06-01,5.48
2025,6,QUEENSTOWN,3 ROOM,3000.00,90,438500.00,22,2025-06-01,8.21
2025,6,QUEENSTOWN,4 ROOM,4150.00,50,995000.00,29,2025-06-01,5.01
2025,6,QUEENSTOWN,5 ROOM,4400.00,23,1190000.00,6,2025-06-01,4.44
2025,6,SEMBAWANG,2 ROOM,2300.00,13,379000.00,20,2025-06-01,7.28
2025,6,SEMBAWANG,3 ROOM,2944.00,2,520000.00,15,2025-06-01,6.79
2025,6,SEMBAWANG,4 ROOM,3200.00,31,625000.00,45,2025-06-01,6.14
2025,6,SEMBAWANG,5 ROOM,3200.00,26,660000.00,45,2025-06-01,5.82
2025,6,SEMBAWANG,EXECUTIVE,3500.00,19,735000.00,7,2025-06-01,5.71
2025,6,SENGKANG,2 ROOM,2200.00,8,380500.00,8,2025-06-01,6.94
2025,6,SENGKANG,3 ROOM,2750.00,11,530000.00,13,2025-06-01,6.23
2025,6,SENGKANG,4 ROOM,3125.00,84,640000.00,87,2025-06-01,5.86
2025,6,SENGKANG,5 ROOM,3300.00,73,680000.00,42,2025-06-01,5.82
2025,6,SENGKANG,EXECUTIVE,3575.00,20,825000.00,6,2025-06-01,5.20
2025,6,SERANGOON,3 ROOM,2900.00,24,480000.00,5,2025-06-01,7.25
2025,6,SERANGOON,4 ROOM,3400.00,33,678000.00,13,2025-06-01,6.02
2025,6,SERANGOON,5 ROOM,3600.00,8,792888.00,7,2025-06-01,5.45
2025,6,SERANGOON,EXECUTIVE,3850.00,4,1135000.00,3,2025-06-01,4.07
2025,6,TAMPINES,2 ROOM,2400.00,1,427500.00,2,2025-06-01,6.74
2025,6,TAMPINES,3 ROOM,2800.00,54,480000.00,40,2025-06-01,7.00
2025,6,TAMPINES,4 ROOM,3400.00,82,670000.00,85,2025-06-01,6.09
2025,6,TAMPINES,5 ROOM,3600.00,49,814000.00,44,2025-06-01,5.31
2025,6,TAMPINES,EXECUTIVE,4000.00,14,960500.00,16,2025-06-01,5.00
2025,6,TOA PAYOH,2 ROOM,2500.00,1,300500.00,2,2025-06-01,9.98
2025,6,TOA PAYOH,3 ROOM,2900.00,80,408000.00,39,2025-06-01,8.53
2025,6,TOA PAYOH,4 ROOM,3500.00,34,1031000.00,32,2025-06-01,4.07
2025,6,TOA PAYOH,5 ROOM,3800.00,19,990000.00,19,2025-06-01,4.61
2025,6,WOODLANDS,2 ROOM,2350.00,5,362000.00,7,2025-06-01,7.79
2025,6,WOODLANDS,3 ROOM,2600.00,23,470000.00,21,2025-06-01,6.64
2025,6,WOODLANDS,4 ROOM,3050.00,62,559000.00,62,2025-06-01,6.55
2025,6,WOODLANDS,5 ROOM,3300.00,58,675000.00,48,2025-06-01,5.87
2025,6,WOODLANDS,EXECUTIVE,3650.00,16,894000.00,14,2025-06-01,4.90
2025,6,YISHUN,2 ROOM,2500.00,7,360000.00,9,2025-06-01,8.33
2025,6,YISHUN,3 ROOM,2600.00,54,438000.00,37,2025-06-01,7.12
2025,6,YISHUN,4 ROOM,3100.00,84,569000.00,72,2025-06-01,6.54
2025,6,YISHUN,5 ROOM,3500.00,33,726000.00,33,2025-06-01,5.79
2025,6,YISHUN,EXECUTIVE,3400.00,7,880000.00,7,2025-06-01,4.64
2025,7,ANG MO KIO,2 ROOM,2100.00,4,327500.00,1,2025-07-01,7.69
2025,7,ANG MO KIO,3 ROOM,2800.00,123,440944.00,46,2025-07-01,7.62
2025,7,ANG MO KIO,4 ROOM,3500.00,46,570944.00,30,2025-07-01,7.36
2025,7,ANG MO KIO,5 ROOM,3700.00,17,903444.00,16,2025-07-01,4.91
2025,7,BEDOK,2 ROOM,2150.00,4,338000.00,1,2025-07-01,7.63
2025,7,BEDOK,3 ROOM,2700.00,103,422888.00,49,2025-07-01,7.66
2025,7,BEDOK,4 ROOM,3300.00,56,580888.00,43,2025-07-01,6.82
2025,7,BEDOK,5 ROOM,3500.00,34,808000.00,15,2025-07-01,5.20
2025,7,BEDOK,EXECUTIVE,4000.00,6,1012500.00,6,2025-07-01,4.74
2025,7,BISHAN,3 ROOM,3200.00,9,567000.00,6,2025-07-01,6.77
2025,7,BISHAN,4 ROOM,3600.00,35,723000.00,20,2025-07-01,5.98
2025,7,BISHAN,5 ROOM,4000.00,12,1059000.00,6,2025-07-01,4.53
2025,7,BISHAN,EXECUTIVE,4500.00,5,1344000.00,2,2025-07-01,4.02
2025,7,BUKIT BATOK,2 ROOM,2475.00,12,380000.00,6,2025-07-01,7.82
2025,7,BUKIT BATOK,3 ROOM,2600.00,49,430000.00,30,2025-07-01,7.26
2025,7,BUKIT BATOK,4 ROOM,3275.00,64,630000.00,41,2025-07-01,6.24
2025,7,BUKIT BATOK,5 ROOM,3600.00,19,830000.00,27,2025-07-01,5.20
2025,7,BUKIT BATOK,EXECUTIVE,4100.00,7,888000.00,7,2025-07-01,5.54
2025,7,BUKIT MERAH,2 ROOM,2550.00,5,368500.00,2,2025-07-01,8.30
2025,7,BUKIT MERAH,3 ROOM,3000.00,85,442500.00,40,2025-07-01,8.14
2025,7,BUKIT MERAH,4 ROOM,4000.00,98,910000.00,33,2025-07-01,5.27
2025,7,BUKIT MERAH,5 ROOM,4350.00,54,1130000.00,12,2025-07-01,4.62
2025,7,BUKIT PANJANG,2 ROOM,2100.00,2,358000.00,3,2025-07-01,7.04
2025,7,BUKIT PANJANG,3 ROOM,2700.00,11,445000.00,11,2025-07-01,7.28
2025,7,BUKIT PANJANG,4 ROOM,3000.00,31,570000.00,49,2025-07-01,6.32
2025,7,BUKIT PANJANG,5 ROOM,3300.00,31,732000.00,27,2025-07-01,5.41
2025,7,BUKIT PANJANG,EXECUTIVE,3525.00,12,860000.00,8,2025-07-01,4.92
2025,7,BUKIT TIMAH,4 ROOM,3800.00,3,953000.00,1,2025-07-01,4.78
2025,7,CENTRAL AREA,3 ROOM,3175.00,20,535000.00,7,2025-07-01,7.12
2025,7,CENTRAL AREA,4 ROOM,4150.00,10,1368000.00,5,2025-07-01,3.64
2025,7,CENTRAL AREA,5 ROOM,5000.00,3,1564000.00,2,2025-07-01,3.84
2025,7,CHOA CHU KANG,3 ROOM,2600.00,8,480000.00,11,2025-07-01,6.50
2025,7,CHOA CHU KANG,4 ROOM,3000.00,57,555000.00,55,2025-07-01,6.49
2025,7,CHOA CHU KANG,5 ROOM,3350.00,43,678000.00,37,2025-07-01,5.93
2025,7,CHOA CHU KANG,EXECUTIVE,3400.00,9,820000.00,13,2025-07-01,4.98
2025,7,CLEMENTI,2 ROOM,3100.00,1,449000.00,2,2025-07-01,8.29
2025,7,CLEMENTI,3 ROOM,3100.00,99,421178.00,29,2025-07-01,8.83
2025,7,CLEMENTI,4 ROOM,4000.00,65,965000.00,24,2025-07-01,4.97
2025,7,CLEMENTI,5 ROOM,4000.00,18,1044000.00,2,2025-07-01,4.60
2025,7,CLEMENTI,EXECUTIVE,4650.00,4,1010000.00,3,2025-07-01,5.52
2025,7,GEYLANG,2 ROOM,2375.00,4,298000.00,3,2025-07-01,9.56
2025,7,GEYLANG,3 ROOM,2850.00,54,368000.00,19,2025-07-01,9.29
2025,7,GEYLANG,4 ROOM,3500.00,30,881000.00,26,2025-07-01,4.77
2025,7,GEYLANG,5 ROOM,4000.00,14,775000.00,7,2025-07-01,6.19
2025,7,GEYLANG,EXECUTIVE,3850.00,2,1150000.00,3,2025-07-01,4.02
2025,7,HOUGANG,2 ROOM,2300.00,7,371500.00,6,2025-07-01,7.43
2025,7,HOUGANG,3 ROOM,2600.00,42,460000.00,33,2025-07-01,6.78
2025,7,HOUGANG,4 ROOM,3300.00,67,626000.00,71,2025-07-01,6.33
2025,7,HOUGANG,5 ROOM,3400.00,31,746944.00,24,2025-07-01,5.46
2025,7,HOUGANG,EXECUTIVE,3500.00,7,990000.00,9,2025-07-01,4.24
2025,7,JURONG EAST,2 ROOM,2300.00,1,347000.00,1,2025-07-01,7.95
2025,7,JURONG EAST,3 ROOM,2800.00,44,427000.00,22,2025-07-01,7.87
2025,7,JURONG EAST,4 ROOM,3600.00,36,564000.00,14,2025-07-01,7.66
2025,7,JURONG EAST,5 ROOM,3550.00,24,720000.00,7,2025-07-01,5.92
2025,7,JURONG EAST,EXECUTIVE,4200.00,8,990000.00,5,2025-07-01,5.09
2025,7,JURONG WEST,2 ROOM,2500.00,6,356000.00,2,2025-07-01,8.43
2025,7,JURONG WEST,3 ROOM,2750.00,38,425000.00,33,2025-07-01,7.76
2025,7,JURONG WEST,4 ROOM,3600.00,116,535000.00,67,2025-07-01,8.07
2025,7,JURONG WEST,5 ROOM,3800.00,137,645000.00,43,2025-07-01,7.07
2025,7,JURONG WEST,EXECUTIVE,4000.00,25,804000.00,18,2025-07-01,5.97
2025,7,KALLANG/WHAMPOA,2 ROOM,2300.00,5,342500.00,2,2025-07-01,8.06
2025,7,KALLANG/WHAMPOA,3 ROOM,3000.00,72,460000.00,35,2025-07-01,7.83
2025,7,KALLANG/WHAMPOA,4 ROOM,3700.00,57,880000.00,31,2025-07-01,5.05
2025,7,KALLANG/WHAMPOA,5 ROOM,4200.00,29,960000.00,12,2025-07-01,5.25
2025,7,KALLANG/WHAMPOA,EXECUTIVE,5600.00,1,1050000.00,5,2025-07-01,6.40
2025,7,MARINE PARADE,3 ROOM,3150.00,18,481500.00,10,2025-07-01,7.85
2025,7,MARINE PARADE,4 ROOM,3525.00,12,629000.00,2,2025-07-01,6.72
2025,7,MARINE PARADE,5 ROOM,4500.00,5,865000.00,6,2025-07-01,6.24
2025,7,PASIR RIS,3 ROOM,2800.00,3,612500.00,2,2025-07-01,5.49
2025,7,PASIR RIS,4 ROOM,3275.00,32,631888.00,31,2025-07-01,6.22
2025,7,PASIR RIS,5 ROOM,3500.00,22,740000.00,21,2025-07-01,5.68
2025,7,PASIR RIS,EXECUTIVE,3980.00,31,910000.00,15,2025-07-01,5.25
2025,7,PUNGGOL,2 ROOM,2400.00,11,390000.00,9,2025-07-01,7.38
2025,7,PUNGGOL,3 ROOM,2800.00,18,540000.00,29,2025-07-01,6.22
2025,7,PUNGGOL,4 ROOM,3200.00,61,680000.00,93,2025-07-01,5.65
2025,7,PUNGGOL,5 ROOM,3300.00,67,760000.00,57,2025-07-01,5.21
2025,7,PUNGGOL,EXECUTIVE,3600.00,7,775000.00,1,2025-07-01,5.57
2025,7,QUEENSTOWN,2 ROOM,2200.00,1,515000.00,2,2025-07-01,5.13
2025,7,QUEENSTOWN,3 ROOM,3100.00,105,425000.00,15,2025-07-01,8.75
2025,7,QUEENSTOWN,4 ROOM,4300.00,62,960000.00,23,2025-07-01,5.38
2025,7,QUEENSTOWN,5 ROOM,4375.00,16,1280000.00,5,2025-07-01,4.10
2025,7,SEMBAWANG,2 ROOM,2300.00,14,379750.00,18,2025-07-01,7.27
2025,7,SEMBAWANG,3 ROOM,2825.00,4,515000.00,7,2025-07-01,6.58
2025,7,SEMBAWANG,4 ROOM,3050.00,32,615000.00,54,2025-07-01,5.95
2025,7,SEMBAWANG,5 ROOM,3400.00,32,682500.00,32,2025-07-01,5.98
2025,7,SEMBAWANG,EXECUTIVE,3400.00,12,737500.00,12,2025-07-01,5.53
2025,7,SENGKANG,2 ROOM,2400.00,6,383000.00,11,2025-07-01,7.52
2025,7,SENGKANG,3 ROOM,2800.00,5,550000.00,19,2025-07-01,6.11
2025,7,SENGKANG,4 ROOM,3200.00,87,650000.00,95,2025-07-01,5.91
2025,7,SENGKANG,5 ROOM,3300.00,97,685000.00,74,2025-07-01,5.78
2025,7,SENGKANG,EXECUTIVE,3500.00,15,820000.00,15,2025-07-01,5.12
2025,7,SERANGOON,3 ROOM,2800.00,21,470000.00,11,2025-07-01,7.15
2025,7,SERANGOON,4 ROOM,3400.00,36,669038.00,24,2025-07-01,6.10
2025,7,SERANGOON,5 ROOM,3650.00,6,806500.00,10,2025-07-01,5.43
2025,7,SERANGOON,EXECUTIVE,3900.00,5,1050000.00,5,2025-07-01,4.46
2025,7,TAMPINES,2 ROOM,600.00,1,412000.00,1,2025-07-01,1.75
2025,7,TAMPINES,3 ROOM,2900.00,54,485888.00,35,2025-07-01,7.16
2025,7,TAMPINES,4 ROOM,3500.00,98,656500.00,72,2025-07-01,6.40
2025,7,TAMPINES,5 ROOM,3700.00,52,794000.00,52,2025-07-01,5.59
2025,7,TAMPINES,EXECUTIVE,4000.00,17,994000.00,17,2025-07-01,4.83
2025,7,TOA PAYOH,2 ROOM,2250.00,4,360000.00,1,2025-07-01,7.50
2025,7,TOA PAYOH,3 ROOM,2800.00,84,398000.00,33,2025-07-01,8.44
2025,7,TOA PAYOH,4 ROOM,3600.00,39,1002000.00,43,2025-07-01,4.31
2025,7,TOA PAYOH,5 ROOM,4000.00,16,1018000.00,17,2025-07-01,4.72
2025,7,WOODLANDS,2 ROOM,2050.00,4,342000.00,1,2025-07-01,7.19
2025,7,WOODLANDS,3 ROOM,2600.00,24,489000.00,15,2025-07-01,6.38
2025,7,WOODLANDS,4 ROOM,3000.00,66,560000.00,89,2025-07-01,6.43
2025,7,WOODLANDS,5 ROOM,3300.00,53,675000.00,45,2025-07-01,5.87
2025,7,WOODLANDS,EXECUTIVE,3400.00,15,910000.00,15,2025-07-01,4.48
2025,7,YISHUN,2 ROOM,2200.00,5,371000.00,14,2025-07-01,7.12
2025,7,YISHUN,3 ROOM,2600.00,75,468000.00,45,2025-07-01,6.67
2025,7,YISHUN,4 ROOM,3150.00,89,571544.00,88,2025-07-01,6.61
2025,7,YISHUN,5 ROOM,3450.00,26,750000.00,25,2025-07-01,5.52
2025,7,YISHUN,EXECUTIVE,3825.00,10,980000.00,9,2025-07-01,4.68
2025,8,ANG MO KIO,2 ROOM,2400.00,2,353000.00,3,2025-08-01,8.16
2025,8,ANG MO KIO,3 ROOM,2725.00,108,438888.00,43,2025-08-01,7.45
2025,8,ANG MO KIO,4 ROOM,3400.00,61,575000.00,18,2025-08-01,7.10
2025,8,ANG MO KIO,5 ROOM,3800.00,18,924444.00,12,2025-08-01,4.93
2025,8,ANG MO KIO,EXECUTIVE,4200.00,1,1000000.00,1,2025-08-01,5.04
2025,8,BEDOK,2 ROOM,1450.00,1,325000.00,5,2025-08-01,5.35
2025,8,BEDOK,3 ROOM,2800.00,79,426000.00,51,2025-08-01,7.89
2025,8,BEDOK,4 ROOM,3300.00,53,587500.00,48,2025-08-01,6.74
2025,8,BEDOK,5 ROOM,3700.00,24,810000.00,15,2025-08-01,5.48
2025,8,BEDOK,EXECUTIVE,4200.00,5,940000.00,3,2025-08-01,5.36
2025,8,BISHAN,3 ROOM,3000.00,14,550000.00,5,2025-08-01,6.55
2025,8,BISHAN,4 ROOM,3500.00,33,818000.00,15,2025-08-01,5.13
2025,8,BISHAN,5 ROOM,4000.00,20,1020000.00,11,2025-08-01,4.71
2025,8,BISHAN,EXECUTIVE,4800.00,2,1320000.00,5,2025-08-01,4.36
2025,8,BUKIT BATOK,2 ROOM,2475.00,8,380000.00,3,2025-08-01,7.82
2025,8,BUKIT BATOK,3 ROOM,2694.00,56,425000.00,34,2025-08-01,7.61
2025,8,BUKIT BATOK,4 ROOM,3200.00,47,638444.00,46,2025-08-01,6.01
2025,8,BUKIT BATOK,5 ROOM,3600.00,15,800000.00,19,2025-08-01,5.40
2025,8,BUKIT BATOK,EXECUTIVE,3900.00,11,839800.00,9,2025-08-01,5.57
2025,8,BUKIT MERAH,1 ROOM,2450.00,2,270000.00,1,2025-08-01,10.89
2025,8,BUKIT MERAH,2 ROOM,2600.00,9,290000.00,1,2025-08-01,10.76
2025,8,BUKIT MERAH,3 ROOM,3000.00,67,435000.00,25,2025-08-01,8.28
2025,8,BUKIT MERAH,4 ROOM,4000.00,57,929444.00,42,2025-08-01,5.16
2025,8,BUKIT MERAH,5 ROOM,4125.00,32,1034000.00,18,2025-08-01,4.79
2025,8,BUKIT PANJANG,2 ROOM,2000.00,1,366500.00,4,2025-08-01,6.55
2025,8,BUKIT PANJANG,3 ROOM,2700.00,8,462500.00,8,2025-08-01,7.01
2025,8,BUKIT PANJANG,4 ROOM,3000.00,34,558000.00,37,2025-08-01,6.45
2025,8,BUKIT PANJANG,5 ROOM,3300.00,26,720000.00,19,2025-08-01,5.50
2025,8,BUKIT PANJANG,EXECUTIVE,3100.00,5,942500.00,8,2025-08-01,3.95
2025,8,BUKIT TIMAH,3 ROOM,2300.00,2,460000.00,1,2025-08-01,6.00
2025,8,BUKIT TIMAH,4 ROOM,3850.00,2,638000.00,1,2025-08-01,7.24
2025,8,BUKIT TIMAH,5 ROOM,4125.00,2,1224444.00,2,2025-08-01,4.04
2025,8,BUKIT TIMAH,EXECUTIVE,5200.00,1,1455000.00,1,2025-08-01,4.29
2025,8,CENTRAL AREA,2 ROOM,2600.00,3,345000.00,2,2025-08-01,9.04
2025,8,CENTRAL AREA,3 ROOM,3150.00,28,521500.00,6,2025-08-01,7.25
2025,8,CENTRAL AREA,4 ROOM,4500.00,29,1310000.00,9,2025-08-01,4.12
2025,8,CENTRAL AREA,5 ROOM,5300.00,5,1600000.00,1,2025-08-01,3.98
2025,8,CHOA CHU KANG,3 ROOM,2500.00,9,470000.00,9,2025-08-01,6.38
2025,8,CHOA CHU KANG,4 ROOM,3100.00,51,562000.00,49,2025-08-01,6.62
2025,8,CHOA CHU KANG,5 ROOM,3300.00,45,628000.00,30,2025-08-01,6.31
2025,8,CHOA CHU KANG,EXECUTIVE,3450.00,12,790000.00,5,2025-08-01,5.24
2025,8,CLEMENTI,3 ROOM,3000.00,42,440000.00,23,2025-08-01,8.18
2025,8,CLEMENTI,4 ROOM,4000.00,21,942888.00,27,2025-08-01,5.09
2025,8,CLEMENTI,5 ROOM,4650.00,2,1055000.00,10,2025-08-01,5.29
2025,8,CLEMENTI,EXECUTIVE,4000.00,1,1130000.00,1,2025-08-01,4.25
2025,8,GEYLANG,3 ROOM,2750.00,52,380000.00,28,2025-08-01,8.68
2025,8,GEYLANG,4 ROOM,3400.00,25,620000.00,19,2025-08-01,6.58
2025,8,GEYLANG,5 ROOM,4150.00,13,856944.00,6,2025-08-01,5.81
2025,8,GEYLANG,EXECUTIVE,3950.00,2,938000.00,1,2025-08-01,5.05
2025,8,HOUGANG,2 ROOM,2300.00,3,373500.00,6,2025-08-01,7.39
2025,8,HOUGANG,3 ROOM,2700.00,34,458000.00,31,2025-08-01,7.07
2025,8,HOUGANG,4 ROOM,3200.00,68,627000.00,60,2025-08-01,6.12
2025,8,HOUGANG,5 ROOM,3500.00,34,720800.00,25,2025-08-01,5.83
2025,8,HOUGANG,EXECUTIVE,3700.00,10,1000000.00,7,2025-08-01,4.44
2025,8,JURONG EAST,3 ROOM,2700.00,28,405000.00,14,2025-08-01,8.00
2025,8,JURONG EAST,4 ROOM,3300.00,27,519444.00,16,2025-08-01,7.62
2025,8,JURONG EAST,5 ROOM,3900.00,15,720000.00,7,2025-08-01,6.50
2025,8,JURONG EAST,EXECUTIVE,3900.00,6,844888.00,3,2025-08-01,5.54
2025,8,JURONG WEST,2 ROOM,2400.00,1,362500.00,2,2025-08-01,7.94
2025,8,JURONG WEST,3 ROOM,2800.00,51,410000.00,29,2025-08-01,8.20
2025,8,JURONG WEST,4 ROOM,3425.00,62,545500.00,50,2025-08-01,7.53
2025,8,JURONG WEST,5 ROOM,3800.00,89,648000.00,49,2025-08-01,7.04
2025,8,JURONG WEST,EXECUTIVE,3600.00,16,819000.00,14,2025-08-01,5.27
2025,8,KALLANG/WHAMPOA,2 ROOM,2400.00,4,311500.00,2,2025-08-01,9.25
2025,8,KALLANG/WHAMPOA,3 ROOM,3000.00,71,447500.00,30,2025-08-01,8.04
2025,8,KALLANG/WHAMPOA,4 ROOM,3800.00,41,910000.00,25,2025-08-01,5.01
2025,8,KALLANG/WHAMPOA,5 ROOM,4200.00,21,1053000.00,10,2025-08-01,4.79
2025,8,KALLANG/WHAMPOA,EXECUTIVE,4650.00,1,970000.00,1,2025-08-01,5.75
2025,8,MARINE PARADE,3 ROOM,3100.00,21,465000.00,9,2025-08-01,8.00
2025,8,MARINE PARADE,5 ROOM,4050.00,1,940000.00,1,2025-08-01,5.17
2025,8,PASIR RIS,2 ROOM,1950.00,1,394000.00,1,2025-08-01,5.94
2025,8,PASIR RIS,3 ROOM,3000.00,3,602000.00,5,2025-08-01,5.98
2025,8,PASIR RIS,4 ROOM,3300.00,38,640000.00,19,2025-08-01,6.19
2025,8,PASIR RIS,5 ROOM,3500.00,25,735444.00,16,2025-08-01,5.71
2025,8,PASIR RIS,EXECUTIVE,3900.00,17,959000.00,12,2025-08-01,4.88
2025,8,PUNGGOL,2 ROOM,2250.00,13,400000.00,9,2025-08-01,6.75
2025,8,PUNGGOL,3 ROOM,2900.00,13,553000.00,23,2025-08-01,6.29
2025,8,PUNGGOL,4 ROOM,3175.00,59,698000.00,67,2025-08-01,5.46
2025,8,PUNGGOL,5 ROOM,3300.00,56,718888.00,31,2025-08-01,5.51
2025,8,PUNGGOL,EXECUTIVE,3500.00,5,827500.00,6,2025-08-01,5.08
2025,8,QUEENSTOWN,2 ROOM,2150.00,6,300000.00,3,2025-08-01,8.60
2025,8,QUEENSTOWN,3 ROOM,3000.00,79,446888.00,23,2025-08-01,8.06
2025,8,QUEENSTOWN,4 ROOM,4200.00,29,955000.00,15,2025-08-01,5.28
2025,8,QUEENSTOWN,5 ROOM,4500.00,17,1190000.00,6,2025-08-01,4.54
2025,8,SEMBAWANG,2 ROOM,2300.00,14,394444.00,6,2025-08-01,7.00
2025,8,SEMBAWANG,3 ROOM,2900.00,7,520000.00,8,2025-08-01,6.69
2025,8,SEMBAWANG,4 ROOM,3150.00,33,600000.00,43,2025-08-01,6.30
2025,8,SEMBAWANG,5 ROOM,3200.00,26,720000.00,20,2025-08-01,5.33
2025,8,SEMBAWANG,EXECUTIVE,3500.00,8,750000.00,7,2025-08-01,5.60
2025,8,SENGKANG,2 ROOM,2200.00,3,400000.00,5,2025-08-01,6.60
2025,8,SENGKANG,3 ROOM,2750.00,10,550000.00,12,2025-08-01,6.00
2025,8,SENGKANG,4 ROOM,3200.00,92,658500.00,102,2025-08-01,5.83
2025,8,SENGKANG,5 ROOM,3375.00,106,700444.00,56,2025-08-01,5.78
2025,8,SENGKANG,EXECUTIVE,3300.00,11,855000.00,8,2025-08-01,4.63
2025,8,SERANGOON,3 ROOM,2800.00,15,458000.00,12,2025-08-01,7.34
2025,8,SERANGOON,4 ROOM,3400.00,32,666500.00,16,2025-08-01,6.12
2025,8,SERANGOON,5 ROOM,3600.00,15,968888.00,7,2025-08-01,4.46
2025,8,SERANGOON,EXECUTIVE,4200.00,5,992888.00,5,2025-08-01,5.08
2025,8,TAMPINES,2 ROOM,2200.00,1,392000.00,1,2025-08-01,6.73
2025,8,TAMPINES,3 ROOM,2850.00,51,496500.00,32,2025-08-01,6.89
2025,8,TAMPINES,4 ROOM,3300.00,85,660000.00,69,2025-08-01,6.00
2025,8,TAMPINES,5 ROOM,3600.00,53,840000.00,33,2025-08-01,5.14
2025,8,TAMPINES,EXECUTIVE,4000.00,9,938000.00,8,2025-08-01,5.12
2025,8,TOA PAYOH,3 ROOM,3000.00,60,410000.00,43,2025-08-01,8.78
2025,8,TOA PAYOH,4 ROOM,3800.00,33,855000.00,39,2025-08-01,5.33
2025,8,TOA PAYOH,5 ROOM,4000.00,24,1171500.00,12,2025-08-01,4.10
2025,8,TOA PAYOH,EXECUTIVE,4500.00,3,1250000.00,1,2025-08-01,4.32
2025,8,WOODLANDS,2 ROOM,2275.00,8,382500.00,4,2025-08-01,7.14
2025,8,WOODLANDS,3 ROOM,2600.00,25,385000.00,9,2025-08-01,8.10
2025,8,WOODLANDS,4 ROOM,3000.00,77,575000.00,62,2025-08-01,6.26
2025,8,WOODLANDS,5 ROOM,3300.00,57,675000.00,51,2025-08-01,5.87
2025,8,WOODLANDS,EXECUTIVE,3700.00,15,905000.00,9,2025-08-01,4.91
2025,8,YISHUN,2 ROOM,2400.00,8,368000.00,5,2025-08-01,7.83
2025,8,YISHUN,3 ROOM,2700.00,68,441500.00,42,2025-08-01,7.34
2025,8,YISHUN,4 ROOM,3100.00,80,570000.00,75,2025-08-01,6.53
2025,8,YISHUN,5 ROOM,3300.00,27,722500.00,24,2025-08-01,5.48
2025,8,YISHUN,EXECUTIVE,3550.00,5,870000.00,7,2025-08-01,4.90
2025,9,ANG MO KIO,3 ROOM,2800.00,110,428000.00,45,2025-09-01,7.85
2025,9,ANG MO KIO,4 ROOM,3400.00,52,630000.00,36,2025-09-01,6.48
2025,9,ANG MO KIO,5 ROOM,3750.00,20,955000.00,13,2025-09-01,4.71
2025,9,ANG MO KIO,EXECUTIVE,3925.00,2,1128000.00,3,2025-09-01,4.18
2025,9,BEDOK,3 ROOM,2700.00,90,430000.00,37,2025-09-01,7.53
2025,9,BEDOK,4 ROOM,3300.00,56,648000.00,37,2025-09-01,6.11
2025,9,BEDOK,5 ROOM,3700.00,30,780000.00,9,2025-09-01,5.69
2025,9,BEDOK,EXECUTIVE,4200.00,3,1010000.00,7,2025-09-01,4.99
2025,9,BISHAN,3 ROOM,2800.00,13,570000.00,1,2025-09-01,5.89
2025,9,BISHAN,4 ROOM,3725.00,26,792888.00,23,2025-09-01,5.64
2025,9,BISHAN,5 ROOM,4000.00,15,1035000.00,9,2025-09-01,4.64
2025,9,BISHAN,EXECUTIVE,4500.00,4,1200000.00,3,2025-09-01,4.50
2025,9,BUKIT BATOK,2 ROOM,2350.00,10,385000.00,5,2025-09-01,7.32
2025,9,BUKIT BATOK,3 ROOM,2600.00,55,420000.00,26,2025-09-01,7.43
2025,9,BUKIT BATOK,4 ROOM,3300.00,40,645000.00,47,2025-09-01,6.14
2025,9,BUKIT BATOK,5 ROOM,3600.00,11,771500.00,26,2025-09-01,5.60
2025,9,BUKIT BATOK,EXECUTIVE,4075.00,4,901944.00,10,2025-09-01,5.42
2025,9,BUKIT MERAH,3 ROOM,3000.00,64,444000.00,26,2025-09-01,8.11
2025,9,BUKIT MERAH,4 ROOM,3900.00,49,952500.00,22,2025-09-01,4.91
2025,9,BUKIT MERAH,5 ROOM,4500.00,21,1016944.00,20,2025-09-01,5.31
2025,9,BUKIT PANJANG,3 ROOM,2500.00,10,478000.00,10,2025-09-01,6.28
2025,9,BUKIT PANJANG,4 ROOM,3000.00,40,595000.00,30,2025-09-01,6.05
2025,9,BUKIT PANJANG,5 ROOM,3200.00,37,763444.00,18,2025-09-01,5.03
2025,9,BUKIT PANJANG,EXECUTIVE,3600.00,5,865000.00,5,2025-09-01,4.99
2025,9,BUKIT TIMAH,3 ROOM,3025.00,10,491500.00,2,2025-09-01,7.39
2025,9,BUKIT TIMAH,4 ROOM,3650.00,6,660000.00,3,2025-09-01,6.64
2025,9,CENTRAL AREA,2 ROOM,2550.00,4,357500.00,2,2025-09-01,8.56
2025,9,CENTRAL AREA,3 ROOM,3200.00,30,468000.00,4,2025-09-01,8.21
2025,9,CENTRAL AREA,4 ROOM,4050.00,8,1300000.00,9,2025-09-01,3.74
2025,9,CENTRAL AREA,5 ROOM,5000.00,3,959000.00,4,2025-09-01,6.26
2025,9,CHOA CHU KANG,3 ROOM,2400.00,9,500888.00,7,2025-09-01,5.75
2025,9,CHOA CHU KANG,4 ROOM,3000.00,48,559000.00,36,2025-09-01,6.44
2025,9,CHOA CHU KANG,5 ROOM,3150.00,28,680000.00,37,2025-09-01,5.56
2025,9,CHOA CHU KANG,EXECUTIVE,3600.00,16,858000.00,9,2025-09-01,5.03
2025,9,CLEMENTI,2 ROOM,2900.00,1,478000.00,1,2025-09-01,7.28
2025,9,CLEMENTI,3 ROOM,3000.00,70,418944.00,28,2025-09-01,8.59
2025,9,CLEMENTI,4 ROOM,4000.00,25,920000.00,23,2025-09-01,5.22
2025,9,CLEMENTI,5 ROOM,4500.00,7,930000.00,6,2025-09-01,5.81
2025,9,GEYLANG,2 ROOM,1550.00,4,292500.00,2,2025-09-01,6.36
2025,9,GEYLANG,3 ROOM,2700.00,47,354444.00,26,2025-09-01,9.14
2025,9,GEYLANG,4 ROOM,3500.00,37,647500.00,30,2025-09-01,6.49
2025,9,GEYLANG,5 ROOM,4200.00,9,788888.00,11,2025-09-01,6.39
2025,9,HOUGANG,2 ROOM,2400.00,10,385000.00,5,2025-09-01,7.48
2025,9,HOUGANG,3 ROOM,2750.00,39,459000.00,26,2025-09-01,7.19
2025,9,HOUGANG,4 ROOM,3200.00,77,636500.00,62,2025-09-01,6.03
2025,9,HOUGANG,5 ROOM,3500.00,41,770000.00,26,2025-09-01,5.45
2025,9,HOUGANG,EXECUTIVE,3800.00,9,990000.00,8,2025-09-01,4.61
2025,9,JURONG EAST,2 ROOM,2100.00,3,350000.00,3,2025-09-01,7.20
2025,9,JURONG EAST,3 ROOM,2800.00,31,410500.00,16,2025-09-01,8.19
2025,9,JURONG EAST,4 ROOM,3300.00,21,535944.00,8,2025-09-01,7.39
2025,9,JURONG EAST,5 ROOM,3800.00,21,696000.00,10,2025-09-01,6.55
2025,9,JURONG EAST,EXECUTIVE,4150.00,7,990000.00,5,2025-09-01,5.03
2025,9,JURONG WEST,2 ROOM,2500.00,3,360000.00,3,2025-09-01,8.33
2025,9,JURONG WEST,3 ROOM,2600.00,37,420000.00,23,2025-09-01,7.43
2025,9,JURONG WEST,4 ROOM,3360.00,64,557000.00,51,2025-09-01,7.24
2025,9,JURONG WEST,5 ROOM,3500.00,85,639544.00,44,2025-09-01,6.57
2025,9,JURONG WEST,EXECUTIVE,3300.00,15,820000.00,13,2025-09-01,4.83
2025,9,KALLANG/WHAMPOA,3 ROOM,2850.00,52,392344.00,22,2025-09-01,8.72
2025,9,KALLANG/WHAMPOA,4 ROOM,3700.00,31,900000.00,27,2025-09-01,4.93
2025,9,KALLANG/WHAMPOA,5 ROOM,4075.00,12,987500.00,12,2025-09-01,4.95
2025,9,MARINE PARADE,3 ROOM,2900.00,14,500000.00,9,2025-09-01,6.96
2025,9,MARINE PARADE,4 ROOM,3100.00,7,688000.00,5,2025-09-01,5.41
2025,9,MARINE PARADE,5 ROOM,4050.00,6,1000000.00,5,2025-09-01,4.86
2025,9,PASIR RIS,2 ROOM,1400.00,1,430000.00,1,2025-09-01,3.91
2025,9,PASIR RIS,4 ROOM,3300.00,41,633000.00,21,2025-09-01,6.26
2025,9,PASIR RIS,5 ROOM,3500.00,36,722500.00,12,2025-09-01,5.81
2025,9,PASIR RIS,EXECUTIVE,3700.00,21,931500.00,16,2025-09-01,4.77
2025,9,PUNGGOL,2 ROOM,2500.00,14,398000.00,11,2025-09-01,7.54
2025,9,PUNGGOL,3 ROOM,2800.00,12,549000.00,20,2025-09-01,6.12
2025,9,PUNGGOL,4 ROOM,3300.00,58,690944.00,72,2025-09-01,5.73
2025,9,PUNGGOL,5 ROOM,3300.00,63,789988.00,47,2025-09-01,5.01
2025,9,PUNGGOL,EXECUTIVE,3700.00,3,800000.00,1,2025-09-01,5.55
2025,9,QUEENSTOWN,2 ROOM,2650.00,2,308000.00,3,2025-09-01,10.32
2025,9,QUEENSTOWN,3 ROOM,3000.00,67,432000.00,21,2025-09-01,8.33
2025,9,QUEENSTOWN,4 ROOM,3900.00,29,1030000.00,21,2025-09-01,4.54
2025,9,QUEENSTOWN,5 ROOM,4200.00,9,1139000.00,4,2025-09-01,4.42
2025,9,SEMBAWANG,2 ROOM,2300.00,12,380000.00,7,2025-09-01,7.26
2025,9,SEMBAWANG,3 ROOM,2625.00,4,510000.00,9,2025-09-01,6.18
2025,9,SEMBAWANG,4 ROOM,3200.00,28,626500.00,40,2025-09-01,6.13
2025,9,SEMBAWANG,5 ROOM,3250.00,34,684000.00,26,2025-09-01,5.70
2025,9,SEMBAWANG,EXECUTIVE,3450.00,11,731000.00,6,2025-09-01,5.66
2025,9,SENGKANG,2 ROOM,2350.00,9,379500.00,6,2025-09-01,7.43
2025,9,SENGKANG,3 ROOM,2800.00,9,527500.00,6,2025-09-01,6.37
2025,9,SENGKANG,4 ROOM,3200.00,72,645500.00,76,2025-09-01,5.95
2025,9,SENGKANG,5 ROOM,3300.00,80,736888.00,57,2025-09-01,5.37
2025,9,SENGKANG,EXECUTIVE,3600.00,18,865000.00,9,2025-09-01,4.99
2025,9,SERANGOON,3 ROOM,2900.00,27,492500.00,8,2025-09-01,7.07
2025,9,SERANGOON,4 ROOM,3400.00,19,752500.00,12,2025-09-01,5.42
2025,9,SERANGOON,5 ROOM,3500.00,7,820000.00,2,2025-09-01,5.12
2025,9,SERANGOON,EXECUTIVE,3400.00,6,1050000.00,4,2025-09-01,3.89
2025,9,TAMPINES,3 ROOM,2950.00,62,498000.00,26,2025-09-01,7.11
2025,9,TAMPINES,4 ROOM,3400.00,71,662500.00,84,2025-09-01,6.16
2025,9,TAMPINES,5 ROOM,3700.00,59,830000.00,43,2025-09-01,5.35
2025,9,TAMPINES,EXECUTIVE,4100.00,17,958000.00,13,2025-09-01,5.14
2025,9,TOA PAYOH,2 ROOM,1900.00,2,277500.00,2,2025-09-01,8.22
2025,9,TOA PAYOH,3 ROOM,2900.00,88,419000.00,32,2025-09-01,8.31
2025,9,TOA PAYOH,4 ROOM,3600.00,22,1020000.00,49,2025-09-01,4.24
2025,9,TOA PAYOH,5 ROOM,3650.00,12,1015000.00,18,2025-09-01,4.32
2025,9,TOA PAYOH,EXECUTIVE,3200.00,2,1082500.00,2,2025-09-01,3.55
2025,9,WOODLANDS,2 ROOM,2350.00,6,325000.00,2,2025-09-01,8.68
2025,9,WOODLANDS,3 ROOM,2500.00,17,468000.00,13,2025-09-01,6.41
2025,9,WOODLANDS,4 ROOM,3100.00,67,570000.00,68,2025-09-01,6.53
2025,9,WOODLANDS,5 ROOM,3300.00,63,680000.00,52,2025-09-01,5.82
2025,9,WOODLANDS,EXECUTIVE,3500.00,11,944000.00,18,2025-09-01,4.45
2025,9,YISHUN,2 ROOM,2275.00,4,372000.00,5,2025-09-01,7.34
2025,9,YISHUN,3 ROOM,2600.00,54,433000.00,31,2025-09-01,7.21
2025,9,YISHUN,4 ROOM,3100.00,69,578000.00,72,2025-09-01,6.44
2025,9,YISHUN,5 ROOM,3500.00,25,690000.00,21,2025-09-01,6.09
2025,9,YISHUN,EXECUTIVE,4350.00,3,910000.00,7,2025-09-01,5.74
2025,10,ANG MO KIO,2 ROOM,2350.00,4,360000.00,1,2025-10-01,7.83
2025,10,ANG MO KIO,3 ROOM,2800.00,106,447944.00,36,2025-10-01,7.50
2025,10,ANG MO KIO,4 ROOM,3400.00,41,584000.00,20,2025-10-01,6.99
2025,10,ANG MO KIO,5 ROOM,3550.00,16,1038444.00,4,2025-10-01,4.10
2025,10,BEDOK,2 ROOM,1950.00,1,314000.00,4,2025-10-01,7.45
2025,10,BEDOK,3 ROOM,2800.00,77,422900.00,30,2025-10-01,7.95
2025,10,BEDOK,4 ROOM,3200.00,49,557500.00,24,2025-10-01,6.89
2025,10,BEDOK,5 ROOM,3750.00,27,749888.00,9,2025-10-01,6.00
2025,10,BISHAN,3 ROOM,2950.00,12,473750.00,2,2025-10-01,7.47
2025,10,BISHAN,4 ROOM,3700.00,41,740000.00,10,2025-10-01,6.00
2025,10,BISHAN,5 ROOM,3950.00,17,970000.00,6,2025-10-01,4.89
2025,10,BISHAN,EXECUTIVE,5000.00,2,1413444.00,2,2025-10-01,4.24
2025,10,BUKIT BATOK,2 ROOM,2300.00,11,428000.00,1,2025-10-01,6.45
2025,10,BUKIT BATOK,3 ROOM,2750.00,39,405000.00,21,2025-10-01,8.15
2025,10,BUKIT BATOK,4 ROOM,3300.00,44,653000.00,28,2025-10-01,6.06
2025,10,BUKIT BATOK,5 ROOM,3525.00,24,810000.00,13,2025-10-01,5.22
2025,10,BUKIT BATOK,EXECUTIVE,4000.00,7,850000.00,5,2025-10-01,5.65
2025,10,BUKIT MERAH,2 ROOM,2500.00,11,295000.00,5,2025-10-01,10.17
2025,10,BUKIT MERAH,3 ROOM,3000.00,72,431944.00,12,2025-10-01,8.33
2025,10,BUKIT MERAH,4 ROOM,3800.00,61,948000.00,25,2025-10-01,4.81
2025,10,BUKIT MERAH,5 ROOM,4200.00,35,1184888.00,6,2025-10-01,4.25
2025,10,BUKIT PANJANG,2 ROOM,2500.00,1,389444.00,2,2025-10-01,7.70
2025,10,BUKIT PANJANG,3 ROOM,2550.00,6,452500.00,10,2025-10-01,6.76
2025,10,BUKIT PANJANG,4 ROOM,3000.00,34,590000.00,19,2025-10-01,6.10
2025,10,BUKIT PANJANG,5 ROOM,3000.00,18,690444.00,8,2025-10-01,5.21
2025,10,BUKIT PANJANG,EXECUTIVE,3550.00,8,700000.00,3,2025-10-01,6.09
2025,10,CENTRAL AREA,3 ROOM,3200.00,34,565000.00,6,2025-10-01,6.80
2025,10,CENTRAL AREA,4 ROOM,4600.00,21,1480000.00,1,2025-10-01,3.73
2025,10,CENTRAL AREA,5 ROOM,5050.00,8,1466000.00,3,2025-10-01,4.13
2025,10,CHOA CHU KANG,2 ROOM,2050.00,2,357000.00,1,2025-10-01,6.89
2025,10,CHOA CHU KANG,3 ROOM,2800.00,5,510000.00,4,2025-10-01,6.59
2025,10,CHOA CHU KANG,4 ROOM,3000.00,43,562500.00,22,2025-10-01,6.40
2025,10,CHOA CHU KANG,5 ROOM,3200.00,33,680000.00,17,2025-10-01,5.65
2025,10,CHOA CHU KANG,EXECUTIVE,3400.00,12,848000.00,5,2025-10-01,4.81
2025,10,CLEMENTI,3 ROOM,2900.00,40,434000.00,12,2025-10-01,8.02
2025,10,CLEMENTI,4 ROOM,3600.00,27,763000.00,10,2025-10-01,5.66
2025,10,CLEMENTI,5 ROOM,4200.00,7,1010000.00,2,2025-10-01,4.99
2025,10,GEYLANG,2 ROOM,2350.00,2,301888.00,3,2025-10-01,9.34
2025,10,GEYLANG,3 ROOM,2800.00,43,407500.00,16,2025-10-01,8.25
2025,10,GEYLANG,4 ROOM,3350.00,31,768500.00,16,2025-10-01,5.23
2025,10,GEYLANG,5 ROOM,3950.00,6,890000.00,10,2025-10-01,5.33
2025,10,GEYLANG,EXECUTIVE,4000.00,3,1100000.00,1,2025-10-01,4.36
2025,10,HOUGANG,2 ROOM,2350.00,7,388000.00,3,2025-10-01,7.27
2025,10,HOUGANG,3 ROOM,2600.00,43,455000.00,13,2025-10-01,6.86
2025,10,HOUGANG,4 ROOM,3325.00,62,620000.00,27,2025-10-01,6.44
2025,10,HOUGANG,5 ROOM,3400.00,31,814000.00,14,2025-10-01,5.01
2025,10,HOUGANG,EXECUTIVE,3800.00,15,985000.00,5,2025-10-01,4.63
2025,10,JURONG EAST,2 ROOM,2100.00,1,349000.00,1,2025-10-01,7.22
2025,10,JURONG EAST,3 ROOM,2800.00,28,440000.00,11,2025-10-01,7.64
2025,10,JURONG EAST,4 ROOM,3500.00,29,531250.00,12,2025-10-01,7.91
2025,10,JURONG EAST,5 ROOM,3700.00,15,668000.00,7,2025-10-01,6.65
2025,10,JURONG EAST,EXECUTIVE,4200.00,3,880000.00,1,2025-10-01,5.73
2025,10,JURONG WEST,2 ROOM,2475.00,4,350000.00,1,2025-10-01,8.49
2025,10,JURONG WEST,3 ROOM,2800.00,42,425000.00,18,2025-10-01,7.91
2025,10,JURONG WEST,4 ROOM,3500.00,65,538444.00,36,2025-10-01,7.80
2025,10,JURONG WEST,5 ROOM,3600.00,72,631000.00,16,2025-10-01,6.85
2025,10,JURONG WEST,EXECUTIVE,3800.00,17,769444.00,6,2025-10-01,5.93
2025,10,KALLANG/WHAMPOA,2 ROOM,1450.00,2,345000.00,1,2025-10-01,5.04
2025,10,KALLANG/WHAMPOA,3 ROOM,3000.00,76,460000.00,21,2025-10-01,7.83
2025,10,KALLANG/WHAMPOA,4 ROOM,3650.00,38,930000.00,17,2025-10-01,4.71
2025,10,KALLANG/WHAMPOA,5 ROOM,3800.00,17,1045000.00,9,2025-10-01,4.36
2025,10,MARINE PARADE,3 ROOM,3000.00,23,512000.00,7,2025-10-01,7.03
2025,10,MARINE PARADE,4 ROOM,3500.00,13,660000.00,2,2025-10-01,6.36
2025,10,MARINE PARADE,5 ROOM,4305.00,4,869444.00,4,2025-10-01,5.94
2025,10,PASIR RIS,2 ROOM,2500.00,1,400000.00,1,2025-10-01,7.50
2025,10,PASIR RIS,4 ROOM,3300.00,40,641500.00,16,2025-10-01,6.17
2025,10,PASIR RIS,5 ROOM,3500.00,32,729000.00,14,2025-10-01,5.76
2025,10,PASIR RIS,EXECUTIVE,3800.00,18,875000.00,7,2025-10-01,5.21
2025,10,PUNGGOL,2 ROOM,2400.00,11,398000.00,4,2025-10-01,7.24
2025,10,PUNGGOL,3 ROOM,2800.00,13,542500.00,8,2025-10-01,6.19
2025,10,PUNGGOL,4 ROOM,3300.00,56,699999.00,45,2025-10-01,5.66
2025,10,PUNGGOL,5 ROOM,3200.00,62,738000.00,24,2025-10-01,5.20
2025,10,PUNGGOL,EXECUTIVE,3000.00,1,845000.00,2,2025-10-01,4.26
2025,10,QUEENSTOWN,2 ROOM,2450.00,6,285000.00,1,2025-10-01,10.32
2025,10,QUEENSTOWN,3 ROOM,3000.00,73,429500.00,10,2025-10-01,8.38
2025,10,QUEENSTOWN,4 ROOM,4150.00,32,986500.00,12,2025-10-01,5.05
2025,10,QUEENSTOWN,5 ROOM,4100.00,7,1060000.00,2,2025-10-01,4.64
2025,10,SEMBAWANG,2 ROOM,2300.00,7,367944.00,4,2025-10-01,7.50
2025,10,SEMBAWANG,3 ROOM,2800.00,1,510000.00,7,2025-10-01,6.59
2025,10,SEMBAWANG,4 ROOM,3025.00,28,600000.00,23,2025-10-01,6.05
2025,10,SEMBAWANG,5 ROOM,3200.00,33,676000.00,19,2025-10-01,5.68
2025,10,SEMBAWANG,EXECUTIVE,3475.00,6,765000.00,2,2025-10-01,5.45
2025,10,SENGKANG,2 ROOM,2300.00,12,399000.00,4,2025-10-01,6.92
2025,10,SENGKANG,3 ROOM,2750.00,14,555000.00,9,2025-10-01,5.95
2025,10,SENGKANG,4 ROOM,3200.00,97,621400.00,38,2025-10-01,6.18
2025,10,SENGKANG,5 ROOM,3300.00,77,730000.00,38,2025-10-01,5.42
2025,10,SENGKANG,EXECUTIVE,3550.00,21,830000.00,1,2025-10-01,5.13
2025,10,SERANGOON,3 ROOM,2600.00,21,480000.00,5,2025-10-01,6.50
2025,10,SERANGOON,4 ROOM,3250.00,32,690000.00,15,2025-10-01,5.65
2025,10,SERANGOON,5 ROOM,3550.00,11,810000.00,3,2025-10-01,5.26
2025,10,SERANGOON,EXECUTIVE,3800.00,11,1000000.00,3,2025-10-01,4.56
2025,10,TAMPINES,2 ROOM,2350.00,1,425000.00,1,2025-10-01,6.64
2025,10,TAMPINES,3 ROOM,2800.00,54,500000.00,12,2025-10-01,6.72
2025,10,TAMPINES,4 ROOM,3400.00,79,663000.00,57,2025-10-01,6.15
2025,10,TAMPINES,5 ROOM,3600.00,55,800000.00,21,2025-10-01,5.40
2025,10,TAMPINES,EXECUTIVE,4000.00,11,970000.00,4,2025-10-01,4.95
2025,10,TOA PAYOH,2 ROOM,1700.00,2,340000.00,1,2025-10-01,6.00
2025,10,TOA PAYOH,3 ROOM,2975.00,94,402944.00,32,2025-10-01,8.86
2025,10,TOA PAYOH,4 ROOM,3600.00,43,1040000.00,24,2025-10-01,4.15
2025,10,TOA PAYOH,5 ROOM,4025.00,14,1130000.00,10,2025-10-01,4.27
2025,10,WOODLANDS,2 ROOM,2350.00,5,377500.00,2,2025-10-01,7.47
2025,10,WOODLANDS,3 ROOM,2450.00,20,404000.00,14,2025-10-01,7.28
2025,10,WOODLANDS,4 ROOM,3000.00,79,550000.00,45,2025-10-01,6.55
2025,10,WOODLANDS,5 ROOM,3300.00,48,652544.00,30,2025-10-01,6.07
2025,10,WOODLANDS,EXECUTIVE,3800.00,14,902500.00,8,2025-10-01,5.05
2025,10,YISHUN,2 ROOM,2250.00,7,350000.00,5,2025-10-01,7.71
2025,10,YISHUN,3 ROOM,2600.00,56,420000.00,27,2025-10-01,7.43
2025,10,YISHUN,4 ROOM,3125.00,68,570000.00,40,2025-10-01,6.58
2025,10,YISHUN,5 ROOM,3300.00,10,735888.00,15,2025-10-01,5.38
2025,10,YISHUN,EXECUTIVE,3750.00,7,930000.00,4,2025-10-01,4.84
2025,11,ANG MO KIO,2 ROOM,2000.00,2,357500.00,2,2025-11-01,6.71
2025,11,ANG MO KIO,3 ROOM,2800.00,89,445000.00,41,2025-11-01,7.55
2025,11,ANG MO KIO,4 ROOM,3400.00,39,615000.00,15,2025-11-01,6.63
2025,11,ANG MO KIO,5 ROOM,3800.00,18,745000.00,3,2025-11-01,6.12
2025,11,BEDOK,3 ROOM,2800.00,95,431000.00,28,2025-11-01,7.80
2025,11,BEDOK,4 ROOM,3300.00,49,560000.00,20,2025-11-01,7.07
2025,11,BEDOK,5 ROOM,3600.00,21,845000.00,16,2025-11-01,5.11
2025,11,BEDOK,EXECUTIVE,3200.00,3,965000.00,2,2025-11-01,3.98
2025,11,BISHAN,3 ROOM,2800.00,12,557000.00,9,2025-11-01,6.03
2025,11,BISHAN,4 ROOM,3650.00,34,840000.00,9,2025-11-01,5.21
2025,11,BISHAN,5 ROOM,3625.00,18,1050000.00,7,2025-11-01,4.14
2025,11,BISHAN,EXECUTIVE,4550.00,2,1200000.00,5,2025-11-01,4.55
2025,11,BUKIT BATOK,2 ROOM,2550.00,8,367500.00,6,2025-11-01,8.33
2025,11,BUKIT BATOK,3 ROOM,2700.00,51,412000.00,25,2025-11-01,7.86
2025,11,BUKIT BATOK,4 ROOM,3300.00,48,604000.00,38,2025-11-01,6.56
2025,11,BUKIT BATOK,5 ROOM,3400.00,10,814444.00,14,2025-11-01,5.01
2025,11,BUKIT BATOK,EXECUTIVE,3900.00,7,926888.00,5,2025-11-01,5.05
2025,11,BUKIT MERAH,2 ROOM,2325.00,10,292500.00,4,2025-11-01,9.54
2025,11,BUKIT MERAH,3 ROOM,3000.00,73,448000.00,23,2025-11-01,8.04
2025,11,BUKIT MERAH,4 ROOM,3900.00,51,906000.00,25,2025-11-01,5.17
2025,11,BUKIT MERAH,5 ROOM,4275.00,32,1234000.00,15,2025-11-01,4.16
2025,11,BUKIT PANJANG,2 ROOM,2150.00,4,383000.00,1,2025-11-01,6.74
2025,11,BUKIT PANJANG,3 ROOM,2525.00,6,500000.00,9,2025-11-01,6.06
2025,11,BUKIT PANJANG,4 ROOM,3000.00,34,585000.00,32,2025-11-01,6.15
2025,11,BUKIT PANJANG,5 ROOM,3200.00,19,729400.00,12,2025-11-01,5.26
2025,11,BUKIT PANJANG,EXECUTIVE,3500.00,8,854000.00,4,2025-11-01,4.92
2025,11,BUKIT TIMAH,3 ROOM,3000.00,3,523000.00,1,2025-11-01,6.88
2025,11,BUKIT TIMAH,4 ROOM,3600.00,7,960888.00,1,2025-11-01,4.50
2025,11,BUKIT TIMAH,EXECUTIVE,4400.00,4,1288000.00,1,2025-11-01,4.10
2025,11,CENTRAL AREA,2 ROOM,2300.00,3,355000.00,2,2025-11-01,7.77
2025,11,CENTRAL AREA,3 ROOM,3200.00,12,517500.00,6,2025-11-01,7.42
2025,11,CENTRAL AREA,4 ROOM,3625.00,12,610000.00,1,2025-11-01,7.13
2025,11,CENTRAL AREA,5 ROOM,5000.00,2,1490000.00,1,2025-11-01,4.03
2025,11,CHOA CHU KANG,3 ROOM,2800.00,9,508000.00,3,2025-11-01,6.61
2025,11,CHOA CHU KANG,4 ROOM,3100.00,59,548000.00,35,2025-11-01,6.79
2025,11,CHOA CHU KANG,5 ROOM,3200.00,34,676500.00,22,2025-11-01,5.68
2025,11,CHOA CHU KANG,EXECUTIVE,3575.00,16,890000.00,3,2025-11-01,4.82
2025,11,CLEMENTI,3 ROOM,3000.00,56,416500.00,14,2025-11-01,8.64
2025,11,CLEMENTI,4 ROOM,3825.00,28,960000.00,15,2025-11-01,4.78
2025,11,CLEMENTI,5 ROOM,4150.00,8,1150000.00,11,2025-11-01,4.33
2025,11,GEYLANG,2 ROOM,2100.00,3,295444.00,4,2025-11-01,8.53
2025,11,GEYLANG,3 ROOM,2800.00,50,340000.00,27,2025-11-01,9.88
2025,11,GEYLANG,4 ROOM,3500.00,20,675000.00,10,2025-11-01,6.22
2025,11,GEYLANG,5 ROOM,4100.00,9,825000.00,3,2025-11-01,5.96
2025,11,GEYLANG,EXECUTIVE,4000.00,3,998888.00,1,2025-11-01,4.81
2025,11,HOUGANG,2 ROOM,2250.00,4,348000.00,1,2025-11-01,7.76
2025,11,HOUGANG,3 ROOM,2700.00,42,455000.00,19,2025-11-01,7.12
2025,11,HOUGANG,4 ROOM,3300.00,68,610000.00,45,2025-11-01,6.49
2025,11,HOUGANG,5 ROOM,3325.00,20,814444.00,14,2025-11-01,4.90
2025,11,HOUGANG,EXECUTIVE,3200.00,7,1018444.00,8,2025-11-01,3.77
2025,11,JURONG EAST,3 ROOM,2900.00,17,454000.00,8,2025-11-01,7.67
2025,11,JURONG EAST,4 ROOM,3400.00,23,581500.00,14,2025-11-01,7.02
2025,11,JURONG EAST,5 ROOM,3650.00,24,674000.00,6,2025-11-01,6.50
2025,11,JURONG EAST,EXECUTIVE,4300.00,6,900000.00,2,2025-11-01,5.73
2025,11,JURONG WEST,2 ROOM,2050.00,5,387000.00,2,2025-11-01,6.36
2025,11,JURONG WEST,3 ROOM,2800.00,44,422500.00,22,2025-11-01,7.95
2025,11,JURONG WEST,4 ROOM,3500.00,71,535000.00,39,2025-11-01,7.85
2025,11,JURONG WEST,5 ROOM,3500.00,61,626500.00,26,2025-11-01,6.70
2025,11,JURONG WEST,EXECUTIVE,3700.00,27,819000.00,6,2025-11-01,5.42
2025,11,KALLANG/WHAMPOA,2 ROOM,2300.00,4,305000.00,1,2025-11-01,9.05
2025,11,KALLANG/WHAMPOA,3 ROOM,3000.00,62,462500.00,24,2025-11-01,7.78
2025,11,KALLANG/WHAMPOA,4 ROOM,3700.00,36,845000.00,21,2025-11-01,5.25
2025,11,KALLANG/WHAMPOA,5 ROOM,3950.00,20,832000.00,6,2025-11-01,5.70
2025,11,MARINE PARADE,3 ROOM,3000.00,15,470000.00,3,2025-11-01,7.66
2025,11,MARINE PARADE,4 ROOM,3500.00,9,709000.00,2,2025-11-01,5.92
2025,11,MARINE PARADE,5 ROOM,4100.00,8,919500.00,4,2025-11-01,5.35
2025,11,PASIR RIS,4 ROOM,3375.00,42,645000.00,21,2025-11-01,6.28
2025,11,PASIR RIS,5 ROOM,3500.00,27,761500.00,12,2025-11-01,5.52
2025,11,PASIR RIS,EXECUTIVE,3900.00,25,942500.00,10,2025-11-01,4.97
2025,11,PUNGGOL,2 ROOM,2275.00,12,397400.00,6,2025-11-01,6.87
2025,11,PUNGGOL,3 ROOM,2900.00,17,529000.00,10,2025-11-01,6.58
2025,11,PUNGGOL,4 ROOM,3200.00,59,685000.00,51,2025-11-01,5.61
2025,11,PUNGGOL,5 ROOM,3300.00,63,700000.00,29,2025-11-01,5.66
2025,11,PUNGGOL,EXECUTIVE,3400.00,3,835000.00,1,2025-11-01,4.89
2025,11,QUEENSTOWN,3 ROOM,3000.00,68,405000.00,16,2025-11-01,8.89
2025,11,QUEENSTOWN,4 ROOM,4100.00,36,1020000.00,19,2025-11-01,4.82
2025,11,QUEENSTOWN,5 ROOM,4300.00,14,1199444.00,6,2025-11-01,4.30
2025,11,SEMBAWANG,2 ROOM,2290.00,12,375000.00,13,2025-11-01,7.33
2025,11,SEMBAWANG,3 ROOM,2800.00,1,547944.00,6,2025-11-01,6.13
2025,11,SEMBAWANG,4 ROOM,3000.00,36,607500.00,30,2025-11-01,5.93
2025,11,SEMBAWANG,5 ROOM,3300.00,34,626444.00,26,2025-11-01,6.32
2025,11,SEMBAWANG,EXECUTIVE,3350.00,8,748888.00,7,2025-11-01,5.37
2025,11,SENGKANG,2 ROOM,2325.00,8,365000.00,5,2025-11-01,7.64
2025,11,SENGKANG,3 ROOM,2800.00,11,550000.00,11,2025-11-01,6.11
2025,11,SENGKANG,4 ROOM,3200.00,87,656500.00,52,2025-11-01,5.85
2025,11,SENGKANG,5 ROOM,3300.00,95,722500.00,32,2025-11-01,5.48
2025,11,SENGKANG,EXECUTIVE,3300.00,16,845000.00,4,2025-11-01,4.69
2025,11,SERANGOON,3 ROOM,2700.00,22,460000.00,7,2025-11-01,7.04
2025,11,SERANGOON,4 ROOM,3500.00,31,635000.00,14,2025-11-01,6.61
2025,11,SERANGOON,5 ROOM,3625.00,8,794000.00,6,2025-11-01,5.48
2025,11,SERANGOON,EXECUTIVE,3900.00,6,1086944.00,2,2025-11-01,4.31
2025,11,TAMPINES,3 ROOM,2800.00,81,493444.00,24,2025-11-01,6.81
2025,11,TAMPINES,4 ROOM,3400.00,89,678000.00,50,2025-11-01,6.02
2025,11,TAMPINES,5 ROOM,3700.00,53,775000.00,35,2025-11-01,5.73
2025,11,TAMPINES,EXECUTIVE,4100.00,10,975000.00,12,2025-11-01,5.05
2025,11,TOA PAYOH,2 ROOM,2275.00,2,280000.00,1,2025-11-01,9.75
2025,11,TOA PAYOH,3 ROOM,2800.00,80,399000.00,37,2025-11-01,8.42
2025,11,TOA PAYOH,4 ROOM,3450.00,30,868000.00,43,2025-11-01,4.77
2025,11,TOA PAYOH,5 ROOM,3950.00,26,1068000.00,5,2025-11-01,4.44
2025,11,WOODLANDS,2 ROOM,2225.00,12,382500.00,2,2025-11-01,6.98
2025,11,WOODLANDS,3 ROOM,2450.00,24,468888.00,13,2025-11-01,6.27
2025,11,WOODLANDS,4 ROOM,3100.00,63,562000.00,67,2025-11-01,6.62
2025,11,WOODLANDS,5 ROOM,3300.00,59,685000.00,31,2025-11-01,5.78
2025,11,WOODLANDS,EXECUTIVE,3500.00,12,894888.00,6,2025-11-01,4.69
2025,11,YISHUN,2 ROOM,2350.00,7,368500.00,4,2025-11-01,7.65
2025,11,YISHUN,3 ROOM,2550.00,49,432500.00,38,2025-11-01,7.08
2025,11,YISHUN,4 ROOM,3000.00,61,557500.00,62,2025-11-01,6.46
2025,11,YISHUN,5 ROOM,3300.00,25,715000.00,11,2025-11-01,5.54
2025,11,YISHUN,EXECUTIVE,3900.00,13,945000.00,4,2025-11-01,4.95
2025,12,ANG MO KIO,2 ROOM,2300.00,3,326500.00,2,2025-12-01,8.45
2025,12,ANG MO KIO,3 ROOM,2800.00,120,432944.00,36,2025-12-01,7.76
2025,12,ANG MO KIO,4 ROOM,3300.00,39,596500.00,16,2025-12-01,6.64
2025,12,ANG MO KIO,5 ROOM,3700.00,15,936944.00,16,2025-12-01,4.74
2025,12,BEDOK,2 ROOM,1950.00,3,325000.00,1,2025-12-01,7.20
2025,12,BEDOK,3 ROOM,2700.00,87,426500.00,50,2025-12-01,7.60
2025,12,BEDOK,4 ROOM,3300.00,57,672500.00,48,2025-12-01,5.89
2025,12,BEDOK,5 ROOM,3800.00,26,715000.00,16,2025-12-01,6.38
2025,12,BEDOK,EXECUTIVE,4200.00,9,970000.00,9,2025-12-01,5.20
2025,12,BISHAN,3 ROOM,3000.00,16,540000.00,5,2025-12-01,6.67
2025,12,BISHAN,4 ROOM,3600.00,34,825000.00,13,2025-12-01,5.24
2025,12,BISHAN,5 ROOM,4000.00,13,980000.00,7,2025-12-01,4.90
2025,12,BISHAN,EXECUTIVE,5150.00,2,1284000.00,6,2025-12-01,4.81
2025,12,BUKIT BATOK,2 ROOM,2450.00,11,380000.00,6,2025-12-01,7.74
2025,12,BUKIT BATOK,3 ROOM,2700.00,47,419000.00,26,2025-12-01,7.73
2025,12,BUKIT BATOK,4 ROOM,3325.00,44,621500.00,42,2025-12-01,6.42
2025,12,BUKIT BATOK,5 ROOM,3500.00,19,820000.00,19,2025-12-01,5.12
2025,12,BUKIT BATOK,EXECUTIVE,3900.00,2,832500.00,4,2025-12-01,5.62
2025,12,BUKIT MERAH,2 ROOM,2300.00,5,291944.00,4,2025-12-01,9.45
2025,12,BUKIT MERAH,3 ROOM,3000.00,81,414000.00,30,2025-12-01,8.70
2025,12,BUKIT MERAH,4 ROOM,3750.00,48,923000.00,25,2025-12-01,4.88
2025,12,BUKIT MERAH,5 ROOM,4100.00,25,1080000.00,11,2025-12-01,4.56
2025,12,BUKIT PANJANG,3 ROOM,2500.00,18,467500.00,12,2025-12-01,6.42
2025,12,BUKIT PANJANG,4 ROOM,3050.00,43,560000.00,26,2025-12-01,6.54
2025,12,BUKIT PANJANG,5 ROOM,3300.00,26,695000.00,15,2025-12-01,5.70
2025,12,BUKIT PANJANG,EXECUTIVE,3600.00,7,875000.00,7,2025-12-01,4.94
2025,12,BUKIT TIMAH,3 ROOM,3200.00,3,560000.00,1,2025-12-01,6.86
2025,12,BUKIT TIMAH,4 ROOM,3700.00,3,923000.00,2,2025-12-01,4.81
2025,12,BUKIT TIMAH,5 ROOM,4300.00,1,990000.00,1,2025-12-01,5.21
2025,12,BUKIT TIMAH,EXECUTIVE,4400.00,2,1390000.00,1,2025-12-01,3.80
2025,12,CENTRAL AREA,3 ROOM,3250.00,38,562500.00,6,2025-12-01,6.93
2025,12,CENTRAL AREA,4 ROOM,4000.00,23,1025000.00,6,2025-12-01,4.68
2025,12,CENTRAL AREA,5 ROOM,5275.00,8,1128000.00,1,2025-12-01,5.61
2025,12,CHOA CHU KANG,2 ROOM,2300.00,2,340000.00,1,2025-12-01,8.12
2025,12,CHOA CHU KANG,3 ROOM,2500.00,3,446450.00,2,2025-12-01,6.72
2025,12,CHOA CHU KANG,4 ROOM,3100.00,46,572500.00,29,2025-12-01,6.50
2025,12,CHOA CHU KANG,5 ROOM,3300.00,41,683400.00,36,2025-12-01,5.79
2025,12,CHOA CHU KANG,EXECUTIVE,3600.00,10,859000.00,10,2025-12-01,5.03
2025,12,CLEMENTI,3 ROOM,3000.00,68,419000.00,12,2025-12-01,8.59
2025,12,CLEMENTI,4 ROOM,4000.00,36,594000.00,16,2025-12-01,8.08
2025,12,CLEMENTI,5 ROOM,4200.00,14,1135000.00,12,2025-12-01,4.44
2025,12,CLEMENTI,EXECUTIVE,2750.00,2,1070000.00,1,2025-12-01,3.08
2025,12,GEYLANG,2 ROOM,2650.00,2,282500.00,2,2025-12-01,11.26
2025,12,GEYLANG,3 ROOM,2800.00,56,448888.00,27,2025-12-01,7.49
2025,12,GEYLANG,4 ROOM,3600.00,29,633000.00,19,2025-12-01,6.82
2025,12,GEYLANG,5 ROOM,4150.00,14,915000.00,11,2025-12-01,5.44
2025,12,HOUGANG,2 ROOM,2500.00,5,406000.00,4,2025-12-01,7.39
2025,12,HOUGANG,3 ROOM,2675.00,38,488000.00,21,2025-12-01,6.58
2025,12,HOUGANG,4 ROOM,3200.00,57,618500.00,46,2025-12-01,6.21
2025,12,HOUGANG,5 ROOM,3500.00,27,790000.00,18,2025-12-01,5.32
2025,12,HOUGANG,EXECUTIVE,3925.00,10,969000.00,8,2025-12-01,4.86
2025,12,JURONG EAST,2 ROOM,2225.00,2,368888.00,1,2025-12-01,7.24
2025,12,JURONG EAST,3 ROOM,2800.00,30,402500.00,12,2025-12-01,8.35
2025,12,JURONG EAST,4 ROOM,3500.00,31,535000.00,8,2025-12-01,7.85
2025,12,JURONG EAST,5 ROOM,3750.00,24,648000.00,9,2025-12-01,6.94
2025,12,JURONG WEST,2 ROOM,2200.00,2,375000.00,3,2025-12-01,7.04
2025,12,JURONG WEST,3 ROOM,2650.00,40,387500.00,32,2025-12-01,8.21
2025,12,JURONG WEST,4 ROOM,3500.00,78,549000.00,40,2025-12-01,7.65
2025,12,JURONG WEST,5 ROOM,3775.00,84,648888.00,43,2025-12-01,6.98
2025,12,JURONG WEST,EXECUTIVE,3750.00,22,806000.00,10,2025-12-01,5.58
2025,12,KALLANG/WHAMPOA,3 ROOM,3000.00,55,486944.00,32,2025-12-01,7.39
2025,12,KALLANG/WHAMPOA,4 ROOM,3600.00,45,965944.00,18,2025-12-01,4.47
2025,12,KALLANG/WHAMPOA,5 ROOM,4100.00,15,1119000.00,14,2025-12-01,4.40
2025,12,MARINE PARADE,3 ROOM,3000.00,22,497500.00,6,2025-12-01,7.24
2025,12,MARINE PARADE,4 ROOM,3600.00,11,657500.00,2,2025-12-01,6.57
2025,12,MARINE PARADE,5 ROOM,4150.00,4,1014444.00,2,2025-12-01,4.91
2025,12,PASIR RIS,3 ROOM,2750.00,2,600000.00,1,2025-12-01,5.50
2025,12,PASIR RIS,4 ROOM,3300.00,31,636888.00,27,2025-12-01,6.22
2025,12,PASIR RIS,5 ROOM,3600.00,31,715000.00,27,2025-12-01,6.04
2025,12,PASIR RIS,EXECUTIVE,3800.00,17,925000.00,13,2025-12-01,4.93
2025,12,PUNGGOL,2 ROOM,2500.00,7,396000.00,8,2025-12-01,7.58
2025,12,PUNGGOL,3 ROOM,2900.00,12,568000.00,15,2025-12-01,6.13
2025,12,PUNGGOL,4 ROOM,3200.00,59,678000.00,66,2025-12-01,5.66
2025,12,PUNGGOL,5 ROOM,3200.00,61,750000.00,39,2025-12-01,5.12
2025,12,QUEENSTOWN,3 ROOM,3000.00,78,405000.00,26,2025-12-01,8.89
2025,12,QUEENSTOWN,4 ROOM,4000.00,37,956944.00,30,2025-12-01,5.02
2025,12,QUEENSTOWN,5 ROOM,4500.00,11,1280000.00,9,2025-12-01,4.22
2025,12,SEMBAWANG,2 ROOM,2350.00,14,400000.00,5,2025-12-01,7.05
2025,12,SEMBAWANG,3 ROOM,2850.00,4,530000.00,11,2025-12-01,6.45
2025,12,SEMBAWANG,4 ROOM,3000.00,37,607500.00,36,2025-12-01,5.93
2025,12,SEMBAWANG,5 ROOM,3300.00,29,640000.00,17,2025-12-01,6.19
2025,12,SEMBAWANG,EXECUTIVE,3400.00,12,772500.00,4,2025-12-01,5.28
2025,12,SENGKANG,2 ROOM,2500.00,4,405000.00,5,2025-12-01,7.41
2025,12,SENGKANG,3 ROOM,2700.00,8,525500.00,6,2025-12-01,6.17
2025,12,SENGKANG,4 ROOM,3095.00,86,641000.00,80,2025-12-01,5.79
2025,12,SENGKANG,5 ROOM,3300.00,81,720000.00,63,2025-12-01,5.50
2025,12,SENGKANG,EXECUTIVE,3350.00,13,855000.00,4,2025-12-01,4.70
2025,12,SERANGOON,3 ROOM,2800.00,20,474000.00,10,2025-12-01,7.09
2025,12,SERANGOON,4 ROOM,3500.00,35,625000.00,21,2025-12-01,6.72
2025,12,SERANGOON,5 ROOM,3400.00,7,822500.00,2,2025-12-01,4.96
2025,12,SERANGOON,EXECUTIVE,3600.00,3,1131444.00,4,2025-12-01,3.82
2025,12,TAMPINES,3 ROOM,2800.00,61,499000.00,27,2025-12-01,6.73
2025,12,TAMPINES,4 ROOM,3400.00,67,640000.00,73,2025-12-01,6.38
2025,12,TAMPINES,5 ROOM,3750.00,63,820000.00,44,2025-12-01,5.49
2025,12,TAMPINES,EXECUTIVE,4000.00,15,1044444.00,14,2025-12-01,4.60
2025,12,TOA PAYOH,3 ROOM,3000.00,71,395900.00,40,2025-12-01,9.09
2025,12,TOA PAYOH,4 ROOM,3600.00,39,1076500.00,28,2025-12-01,4.01
2025,12,TOA PAYOH,5 ROOM,4175.00,18,1003444.00,18,2025-12-01,4.99
2025,12,TOA PAYOH,EXECUTIVE,3900.00,3,950000.00,1,2025-12-01,4.93
2025,12,WOODLANDS,2 ROOM,2100.00,3,380000.00,8,2025-12-01,6.63
2025,12,WOODLANDS,3 ROOM,2500.00,20,440000.00,13,2025-12-01,6.82
2025,12,WOODLANDS,4 ROOM,3100.00,62,553000.00,77,2025-12-01,6.73
2025,12,WOODLANDS,5 ROOM,3200.00,46,651444.00,38,2025-12-01,5.89
2025,12,WOODLANDS,EXECUTIVE,3600.00,9,942888.00,15,2025-12-01,4.58
2025,12,YISHUN,2 ROOM,2300.00,9,380500.00,4,2025-12-01,7.25
2025,12,YISHUN,3 ROOM,2650.00,57,440000.00,27,2025-12-01,7.23
2025,12,YISHUN,4 ROOM,3100.00,75,565000.00,55,2025-12-01,6.58
2025,12,YISHUN,5 ROOM,3350.00,17,725000.00,25,2025-12-01,5.54
2025,12,YISHUN,EXECUTIVE,3300.00,9,909444.00,4,2025-12-01,4.35
2026,1,ANG MO KIO,2 ROOM,1175.00,2,345000.00,1,2026-01-01,4.09
2026,1,ANG MO KIO,3 ROOM,2800.00,103,435000.00,31,2026-01-01,7.72
2026,1,ANG MO KIO,4 ROOM,3500.00,38,607500.00,26,2026-01-01,6.91
2026,1,ANG MO KIO,5 ROOM,3825.00,24,929000.00,8,2026-01-01,4.94
2026,1,ANG MO KIO,EXECUTIVE,3800.00,1,1201888.00,1,2026-01-01,3.79
2026,1,BEDOK,2 ROOM,2450.00,3,318888.00,1,2026-01-01,9.22
2026,1,BEDOK,3 ROOM,2800.00,94,434500.00,44,2026-01-01,7.73
2026,1,BEDOK,4 ROOM,3300.00,50,574000.00,56,2026-01-01,6.90
2026,1,BEDOK,5 ROOM,3725.00,24,830000.00,15,2026-01-01,5.39
2026,1,BEDOK,EXECUTIVE,4000.00,9,1100000.00,3,2026-01-01,4.36
2026,1,BISHAN,3 ROOM,2900.00,17,465000.00,7,2026-01-01,7.48
2026,1,BISHAN,4 ROOM,3600.00,27,810000.00,15,2026-01-01,5.33
2026,1,BISHAN,5 ROOM,4100.00,15,970000.00,7,2026-01-01,5.07
2026,1,BISHAN,EXECUTIVE,3900.00,4,1335000.00,4,2026-01-01,3.51
2026,1,BUKIT BATOK,2 ROOM,2400.00,13,383500.00,8,2026-01-01,7.51
2026,1,BUKIT BATOK,3 ROOM,2800.00,55,418888.00,23,2026-01-01,8.02
2026,1,BUKIT BATOK,4 ROOM,3100.00,55,630000.00,52,2026-01-01,5.90
2026,1,BUKIT BATOK,5 ROOM,3700.00,15,855000.00,28,2026-01-01,5.19
2026,1,BUKIT BATOK,EXECUTIVE,4000.00,6,969444.00,6,2026-01-01,4.95
2026,1,BUKIT MERAH,2 ROOM,2300.00,7,278000.00,1,2026-01-01,9.93
2026,1,BUKIT MERAH,3 ROOM,2900.00,78,430000.00,31,2026-01-01,8.09
2026,1,BUKIT MERAH,4 ROOM,4000.00,54,936944.00,30,2026-01-01,5.12
2026,1,BUKIT MERAH,5 ROOM,4200.00,35,1085000.00,11,2026-01-01,4.65
2026,1,BUKIT PANJANG,2 ROOM,2400.00,1,380000.00,3,2026-01-01,7.58
2026,1,BUKIT PANJANG,3 ROOM,2550.00,11,500000.00,11,2026-01-01,6.12
2026,1,BUKIT PANJANG,4 ROOM,3000.00,35,570000.00,33,2026-01-01,6.32
2026,1,BUKIT PANJANG,5 ROOM,3250.00,35,680000.00,14,2026-01-01,5.74
2026,1,BUKIT PANJANG,EXECUTIVE,3425.00,8,822000.00,9,2026-01-01,5.00
2026,1,BUKIT TIMAH,3 ROOM,2850.00,4,460000.00,2,2026-01-01,7.43
2026,1,BUKIT TIMAH,4 ROOM,3500.00,5,970000.00,1,2026-01-01,4.33
2026,1,BUKIT TIMAH,5 ROOM,4150.00,2,1188000.00,1,2026-01-01,4.19
2026,1,CENTRAL AREA,3 ROOM,3250.00,30,566000.00,7,2026-01-01,6.89
2026,1,CENTRAL AREA,4 ROOM,4350.00,22,802000.00,11,2026-01-01,6.51
2026,1,CENTRAL AREA,5 ROOM,4900.00,7,1190000.00,2,2026-01-01,4.94
2026,1,CHOA CHU KANG,3 ROOM,2625.00,4,458000.00,7,2026-01-01,6.88
2026,1,CHOA CHU KANG,4 ROOM,3150.00,60,560000.00,53,2026-01-01,6.75
2026,1,CHOA CHU KANG,5 ROOM,3200.00,36,690000.00,37,2026-01-01,5.57
2026,1,CHOA CHU KANG,EXECUTIVE,3300.00,9,789000.00,10,2026-01-01,5.02
2026,1,CLEMENTI,3 ROOM,2925.00,50,435000.00,22,2026-01-01,8.07
2026,1,CLEMENTI,4 ROOM,4000.00,32,790500.00,20,2026-01-01,6.07
2026,1,CLEMENTI,5 ROOM,4300.00,12,921000.00,6,2026-01-01,5.60
2026,1,GEYLANG,2 ROOM,900.00,1,305144.00,2,2026-01-01,3.54
2026,1,GEYLANG,3 ROOM,2950.00,49,395000.00,34,2026-01-01,8.96
2026,1,GEYLANG,4 ROOM,3650.00,30,711444.00,26,2026-01-01,6.16
2026,1,GEYLANG,5 ROOM,3650.00,7,905000.00,11,2026-01-01,4.84
2026,1,GEYLANG,EXECUTIVE,4250.00,2,850000.00,1,2026-01-01,6.00
2026,1,HOUGANG,2 ROOM,2350.00,3,380000.00,5,2026-01-01,7.42
2026,1,HOUGANG,3 ROOM,2525.00,40,443000.00,25,2026-01-01,6.84
2026,1,HOUGANG,4 ROOM,3200.00,63,620444.00,50,2026-01-01,6.19
2026,1,HOUGANG,5 ROOM,3500.00,24,778500.00,24,2026-01-01,5.39
2026,1,HOUGANG,EXECUTIVE,3900.00,13,911500.00,10,2026-01-01,5.13
2026,1,JURONG EAST,3 ROOM,2800.00,31,415000.00,17,2026-01-01,8.10
2026,1,JURONG EAST,4 ROOM,3425.00,24,537500.00,14,2026-01-01,7.65
2026,1,JURONG EAST,5 ROOM,3700.00,23,798000.00,11,2026-01-01,5.56
2026,1,JURONG EAST,EXECUTIVE,4300.00,3,1035000.00,4,2026-01-01,4.99
2026,1,JURONG WEST,2 ROOM,2450.00,3,355000.00,1,2026-01-01,8.28
2026,1,JURONG WEST,3 ROOM,2700.00,39,389000.00,28,2026-01-01,8.33
2026,1,JURONG WEST,4 ROOM,3400.00,73,535000.00,54,2026-01-01,7.63
2026,1,JURONG WEST,5 ROOM,3600.00,88,645458.00,38,2026-01-01,6.69
2026,1,JURONG WEST,EXECUTIVE,3850.00,22,800000.00,17,2026-01-01,5.78
2026,1,KALLANG/WHAMPOA,2 ROOM,2700.00,3,360000.00,1,2026-01-01,9.00
2026,1,KALLANG/WHAMPOA,3 ROOM,3000.00,70,448000.00,25,2026-01-01,8.04
2026,1,KALLANG/WHAMPOA,4 ROOM,3950.00,36,950000.00,33,2026-01-01,4.99
2026,1,KALLANG/WHAMPOA,5 ROOM,4250.00,18,967000.00,10,2026-01-01,5.27
2026,1,KALLANG/WHAMPOA,EXECUTIVE,4150.00,2,960000.00,1,2026-01-01,5.19
2026,1,MARINE PARADE,3 ROOM,3000.00,19,460000.00,6,2026-01-01,7.83
2026,1,MARINE PARADE,4 ROOM,3200.00,10,587500.00,6,2026-01-01,6.54
2026,1,MARINE PARADE,5 ROOM,4375.00,6,1050000.00,2,2026-01-01,5.00
2026,1,PASIR RIS,3 ROOM,2800.00,4,630000.00,5,2026-01-01,5.33
2026,1,PASIR RIS,4 ROOM,3300.00,32,635000.00,29,2026-01-01,6.24
2026,1,PASIR RIS,5 ROOM,3500.00,30,755400.00,20,2026-01-01,5.56
2026,1,PASIR RIS,EXECUTIVE,3650.00,26,926000.00,18,2026-01-01,4.73
2026,1,PUNGGOL,2 ROOM,2200.00,10,410000.00,12,2026-01-01,6.44
2026,1,PUNGGOL,3 ROOM,2800.00,15,540000.00,17,2026-01-01,6.22
2026,1,PUNGGOL,4 ROOM,3225.00,64,700000.00,95,2026-01-01,5.53
2026,1,PUNGGOL,5 ROOM,3300.00,66,784000.00,34,2026-01-01,5.05
2026,1,PUNGGOL,EXECUTIVE,3300.00,4,836000.00,3,2026-01-01,4.74
2026,1,QUEENSTOWN,2 ROOM,2500.00,5,407500.00,2,2026-01-01,7.36
2026,1,QUEENSTOWN,3 ROOM,3000.00,98,535000.00,32,2026-01-01,6.73
2026,1,QUEENSTOWN,4 ROOM,4200.00,23,1081444.00,28,2026-01-01,4.66
2026,1,QUEENSTOWN,5 ROOM,4600.00,15,1038500.00,2,2026-01-01,5.32
2026,1,QUEENSTOWN,EXECUTIVE,5500.00,1,1210000.00,1,2026-01-01,5.45
2026,1,SEMBAWANG,2 ROOM,2320.00,10,370000.00,10,2026-01-01,7.52
2026,1,SEMBAWANG,3 ROOM,2900.00,4,525000.00,17,2026-01-01,6.63
2026,1,SEMBAWANG,4 ROOM,3100.00,30,590000.00,39,2026-01-01,6.31
2026,1,SEMBAWANG,5 ROOM,3200.00,24,675000.00,29,2026-01-01,5.69
2026,1,SEMBAWANG,EXECUTIVE,3350.00,11,760000.00,7,2026-01-01,5.29
2026,1,SENGKANG,2 ROOM,2400.00,4,389000.00,6,2026-01-01,7.40
2026,1,SENGKANG,3 ROOM,2900.00,9,539900.00,16,2026-01-01,6.45
2026,1,SENGKANG,4 ROOM,3200.00,99,635000.00,85,2026-01-01,6.05
2026,1,SENGKANG,5 ROOM,3300.00,88,710000.00,61,2026-01-01,5.58
2026,1,SENGKANG,EXECUTIVE,3575.00,22,852944.00,12,2026-01-01,5.03
2026,1,SERANGOON,3 ROOM,2800.00,37,475000.00,9,2026-01-01,7.07
2026,1,SERANGOON,4 ROOM,3400.00,41,634000.00,12,2026-01-01,6.44
2026,1,SERANGOON,5 ROOM,3600.00,10,793000.00,4,2026-01-01,5.45
2026,1,SERANGOON,EXECUTIVE,3650.00,2,1090000.00,6,2026-01-01,4.02
2026,1,TAMPINES,3 ROOM,2850.00,65,495000.00,33,2026-01-01,6.91
2026,1,TAMPINES,4 ROOM,3500.00,76,668000.00,77,2026-01-01,6.29
2026,1,TAMPINES,5 ROOM,3600.00,48,787500.00,52,2026-01-01,5.49
2026,1,TAMPINES,EXECUTIVE,3775.00,14,990000.00,14,2026-01-01,4.58
2026,1,TOA PAYOH,2 ROOM,2300.00,3,275000.00,2,2026-01-01,10.04
2026,1,TOA PAYOH,3 ROOM,2800.00,91,365000.00,39,2026-01-01,9.21
2026,1,TOA PAYOH,4 ROOM,3700.00,51,960000.00,43,2026-01-01,4.62
2026,1,TOA PAYOH,5 ROOM,3900.00,19,920000.00,6,2026-01-01,5.09
2026,1,TOA PAYOH,EXECUTIVE,3450.00,2,950888.00,1,2026-01-01,4.35
2026,1,WOODLANDS,2 ROOM,2350.00,6,374500.00,2,2026-01-01,7.53
2026,1,WOODLANDS,3 ROOM,2550.00,16,417500.00,22,2026-01-01,7.33
2026,1,WOODLANDS,4 ROOM,3100.00,59,540000.00,93,2026-01-01,6.89
2026,1,WOODLANDS,5 ROOM,3200.00,50,646944.00,56,2026-01-01,5.94
2026,1,WOODLANDS,EXECUTIVE,3550.00,15,902500.00,18,2026-01-01,4.72
2026,1,YISHUN,2 ROOM,2200.00,5,355000.00,10,2026-01-01,7.44
2026,1,YISHUN,3 ROOM,2650.00,72,435000.00,37,2026-01-01,7.31
2026,1,YISHUN,4 ROOM,3100.00,72,568000.00,80,2026-01-01,6.55
2026,1,YISHUN,5 ROOM,3475.00,22,707500.00,16,2026-01-01,5.89
2026,1,YISHUN,EXECUTIVE,3800.00,7,872944.00,6,2026-01-01,5.22
2026,2,ANG MO KIO,2 ROOM,2250.00,2,325000.00,1,2026-02-01,8.31
2026,2,ANG MO KIO,3 ROOM,2800.00,79,456500.00,26,2026-02-01,7.36
2026,2,ANG MO KIO,4 ROOM,3600.00,27,742500.00,20,2026-02-01,5.82
2026,2,ANG MO KIO,5 ROOM,3700.00,12,1100000.00,11,2026-02-01,4.04
2026,2,BEDOK,3 ROOM,2800.00,68,425000.00,39,2026-02-01,7.91
2026,2,BEDOK,4 ROOM,3200.00,35,715000.00,31,2026-02-01,5.37
2026,2,BEDOK,5 ROOM,3500.00,22,805000.00,18,2026-02-01,5.22
2026,2,BEDOK,EXECUTIVE,4200.00,11,974000.00,2,2026-02-01,5.17
2026,2,BISHAN,3 ROOM,3000.00,18,530000.00,5,2026-02-01,6.79
2026,2,BISHAN,4 ROOM,3550.00,28,754000.00,12,2026-02-01,5.65
2026,2,BISHAN,5 ROOM,3950.00,10,1000000.00,5,2026-02-01,4.74
2026,2,BISHAN,EXECUTIVE,4500.00,1,1168000.00,1,2026-02-01,4.62
2026,2,BUKIT BATOK,2 ROOM,2400.00,11,386500.00,10,2026-02-01,7.45
2026,2,BUKIT BATOK,3 ROOM,2700.00,43,408000.00,29,2026-02-01,7.94
2026,2,BUKIT BATOK,4 ROOM,3300.00,45,645000.00,44,2026-02-01,6.14
2026,2,BUKIT BATOK,5 ROOM,3500.00,13,792444.00,18,2026-02-01,5.30
2026,2,BUKIT BATOK,EXECUTIVE,3550.00,4,849000.00,8,2026-02-01,5.02
2026,2,BUKIT MERAH,1 ROOM,2000.00,1,238888.00,1,2026-02-01,10.05
2026,2,BUKIT MERAH,2 ROOM,2150.00,6,255000.00,2,2026-02-01,10.12
2026,2,BUKIT MERAH,3 ROOM,3000.00,76,461000.00,26,2026-02-01,7.81
2026,2,BUKIT MERAH,4 ROOM,4000.00,48,880000.00,25,2026-02-01,5.45
2026,2,BUKIT MERAH,5 ROOM,4000.00,40,1081444.00,16,2026-02-01,4.44
2026,2,BUKIT PANJANG,3 ROOM,2600.00,15,476000.00,7,2026-02-01,6.55
2026,2,BUKIT PANJANG,4 ROOM,3000.00,30,545000.00,33,2026-02-01,6.61
2026,2,BUKIT PANJANG,5 ROOM,3100.00,17,720000.00,17,2026-02-01,5.17
2026,2,BUKIT PANJANG,EXECUTIVE,3500.00,3,850000.00,7,2026-02-01,4.94
2026,2,BUKIT TIMAH,3 ROOM,3200.00,5,460000.00,1,2026-02-01,8.35
2026,2,BUKIT TIMAH,5 ROOM,4500.00,2,1115000.00,1,2026-02-01,4.84
2026,2,CENTRAL AREA,3 ROOM,3200.00,24,515000.00,3,2026-02-01,7.46
2026,2,CENTRAL AREA,4 ROOM,4400.00,9,770000.00,3,2026-02-01,6.86
2026,2,CENTRAL AREA,5 ROOM,3400.00,1,1157500.00,2,2026-02-01,3.52
2026,2,CHOA CHU KANG,2 ROOM,2175.00,2,340000.00,1,2026-02-01,7.68
2026,2,CHOA CHU KANG,3 ROOM,2725.00,2,470000.00,7,2026-02-01,6.96
2026,2,CHOA CHU KANG,4 ROOM,3000.00,47,545000.00,35,2026-02-01,6.61
2026,2,CHOA CHU KANG,5 ROOM,3300.00,39,630000.00,21,2026-02-01,6.29
2026,2,CHOA CHU KANG,EXECUTIVE,3600.00,7,836500.00,10,2026-02-01,5.16
2026,2,CLEMENTI,3 ROOM,3000.00,76,425444.00,16,2026-02-01,8.46
2026,2,CLEMENTI,4 ROOM,3900.00,29,829500.00,16,2026-02-01,5.64
2026,2,CLEMENTI,5 ROOM,3800.00,12,826000.00,5,2026-02-01,5.52
2026,2,GEYLANG,3 ROOM,2950.00,28,375000.00,15,2026-02-01,9.44
2026,2,GEYLANG,4 ROOM,3500.00,31,916000.00,11,2026-02-01,4.59
2026,2,GEYLANG,5 ROOM,4050.00,7,960900.00,4,2026-02-01,5.06
2026,2,HOUGANG,2 ROOM,2800.00,1,370000.00,1,2026-02-01,9.08
2026,2,HOUGANG,3 ROOM,2700.00,42,460000.00,19,2026-02-01,7.04
2026,2,HOUGANG,4 ROOM,3250.00,63,625000.00,45,2026-02-01,6.24
2026,2,HOUGANG,5 ROOM,3500.00,29,820000.00,13,2026-02-01,5.12
2026,2,HOUGANG,EXECUTIVE,3500.00,5,925000.00,7,2026-02-01,4.54
2026,2,JURONG EAST,3 ROOM,2750.00,28,395888.00,12,2026-02-01,8.34
2026,2,JURONG EAST,4 ROOM,3350.00,18,545000.00,9,2026-02-01,7.38
2026,2,JURONG EAST,5 ROOM,3700.00,17,650000.00,7,2026-02-01,6.83
2026,2,JURONG EAST,EXECUTIVE,3950.00,2,898000.00,4,2026-02-01,5.28
2026,2,JURONG WEST,2 ROOM,2475.00,4,368000.00,2,2026-02-01,8.07
2026,2,JURONG WEST,3 ROOM,2700.00,27,395000.00,27,2026-02-01,8.20
2026,2,JURONG WEST,4 ROOM,3275.00,58,530000.00,37,2026-02-01,7.42
2026,2,JURONG WEST,5 ROOM,3600.00,69,620888.00,33,2026-02-01,6.96
2026,2,JURONG WEST,EXECUTIVE,3750.00,17,812944.00,10,2026-02-01,5.54
2026,2,KALLANG/WHAMPOA,2 ROOM,2600.00,3,315000.00,1,2026-02-01,9.90
2026,2,KALLANG/WHAMPOA,3 ROOM,2900.00,53,426000.00,14,2026-02-01,8.17
2026,2,KALLANG/WHAMPOA,4 ROOM,3700.00,20,929000.00,16,2026-02-01,4.78
2026,2,KALLANG/WHAMPOA,5 ROOM,4000.00,12,925000.00,9,2026-02-01,5.19
2026,2,KALLANG/WHAMPOA,EXECUTIVE,5000.00,1,880000.00,1,2026-02-01,6.82
2026,2,MARINE PARADE,3 ROOM,3300.00,17,480000.00,3,2026-02-01,8.25
2026,2,MARINE PARADE,4 ROOM,3550.00,6,580000.00,1,2026-02-01,7.34
2026,2,MARINE PARADE,5 ROOM,3600.00,3,890000.00,2,2026-02-01,4.85
2026,2,PASIR RIS,4 ROOM,3325.00,30,635888.00,23,2026-02-01,6.27
2026,2,PASIR RIS,5 ROOM,3525.00,26,727500.00,16,2026-02-01,5.81
2026,2,PASIR RIS,EXECUTIVE,3850.00,12,950000.00,7,2026-02-01,4.86
2026,2,PUNGGOL,2 ROOM,2400.00,9,391500.00,12,2026-02-01,7.36
2026,2,PUNGGOL,3 ROOM,2850.00,10,562888.00,11,2026-02-01,6.08
2026,2,PUNGGOL,4 ROOM,3300.00,51,680000.00,53,2026-02-01,5.82
2026,2,PUNGGOL,5 ROOM,3300.00,54,806500.00,30,2026-02-01,4.91
2026,2,PUNGGOL,EXECUTIVE,3175.00,4,873888.00,1,2026-02-01,4.36
2026,2,QUEENSTOWN,2 ROOM,3000.00,1,487500.00,2,2026-02-01,7.38
2026,2,QUEENSTOWN,3 ROOM,3025.00,50,460000.00,23,2026-02-01,7.89
2026,2,QUEENSTOWN,4 ROOM,4000.00,23,1015000.00,19,2026-02-01,4.73
2026,2,QUEENSTOWN,5 ROOM,4200.00,13,1051500.00,6,2026-02-01,4.79
2026,2,SEMBAWANG,2 ROOM,2300.00,9,405000.00,5,2026-02-01,6.81
2026,2,SEMBAWANG,3 ROOM,2800.00,2,532500.00,4,2026-02-01,6.31
2026,2,SEMBAWANG,4 ROOM,3100.00,33,585444.00,30,2026-02-01,6.35
2026,2,SEMBAWANG,5 ROOM,3300.00,19,630000.00,21,2026-02-01,6.29
2026,2,SEMBAWANG,EXECUTIVE,3500.00,7,799000.00,2,2026-02-01,5.26
2026,2,SENGKANG,2 ROOM,2225.00,6,400000.00,5,2026-02-01,6.68
2026,2,SENGKANG,3 ROOM,2900.00,13,555888.00,7,2026-02-01,6.26
2026,2,SENGKANG,4 ROOM,3200.00,80,626000.00,58,2026-02-01,6.13
2026,2,SENGKANG,5 ROOM,3300.00,79,729000.00,34,2026-02-01,5.43
2026,2,SENGKANG,EXECUTIVE,3650.00,6,848000.00,5,2026-02-01,5.17
2026,2,SERANGOON,3 ROOM,2850.00,18,515000.00,5,2026-02-01,6.64
2026,2,SERANGOON,4 ROOM,3400.00,26,680000.00,11,2026-02-01,6.00
2026,2,SERANGOON,5 ROOM,3500.00,6,980000.00,7,2026-02-01,4.29
2026,2,SERANGOON,EXECUTIVE,4425.00,2,1228000.00,1,2026-02-01,4.32
2026,2,TAMPINES,3 ROOM,2900.00,42,485000.00,20,2026-02-01,7.18
2026,2,TAMPINES,4 ROOM,3400.00,63,672500.00,54,2026-02-01,6.07
2026,2,TAMPINES,5 ROOM,3600.00,43,830000.00,37,2026-02-01,5.20
2026,2,TAMPINES,EXECUTIVE,4000.00,15,960000.00,18,2026-02-01,5.00
2026,2,TOA PAYOH,2 ROOM,2550.00,2,305000.00,2,2026-02-01,10.03
2026,2,TOA PAYOH,3 ROOM,3000.00,66,370000.00,21,2026-02-01,9.73
2026,2,TOA PAYOH,4 ROOM,3700.00,27,1005000.00,21,2026-02-01,4.42
2026,2,TOA PAYOH,5 ROOM,3825.00,12,1210000.00,9,2026-02-01,3.79
2026,2,WOODLANDS,2 ROOM,1900.00,3,370000.00,2,2026-02-01,6.16
2026,2,WOODLANDS,3 ROOM,2500.00,17,418000.00,19,2026-02-01,7.18
2026,2,WOODLANDS,4 ROOM,3100.00,53,568777.00,63,2026-02-01,6.54
2026,2,WOODLANDS,5 ROOM,3300.00,36,648000.00,29,2026-02-01,6.11
2026,2,WOODLANDS,EXECUTIVE,3700.00,13,946000.00,12,2026-02-01,4.69
2026,2,YISHUN,2 ROOM,2300.00,7,372000.00,3,2026-02-01,7.42
2026,2,YISHUN,3 ROOM,2700.00,55,426500.00,32,2026-02-01,7.60
2026,2,YISHUN,4 ROOM,3200.00,63,550000.00,55,2026-02-01,6.98
2026,2,YISHUN,5 ROOM,3450.00,27,680000.00,15,2026-02-01,6.09
2026,2,YISHUN,EXECUTIVE,3450.00,6,875000.00,9,2026-02-01,4.73
2026,3,ANG MO KIO,2 ROOM,2350.00,1,330000.00,1,2026-03-01,8.55
2026,3,ANG MO KIO,3 ROOM,2800.00,110,440000.00,29,2026-03-01,7.64
2026,3,ANG MO KIO,4 ROOM,3400.00,33,635000.00,37,2026-03-01,6.43
2026,3,ANG MO KIO,5 ROOM,3800.00,23,1120000.00,15,2026-03-01,4.07
2026,3,BEDOK,2 ROOM,2450.00,1,372500.00,2,2026-03-01,7.89
2026,3,BEDOK,3 ROOM,2800.00,99,420000.00,36,2026-03-01,8.00
2026,3,BEDOK,4 ROOM,3300.00,77,583000.00,33,2026-03-01,6.79
2026,3,BEDOK,5 ROOM,3700.00,25,770000.00,17,2026-03-01,5.77
2026,3,BEDOK,EXECUTIVE,3850.00,6,1000000.00,4,2026-03-01,4.62
2026,3,BISHAN,3 ROOM,3000.00,12,542000.00,3,2026-03-01,6.64
2026,3,BISHAN,4 ROOM,3675.00,32,820000.00,17,2026-03-01,5.38
2026,3,BISHAN,5 ROOM,3900.00,16,950000.00,9,2026-03-01,4.93
2026,3,BISHAN,EXECUTIVE,4600.00,2,1080000.00,3,2026-03-01,5.11
2026,3,BUKIT BATOK,2 ROOM,2500.00,17,370000.00,9,2026-03-01,8.11
2026,3,BUKIT BATOK,3 ROOM,2800.00,49,410000.00,26,2026-03-01,8.20
2026,3,BUKIT BATOK,4 ROOM,3200.00,54,665000.00,41,2026-03-01,5.77
2026,3,BUKIT BATOK,5 ROOM,3500.00,19,831444.00,28,2026-03-01,5.05
2026,3,BUKIT BATOK,EXECUTIVE,3800.00,7,899444.00,6,2026-03-01,5.07
2026,3,BUKIT MERAH,2 ROOM,2950.00,6,276000.00,3,2026-03-01,12.83
2026,3,BUKIT MERAH,3 ROOM,3000.00,77,463000.00,29,2026-03-01,7.78
2026,3,BUKIT MERAH,4 ROOM,3800.00,76,944000.00,32,2026-03-01,4.83
2026,3,BUKIT MERAH,5 ROOM,4300.00,24,1044444.00,16,2026-03-01,4.94
2026,3,BUKIT PANJANG,3 ROOM,2500.00,17,445000.00,9,2026-03-01,6.74
2026,3,BUKIT PANJANG,4 ROOM,3000.00,35,571500.00,34,2026-03-01,6.30
2026,3,BUKIT PANJANG,5 ROOM,3300.00,40,737000.00,21,2026-03-01,5.37
2026,3,BUKIT PANJANG,EXECUTIVE,3600.00,9,895000.00,2,2026-03-01,4.83
2026,3,BUKIT TIMAH,4 ROOM,3300.00,4,939000.00,2,2026-03-01,4.22
2026,3,BUKIT TIMAH,5 ROOM,4500.00,1,1118000.00,3,2026-03-01,4.83
2026,3,BUKIT TIMAH,EXECUTIVE,5000.00,1,1389000.00,2,2026-03-01,4.32
2026,3,CENTRAL AREA,3 ROOM,3000.00,17,510000.00,9,2026-03-01,7.06
2026,3,CENTRAL AREA,4 ROOM,4150.00,13,990000.00,6,2026-03-01,5.03
2026,3,CENTRAL AREA,5 ROOM,4000.00,5,1157500.00,2,2026-03-01,4.15
2026,3,CHOA CHU KANG,3 ROOM,2600.00,7,475000.00,6,2026-03-01,6.57
2026,3,CHOA CHU KANG,4 ROOM,3100.00,54,550000.00,33,2026-03-01,6.76
2026,3,CHOA CHU KANG,5 ROOM,3400.00,51,670000.00,31,2026-03-01,6.09
2026,3,CHOA CHU KANG,EXECUTIVE,3150.00,10,830000.00,9,2026-03-01,4.55
2026,3,CLEMENTI,3 ROOM,3000.00,87,456000.00,16,2026-03-01,7.89
2026,3,CLEMENTI,4 ROOM,3850.00,32,664000.00,16,2026-03-01,6.96
2026,3,CLEMENTI,5 ROOM,4200.00,13,1420000.00,4,2026-03-01,3.55
2026,3,CLEMENTI,EXECUTIVE,6600.00,1,1135000.00,1,2026-03-01,6.98
2026,3,GEYLANG,2 ROOM,2250.00,2,370000.00,1,2026-03-01,7.30
2026,3,GEYLANG,3 ROOM,2800.00,58,390000.00,29,2026-03-01,8.62
2026,3,GEYLANG,4 ROOM,3500.00,24,808888.00,29,2026-03-01,5.19
2026,3,GEYLANG,5 ROOM,4200.00,9,1328000.00,3,2026-03-01,3.80
2026,3,GEYLANG,EXECUTIVE,4990.00,1,1098000.00,1,2026-03-01,5.45
2026,3,HOUGANG,2 ROOM,2100.00,4,360000.00,3,2026-03-01,7.00
2026,3,HOUGANG,3 ROOM,2750.00,61,456000.00,19,2026-03-01,7.24
2026,3,HOUGANG,4 ROOM,3300.00,88,610000.00,43,2026-03-01,6.49
2026,3,HOUGANG,5 ROOM,3300.00,28,760000.00,21,2026-03-01,5.21
2026,3,HOUGANG,EXECUTIVE,3500.00,10,920000.00,7,2026-03-01,4.57
2026,3,JURONG EAST,2 ROOM,2100.00,4,340000.00,1,2026-03-01,7.41
2026,3,JURONG EAST,3 ROOM,2800.00,35,412500.00,20,2026-03-01,8.15
2026,3,JURONG EAST,4 ROOM,3475.00,34,575000.00,10,2026-03-01,7.25
2026,3,JURONG EAST,5 ROOM,3800.00,27,692500.00,12,2026-03-01,6.58
2026,3,JURONG EAST,EXECUTIVE,3800.00,7,1080000.00,1,2026-03-01,4.22
2026,3,JURONG WEST,2 ROOM,2300.00,9,325000.00,3,2026-03-01,8.49
2026,3,JURONG WEST,3 ROOM,2800.00,55,375000.00,25,2026-03-01,8.96
2026,3,JURONG WEST,4 ROOM,3425.00,96,540000.00,59,2026-03-01,7.61
2026,3,JURONG WEST,5 ROOM,3500.00,70,645000.00,41,2026-03-01,6.51
2026,3,JURONG WEST,EXECUTIVE,3800.00,13,783800.00,5,2026-03-01,5.82
2026,3,KALLANG/WHAMPOA,2 ROOM,2350.00,2,350000.00,1,2026-03-01,8.06
2026,3,KALLANG/WHAMPOA,3 ROOM,3000.00,61,468000.00,25,2026-03-01,7.69
2026,3,KALLANG/WHAMPOA,4 ROOM,3825.00,40,868000.00,23,2026-03-01,5.29
2026,3,KALLANG/WHAMPOA,5 ROOM,4000.00,14,915500.00,6,2026-03-01,5.24
2026,3,MARINE PARADE,3 ROOM,3100.00,22,438000.00,3,2026-03-01,8.49
2026,3,MARINE PARADE,4 ROOM,3650.00,4,705000.00,4,2026-03-01,6.21
2026,3,MARINE PARADE,5 ROOM,4050.00,5,1050000.00,1,2026-03-01,4.63
2026,3,PASIR RIS,3 ROOM,3125.00,2,340000.00,1,2026-03-01,11.03
2026,3,PASIR RIS,4 ROOM,3300.00,38,650444.00,32,2026-03-01,6.09
2026,3,PASIR RIS,5 ROOM,3600.00,37,730000.00,23,2026-03-01,5.92
2026,3,PASIR RIS,EXECUTIVE,3550.00,14,915000.00,17,2026-03-01,4.66
2026,3,PUNGGOL,2 ROOM,2300.00,11,386500.00,12,2026-03-01,7.14
2026,3,PUNGGOL,3 ROOM,3000.00,9,541000.00,17,2026-03-01,6.65
2026,3,PUNGGOL,4 ROOM,3200.00,65,660000.00,67,2026-03-01,5.82
2026,3,PUNGGOL,5 ROOM,3300.00,85,809000.00,36,2026-03-01,4.89
2026,3,PUNGGOL,EXECUTIVE,3400.00,4,796500.00,2,2026-03-01,5.12
2026,3,QUEENSTOWN,3 ROOM,3000.00,80,418000.00,38,2026-03-01,8.61
2026,3,QUEENSTOWN,4 ROOM,4200.00,37,994444.00,20,2026-03-01,5.07
2026,3,QUEENSTOWN,5 ROOM,4300.00,18,1330000.00,7,2026-03-01,3.88
2026,3,SEMBAWANG,2 ROOM,2400.00,17,373000.00,11,2026-03-01,7.72
2026,3,SEMBAWANG,3 ROOM,2550.00,2,520000.00,5,2026-03-01,5.88
2026,3,SEMBAWANG,4 ROOM,3100.00,32,620888.00,33,2026-03-01,5.99
2026,3,SEMBAWANG,5 ROOM,3300.00,35,653000.00,18,2026-03-01,6.06
2026,3,SEMBAWANG,EXECUTIVE,3525.00,10,760000.00,7,2026-03-01,5.57
2026,3,SENGKANG,2 ROOM,2200.00,5,410000.00,3,2026-03-01,6.44
2026,3,SENGKANG,3 ROOM,3000.00,9,539444.00,14,2026-03-01,6.67
2026,3,SENGKANG,4 ROOM,3200.00,98,650500.00,68,2026-03-01,5.90
2026,3,SENGKANG,5 ROOM,3300.00,96,703500.00,42,2026-03-01,5.63
2026,3,SENGKANG,EXECUTIVE,3600.00,15,858000.00,5,2026-03-01,5.03
2026,3,SERANGOON,3 ROOM,2900.00,33,428000.00,9,2026-03-01,8.13
2026,3,SERANGOON,4 ROOM,3350.00,44,655944.00,14,2026-03-01,6.13
2026,3,SERANGOON,5 ROOM,3700.00,17,806000.00,3,2026-03-01,5.51
2026,3,SERANGOON,EXECUTIVE,3700.00,7,1040000.00,6,2026-03-01,4.27
2026,3,TAMPINES,3 ROOM,2800.00,60,491500.00,32,2026-03-01,6.84
2026,3,TAMPINES,4 ROOM,3400.00,90,668000.00,65,2026-03-01,6.11
2026,3,TAMPINES,5 ROOM,3700.00,68,821000.00,38,2026-03-01,5.41
2026,3,TAMPINES,EXECUTIVE,4000.00,15,930000.00,5,2026-03-01,5.16
2026,3,TOA PAYOH,2 ROOM,2300.00,3,272500.00,3,2026-03-01,10.13
2026,3,TOA PAYOH,3 ROOM,2950.00,85,380000.00,34,2026-03-01,9.32
2026,3,TOA PAYOH,4 ROOM,3800.00,28,1012500.00,38,2026-03-01,4.50
2026,3,TOA PAYOH,5 ROOM,4000.00,23,1090000.00,18,2026-03-01,4.40
2026,3,WOODLANDS,2 ROOM,2100.00,9,370000.00,7,2026-03-01,6.81
2026,3,WOODLANDS,3 ROOM,2500.00,21,470500.00,21,2026-03-01,6.38
2026,3,WOODLANDS,4 ROOM,3100.00,72,551500.00,68,2026-03-01,6.75
2026,3,WOODLANDS,5 ROOM,3300.00,49,662500.00,42,2026-03-01,5.98
2026,3,WOODLANDS,EXECUTIVE,3600.00,12,930000.00,12,2026-03-01,4.65
2026,3,YISHUN,2 ROOM,2450.00,8,370000.00,1,2026-03-01,7.95
2026,3,YISHUN,3 ROOM,2700.00,54,447500.00,40,2026-03-01,7.24
2026,3,YISHUN,4 ROOM,3100.00,82,557500.00,66,2026-03-01,6.67
2026,3,YISHUN,5 ROOM,3500.00,29,705000.00,28,2026-03-01,5.96
2026,3,YISHUN,EXECUTIVE,3500.00,7,899000.00,8,2026-03-01,4.67
2026,4,ANG MO KIO,2 ROOM,2300.00,4,303000.00,3,2026-04-01,9.11
2026,4,ANG MO KIO,3 ROOM,2800.00,125,430000.00,33,2026-04-01,7.81
2026,4,ANG MO KIO,4 ROOM,3500.00,47,670000.00,21,2026-04-01,6.27
2026,4,ANG MO KIO,5 ROOM,4000.00,12,1150000.00,17,2026-04-01,4.17
2026,4,BEDOK,2 ROOM,2250.00,4,316000.00,1,2026-04-01,8.54
2026,4,BEDOK,3 ROOM,2800.00,102,415000.00,37,2026-04-01,8.10
2026,4,BEDOK,4 ROOM,3400.00,52,561944.00,44,2026-04-01,7.26
2026,4,BEDOK,5 ROOM,3500.00,20,740000.00,15,2026-04-01,5.68
2026,4,BEDOK,EXECUTIVE,4075.00,6,1055000.00,4,2026-04-01,4.64
2026,4,BISHAN,3 ROOM,3000.00,12,538000.00,5,2026-04-01,6.69
2026,4,BISHAN,4 ROOM,3500.00,27,813444.00,20,2026-04-01,5.16
2026,4,BISHAN,5 ROOM,4025.00,16,932500.00,10,2026-04-01,5.18
2026,4,BISHAN,EXECUTIVE,4200.00,5,1268000.00,3,2026-04-01,3.97
2026,4,BUKIT BATOK,2 ROOM,2400.00,15,379500.00,8,2026-04-01,7.59
2026,4,BUKIT BATOK,3 ROOM,2700.00,37,428444.00,34,2026-04-01,7.56
2026,4,BUKIT BATOK,4 ROOM,3300.00,62,665000.00,53,2026-04-01,5.95
2026,4,BUKIT BATOK,5 ROOM,3600.00,21,787500.00,26,2026-04-01,5.49
2026,4,BUKIT BATOK,EXECUTIVE,4000.00,4,919000.00,4,2026-04-01,5.22
2026,4,BUKIT MERAH,1 ROOM,2000.00,3,267500.00,2,2026-04-01,8.97
2026,4,BUKIT MERAH,2 ROOM,2550.00,9,298500.00,2,2026-04-01,10.25
2026,4,BUKIT MERAH,3 ROOM,3100.00,102,400000.00,27,2026-04-01,9.30
2026,4,BUKIT MERAH,4 ROOM,3900.00,58,903000.00,37,2026-04-01,5.18
2026,4,BUKIT MERAH,5 ROOM,4200.00,37,943000.00,11,2026-04-01,5.34
2026,4,BUKIT PANJANG,3 ROOM,2700.00,11,477500.00,6,2026-04-01,6.79
2026,4,BUKIT PANJANG,4 ROOM,3000.00,40,622944.00,28,2026-04-01,5.78
2026,4,BUKIT PANJANG,5 ROOM,3300.00,23,670000.00,19,2026-04-01,5.91
2026,4,BUKIT PANJANG,EXECUTIVE,3200.00,4,830000.00,9,2026-04-01,4.63
2026,4,BUKIT TIMAH,4 ROOM,3500.00,3,950000.00,3,2026-04-01,4.42
2026,4,BUKIT TIMAH,5 ROOM,4300.00,2,1060000.00,2,2026-04-01,4.87
2026,4,CENTRAL AREA,3 ROOM,3300.00,31,542000.00,5,2026-04-01,7.31
2026,4,CENTRAL AREA,4 ROOM,4750.00,22,1200000.00,7,2026-04-01,4.75
2026,4,CHOA CHU KANG,3 ROOM,2500.00,7,418000.00,8,2026-04-01,7.18
2026,4,CHOA CHU KANG,4 ROOM,3000.00,49,560000.00,44,2026-04-01,6.43
2026,4,CHOA CHU KANG,5 ROOM,3200.00,51,666000.00,25,2026-04-01,5.77
2026,4,CHOA CHU KANG,EXECUTIVE,3750.00,11,852500.00,6,2026-04-01,5.28
2026,4,CLEMENTI,3 ROOM,3000.00,65,420000.00,15,2026-04-01,8.57
2026,4,CLEMENTI,4 ROOM,3650.00,41,637000.00,12,2026-04-01,6.88
2026,4,CLEMENTI,5 ROOM,4300.00,5,1350000.00,5,2026-04-01,3.82
2026,4,GEYLANG,2 ROOM,2050.00,4,281500.00,2,2026-04-01,8.74
2026,4,GEYLANG,3 ROOM,2800.00,53,358788.00,29,2026-04-01,9.36
2026,4,GEYLANG,4 ROOM,3800.00,29,858000.00,21,2026-04-01,5.31
2026,4,GEYLANG,5 ROOM,4000.00,9,900000.00,9,2026-04-01,5.33
2026,4,GEYLANG,EXECUTIVE,4475.00,4,1090000.00,1,2026-04-01,4.93
2026,4,HOUGANG,2 ROOM,2500.00,8,386000.00,5,2026-04-01,7.77
2026,4,HOUGANG,3 ROOM,2800.00,39,459000.00,24,2026-04-01,7.32
2026,4,HOUGANG,4 ROOM,3200.00,54,618888.00,41,2026-04-01,6.20
2026,4,HOUGANG,5 ROOM,3400.00,24,693000.00,16,2026-04-01,5.89
2026,4,HOUGANG,EXECUTIVE,3450.00,8,930000.00,7,2026-04-01,4.45
2026,4,JURONG EAST,2 ROOM,2450.00,1,355000.00,1,2026-04-01,8.28
2026,4,JURONG EAST,3 ROOM,2800.00,30,425000.00,11,2026-04-01,7.91
2026,4,JURONG EAST,4 ROOM,3400.00,31,545000.00,10,2026-04-01,7.49
2026,4,JURONG EAST,5 ROOM,3650.00,23,778888.00,7,2026-04-01,5.62
2026,4,JURONG EAST,EXECUTIVE,3800.00,2,950000.00,5,2026-04-01,4.80
2026,4,JURONG WEST,2 ROOM,2500.00,6,378000.00,1,2026-04-01,7.94
2026,4,JURONG WEST,3 ROOM,2650.00,48,416500.00,26,2026-04-01,7.64
2026,4,JURONG WEST,4 ROOM,3400.00,59,530000.00,51,2026-04-01,7.70
2026,4,JURONG WEST,5 ROOM,3700.00,63,645000.00,38,2026-04-01,6.88
2026,4,JURONG WEST,EXECUTIVE,3900.00,16,805000.00,10,2026-04-01,5.81
2026,4,KALLANG/WHAMPOA,3 ROOM,3000.00,54,458888.00,19,2026-04-01,7.85
2026,4,KALLANG/WHAMPOA,4 ROOM,3800.00,42,985388.00,22,2026-04-01,4.63
2026,4,KALLANG/WHAMPOA,5 ROOM,4200.00,21,969000.00,8,2026-04-01,5.20
2026,4,MARINE PARADE,3 ROOM,3150.00,20,442500.00,6,2026-04-01,8.54
2026,4,MARINE PARADE,4 ROOM,3300.00,7,575000.00,2,2026-04-01,6.89
2026,4,PASIR RIS,2 ROOM,2200.00,1,422000.00,1,2026-04-01,6.26
2026,4,PASIR RIS,3 ROOM,2000.00,1,582000.00,1,2026-04-01,4.12
2026,4,PASIR RIS,4 ROOM,3400.00,36,630000.00,17,2026-04-01,6.48
2026,4,PASIR RIS,5 ROOM,3650.00,24,750000.00,14,2026-04-01,5.84
2026,4,PASIR RIS,EXECUTIVE,3800.00,17,950000.00,11,2026-04-01,4.80
2026,4,PUNGGOL,2 ROOM,2400.00,5,405000.00,7,2026-04-01,7.11
2026,4,PUNGGOL,3 ROOM,2850.00,14,530000.00,17,2026-04-01,6.45
2026,4,PUNGGOL,4 ROOM,3300.00,57,674000.00,62,2026-04-01,5.88
2026,4,PUNGGOL,5 ROOM,3300.00,53,742500.00,24,2026-04-01,5.33
2026,4,PUNGGOL,EXECUTIVE,3250.00,2,848888.00,1,2026-04-01,4.59
2026,4,QUEENSTOWN,2 ROOM,3000.00,3,549000.00,1,2026-04-01,6.56
2026,4,QUEENSTOWN,3 ROOM,3000.00,82,431444.00,22,2026-04-01,8.34
2026,4,QUEENSTOWN,4 ROOM,4000.00,41,1017500.00,22,2026-04-01,4.72
2026,4,QUEENSTOWN,5 ROOM,4500.00,12,1288888.00,9,2026-04-01,4.19
2026,4,SEMBAWANG,2 ROOM,2500.00,6,380000.00,5,2026-04-01,7.89
2026,4,SEMBAWANG,3 ROOM,2900.00,2,507000.00,15,2026-04-01,6.86
2026,4,SEMBAWANG,4 ROOM,3300.00,22,621000.00,26,2026-04-01,6.38
2026,4,SEMBAWANG,5 ROOM,3325.00,24,662500.00,16,2026-04-01,6.02
2026,4,SEMBAWANG,EXECUTIVE,3550.00,10,739444.00,6,2026-04-01,5.76
2026,4,SENGKANG,2 ROOM,2400.00,12,380000.00,5,2026-04-01,7.58
2026,4,SENGKANG,3 ROOM,3000.00,7,547500.00,16,2026-04-01,6.58
2026,4,SENGKANG,4 ROOM,3200.00,91,640000.00,58,2026-04-01,6.00
2026,4,SENGKANG,5 ROOM,3300.00,85,710000.00,37,2026-04-01,5.58
2026,4,SENGKANG,EXECUTIVE,3500.00,18,860000.00,9,2026-04-01,4.88
2026,4,SERANGOON,3 ROOM,2900.00,29,450000.00,5,2026-04-01,7.73
2026,4,SERANGOON,4 ROOM,3450.00,24,658000.00,7,2026-04-01,6.29
2026,4,SERANGOON,5 ROOM,3825.00,14,794000.00,3,2026-04-01,5.78
2026,4,SERANGOON,EXECUTIVE,4500.00,4,1125000.00,2,2026-04-01,4.80
2026,4,TAMPINES,2 ROOM,2400.00,1,468000.00,1,2026-04-01,6.15
2026,4,TAMPINES,3 ROOM,2900.00,53,483000.00,41,2026-04-01,7.20
2026,4,TAMPINES,4 ROOM,3400.00,82,675000.00,71,2026-04-01,6.04
2026,4,TAMPINES,5 ROOM,3600.00,50,815000.00,53,2026-04-01,5.30
2026,4,TAMPINES,EXECUTIVE,4200.00,8,980000.00,19,2026-04-01,5.14
2026,4,TOA PAYOH,2 ROOM,2400.00,2,283500.00,2,2026-04-01,10.16
2026,4,TOA PAYOH,3 ROOM,2800.00,66,375000.00,39,2026-04-01,8.96
2026,4,TOA PAYOH,4 ROOM,3700.00,36,979444.00,28,2026-04-01,4.53
2026,4,TOA PAYOH,5 ROOM,4000.00,18,999000.00,8,2026-04-01,4.80
2026,4,WOODLANDS,3 ROOM,2550.00,20,420000.00,13,2026-04-01,7.29
2026,4,WOODLANDS,4 ROOM,3000.00,52,548000.00,71,2026-04-01,6.57
2026,4,WOODLANDS,5 ROOM,3300.00,53,648500.00,51,2026-04-01,6.11
2026,4,WOODLANDS,EXECUTIVE,3700.00,13,920000.00,19,2026-04-01,4.83
2026,4,YISHUN,2 ROOM,2450.00,12,352000.00,3,2026-04-01,8.35
2026,4,YISHUN,3 ROOM,2700.00,59,438000.00,27,2026-04-01,7.40
2026,4,YISHUN,4 ROOM,3150.00,62,560000.00,63,2026-04-01,6.75
2026,4,YISHUN,5 ROOM,3535.00,28,695000.00,15,2026-04-01,6.10
2026,4,YISHUN,EXECUTIVE,3200.00,5,888000.00,5,2026-04-01,4.32
2026,5,ANG MO KIO,3 ROOM,2800.00,98,416000.00,35,2026-05-01,8.08
2026,5,ANG MO KIO,4 ROOM,3400.00,39,780000.00,29,2026-05-01,5.23
2026,5,ANG MO KIO,5 ROOM,3850.00,12,850000.00,17,2026-05-01,5.44
2026,5,BEDOK,2 ROOM,1200.00,1,332500.00,2,2026-05-01,4.33
2026,5,BEDOK,3 ROOM,2800.00,95,390000.00,40,2026-05-01,8.62
2026,5,BEDOK,4 ROOM,3400.00,51,669000.00,40,2026-05-01,6.10
2026,5,BEDOK,5 ROOM,3500.00,28,779500.00,18,2026-05-01,5.39
2026,5,BEDOK,EXECUTIVE,4200.00,4,1021500.00,6,2026-05-01,4.93
2026,5,BISHAN,3 ROOM,2950.00,14,536000.00,4,2026-05-01,6.60
2026,5,BISHAN,4 ROOM,3750.00,41,788000.00,15,2026-05-01,5.71
2026,5,BISHAN,5 ROOM,3900.00,19,991500.00,10,2026-05-01,4.72
2026,5,BISHAN,EXECUTIVE,4100.00,2,1240000.00,3,2026-05-01,3.97
2026,5,BUKIT BATOK,2 ROOM,2500.00,23,396500.00,8,2026-05-01,7.57
2026,5,BUKIT BATOK,3 ROOM,2700.00,39,423000.00,31,2026-05-01,7.66
2026,5,BUKIT BATOK,4 ROOM,3300.00,43,645888.00,51,2026-05-01,6.13
2026,5,BUKIT BATOK,5 ROOM,3500.00,18,819000.00,29,2026-05-01,5.13
2026,5,BUKIT BATOK,EXECUTIVE,3600.00,7,882500.00,6,2026-05-01,4.90
2026,5,BUKIT MERAH,2 ROOM,2650.00,4,292000.00,7,2026-05-01,10.89
2026,5,BUKIT MERAH,3 ROOM,3000.00,72,507500.00,30,2026-05-01,7.09
2026,5,BUKIT MERAH,4 ROOM,4000.00,66,950000.00,39,2026-05-01,5.05
2026,5,BUKIT MERAH,5 ROOM,4500.00,36,1035000.00,17,2026-05-01,5.22
2026,5,BUKIT PANJANG,3 ROOM,2600.00,5,414000.00,6,2026-05-01,7.54
2026,5,BUKIT PANJANG,4 ROOM,3000.00,35,549000.00,42,2026-05-01,6.56
2026,5,BUKIT PANJANG,5 ROOM,3200.00,18,720000.00,15,2026-05-01,5.33
2026,5,BUKIT PANJANG,EXECUTIVE,3500.00,4,888000.00,7,2026-05-01,4.73
2026,5,BUKIT TIMAH,4 ROOM,3100.00,2,920000.00,1,2026-05-01,4.04
2026,5,BUKIT TIMAH,5 ROOM,4890.00,2,1150000.00,1,2026-05-01,5.10
2026,5,CENTRAL AREA,2 ROOM,1850.00,1,360000.00,1,2026-05-01,6.17
2026,5,CENTRAL AREA,3 ROOM,3300.00,43,570000.00,6,2026-05-01,6.95
2026,5,CENTRAL AREA,4 ROOM,4650.00,26,1178000.00,11,2026-05-01,4.74
2026,5,CENTRAL AREA,5 ROOM,5050.00,7,1310000.00,2,2026-05-01,4.63
2026,5,CHOA CHU KANG,3 ROOM,2500.00,10,400500.00,4,2026-05-01,7.49
2026,5,CHOA CHU KANG,4 ROOM,3100.00,65,545000.00,49,2026-05-01,6.83
2026,5,CHOA CHU KANG,5 ROOM,3300.00,31,644000.00,16,2026-05-01,6.15
2026,5,CHOA CHU KANG,EXECUTIVE,3500.00,13,830000.00,5,2026-05-01,5.06
2026,5,CLEMENTI,2 ROOM,3100.00,1,415000.00,1,2026-05-01,8.96
2026,5,CLEMENTI,3 ROOM,3000.00,77,437500.00,22,2026-05-01,8.23
2026,5,CLEMENTI,4 ROOM,3950.00,42,900000.00,27,2026-05-01,5.27
2026,5,CLEMENTI,5 ROOM,4200.00,19,1140000.00,8,2026-05-01,4.42
2026,5,CLEMENTI,EXECUTIVE,5300.00,1,1030000.00,2,2026-05-01,6.17
2026,5,GEYLANG,2 ROOM,1700.00,3,298000.00,3,2026-05-01,6.85
2026,5,GEYLANG,3 ROOM,2900.00,47,352500.00,28,2026-05-01,9.87
2026,5,GEYLANG,4 ROOM,3800.00,29,632000.00,23,2026-05-01,7.22
2026,5,GEYLANG,5 ROOM,4000.00,7,1049000.00,4,2026-05-01,4.58
2026,5,GEYLANG,EXECUTIVE,4700.00,5,1015000.00,3,2026-05-01,5.56
2026,5,HOUGANG,2 ROOM,2300.00,3,393000.00,4,2026-05-01,7.02
2026,5,HOUGANG,3 ROOM,2800.00,40,450000.00,23,2026-05-01,7.47
2026,5,HOUGANG,4 ROOM,3200.00,59,628000.00,55,2026-05-01,6.11
2026,5,HOUGANG,5 ROOM,3500.00,22,724944.00,18,2026-05-01,5.79
2026,5,HOUGANG,EXECUTIVE,3700.00,6,986500.00,14,2026-05-01,4.50
2026,5,JURONG EAST,3 ROOM,2900.00,35,404000.00,18,2026-05-01,8.61
2026,5,JURONG EAST,4 ROOM,3500.00,26,544444.00,14,2026-05-01,7.71
2026,5,JURONG EAST,5 ROOM,3900.00,15,710000.00,13,2026-05-01,6.59
2026,5,JURONG EAST,EXECUTIVE,4275.00,6,928000.00,5,2026-05-01,5.53
2026,5,JURONG WEST,3 ROOM,2700.00,51,362500.00,24,2026-05-01,8.94
2026,5,JURONG WEST,4 ROOM,3500.00,70,523000.00,57,2026-05-01,8.03
2026,5,JURONG WEST,5 ROOM,3700.00,65,640000.00,47,2026-05-01,6.94
2026,5,JURONG WEST,EXECUTIVE,4000.00,16,787500.00,8,2026-05-01,6.10
2026,5,KALLANG/WHAMPOA,2 ROOM,2500.00,1,308000.00,1,2026-05-01,9.74
2026,5,KALLANG/WHAMPOA,3 ROOM,3000.00,60,468000.00,31,2026-05-01,7.69
2026,5,KALLANG/WHAMPOA,4 ROOM,3800.00,37,825000.00,25,2026-05-01,5.53
2026,5,KALLANG/WHAMPOA,5 ROOM,4050.00,18,1013888.00,6,2026-05-01,4.79
2026,5,MARINE PARADE,3 ROOM,3000.00,17,480000.00,5,2026-05-01,7.50
2026,5,MARINE PARADE,4 ROOM,3500.00,9,660000.00,7,2026-05-01,6.36
2026,5,MARINE PARADE,5 ROOM,4125.00,4,1100000.00,2,2026-05-01,4.50
2026,5,PASIR RIS,4 ROOM,3300.00,34,630000.00,20,2026-05-01,6.29
2026,5,PASIR RIS,5 ROOM,3650.00,30,724000.00,22,2026-05-01,6.05
2026,5,PASIR RIS,EXECUTIVE,3925.00,20,880444.00,14,2026-05-01,5.35
2026,5,PUNGGOL,2 ROOM,2450.00,10,396500.00,10,2026-05-01,7.41
2026,5,PUNGGOL,3 ROOM,2825.00,14,560400.00,10,2026-05-01,6.05
2026,5,PUNGGOL,4 ROOM,3300.00,58,690000.00,76,2026-05-01,5.74
2026,5,PUNGGOL,5 ROOM,3300.00,65,825000.00,37,2026-05-01,4.80
2026,5,PUNGGOL,EXECUTIVE,3700.00,3,787500.00,2,2026-05-01,5.64
2026,5,QUEENSTOWN,2 ROOM,2350.00,4,545000.00,1,2026-05-01,5.17
2026,5,QUEENSTOWN,3 ROOM,3100.00,86,480000.00,41,2026-05-01,7.75
2026,5,QUEENSTOWN,4 ROOM,4075.00,40,986500.00,28,2026-05-01,4.96
2026,5,QUEENSTOWN,5 ROOM,4500.00,10,1150000.00,9,2026-05-01,4.70
2026,5,SEMBAWANG,2 ROOM,2325.00,8,387500.00,12,2026-05-01,7.20
2026,5,SEMBAWANG,3 ROOM,2900.00,5,510000.00,7,2026-05-01,6.82
2026,5,SEMBAWANG,4 ROOM,3100.00,25,600000.00,19,2026-05-01,6.20
2026,5,SEMBAWANG,5 ROOM,3300.00,30,650000.00,13,2026-05-01,6.09
2026,5,SEMBAWANG,EXECUTIVE,3450.00,6,765000.00,5,2026-05-01,5.41
2026,5,SENGKANG,2 ROOM,2350.00,15,390000.00,7,2026-05-01,7.23
2026,5,SENGKANG,3 ROOM,3000.00,9,548888.00,11,2026-05-01,6.56
2026,5,SENGKANG,4 ROOM,3100.00,66,650000.00,65,2026-05-01,5.72
2026,5,SENGKANG,5 ROOM,3300.00,78,680000.00,51,2026-05-01,5.82
2026,5,SENGKANG,EXECUTIVE,3600.00,13,830000.00,7,2026-05-01,5.20
2026,5,SERANGOON,3 ROOM,2700.00,26,455000.00,13,2026-05-01,7.12
2026,5,SERANGOON,4 ROOM,3325.00,26,790000.00,7,2026-05-01,5.05
2026,5,SERANGOON,5 ROOM,3750.00,14,824000.00,8,2026-05-01,5.46
2026,5,SERANGOON,EXECUTIVE,4300.00,6,925000.00,1,2026-05-01,5.58
2026,5,TAMPINES,3 ROOM,2800.00,44,490000.00,27,2026-05-01,6.86
2026,5,TAMPINES,4 ROOM,3500.00,84,677000.00,87,2026-05-01,6.20
2026,5,TAMPINES,5 ROOM,3700.00,59,836500.00,46,2026-05-01,5.31
2026,5,TAMPINES,EXECUTIVE,4000.00,15,955444.00,14,2026-05-01,5.02
2026,5,TOA PAYOH,3 ROOM,2900.00,73,388000.00,37,2026-05-01,8.97
2026,5,TOA PAYOH,4 ROOM,3700.00,35,985000.00,30,2026-05-01,4.51
2026,5,TOA PAYOH,5 ROOM,4000.00,18,1043400.00,12,2026-05-01,4.60
2026,5,TOA PAYOH,EXECUTIVE,3200.00,1,960000.00,1,2026-05-01,4.00
2026,5,WOODLANDS,2 ROOM,2300.00,3,370000.00,3,2026-05-01,7.46
2026,5,WOODLANDS,3 ROOM,2600.00,17,435000.00,15,2026-05-01,7.17
2026,5,WOODLANDS,4 ROOM,3100.00,64,550000.00,78,2026-05-01,6.76
2026,5,WOODLANDS,5 ROOM,3325.00,58,660000.00,45,2026-05-01,6.05
2026,5,WOODLANDS,EXECUTIVE,3400.00,14,928888.00,17,2026-05-01,4.39
2026,5,YISHUN,2 ROOM,2300.00,4,369000.00,4,2026-05-01,7.48
2026,5,YISHUN,3 ROOM,2700.00,44,419000.00,36,2026-05-01,7.73
2026,5,YISHUN,4 ROOM,3100.00,82,523000.00,55,2026-05-01,7.11
2026,5,YISHUN,5 ROOM,3500.00,29,660000.00,18,2026-05-01,6.36
2026,5,YISHUN,EXECUTIVE,3300.00,5,990000.00,3,2026-05-01,4.00
2026,6,ANG MO KIO,2 ROOM,2200.00,1,345888.00,1,2026-06-01,7.63
2026,6,ANG MO KIO,3 ROOM,2800.00,118,428000.00,43,2026-06-01,7.85
2026,6,ANG MO KIO,4 ROOM,3500.00,39,601000.00,32,2026-06-01,6.99
2026,6,ANG MO KIO,5 ROOM,3600.00,12,970000.00,9,2026-06-01,4.45
2026,6,BEDOK,2 ROOM,2400.00,5,310000.00,3,2026-06-01,9.29
2026,6,BEDOK,3 ROOM,2800.00,93,425000.00,45,2026-06-01,7.91
2026,6,BEDOK,4 ROOM,3500.00,48,585000.00,39,2026-06-01,7.18
2026,6,BEDOK,5 ROOM,4000.00,23,925000.00,9,2026-06-01,5.19
2026,6,BEDOK,EXECUTIVE,4300.00,3,1015000.00,4,2026-06-01,5.08
2026,6,BISHAN,3 ROOM,3000.00,13,538000.00,5,2026-06-01,6.69
2026,6,BISHAN,4 ROOM,3675.00,34,768444.00,20,2026-06-01,5.74
2026,6,BISHAN,5 ROOM,4025.00,8,988000.00,11,2026-06-01,4.89
2026,6,BISHAN,EXECUTIVE,6000.00,1,1320000.00,3,2026-06-01,5.45
2026,6,BUKIT BATOK,2 ROOM,2400.00,17,365000.00,9,2026-06-01,7.89
2026,6,BUKIT BATOK,3 ROOM,2700.00,51,420000.00,27,2026-06-01,7.71
2026,6,BUKIT BATOK,4 ROOM,3300.00,50,618000.00,49,2026-06-01,6.41
2026,6,BUKIT BATOK,5 ROOM,3800.00,16,785500.00,30,2026-06-01,5.81
2026,6,BUKIT BATOK,EXECUTIVE,3700.00,7,895000.00,4,2026-06-01,4.96
2026,6,BUKIT MERAH,1 ROOM,1475.00,2,251500.00,2,2026-06-01,7.04
2026,6,BUKIT MERAH,2 ROOM,2200.00,5,300000.00,1,2026-06-01,8.80
2026,6,BUKIT MERAH,3 ROOM,3000.00,59,436444.00,24,2026-06-01,8.25
2026,6,BUKIT MERAH,4 ROOM,4000.00,61,1000000.00,33,2026-06-01,4.80
2026,6,BUKIT MERAH,5 ROOM,4400.00,42,1046000.00,22,2026-06-01,5.05
2026,6,BUKIT PANJANG,3 ROOM,2600.00,5,430000.00,9,2026-06-01,7.26
2026,6,BUKIT PANJANG,4 ROOM,3000.00,35,568888.00,25,2026-06-01,6.33
2026,6,BUKIT PANJANG,5 ROOM,3350.00,20,705444.00,18,2026-06-01,5.70
2026,6,BUKIT PANJANG,EXECUTIVE,3775.00,8,818000.00,3,2026-06-01,5.54
2026,6,BUKIT TIMAH,3 ROOM,2700.00,3,500000.00,1,2026-06-01,6.48
2026,6,BUKIT TIMAH,4 ROOM,3800.00,5,802500.00,2,2026-06-01,5.68
2026,6,BUKIT TIMAH,5 ROOM,3400.00,2,1045000.00,4,2026-06-01,3.90
2026,6,CENTRAL AREA,3 ROOM,3200.00,26,568000.00,3,2026-06-01,6.76
2026,6,CENTRAL AREA,4 ROOM,4000.00,19,1005000.00,6,2026-06-01,4.78
2026,6,CENTRAL AREA,5 ROOM,5150.00,10,1510000.00,4,2026-06-01,4.09
2026,6,CHOA CHU KANG,3 ROOM,2450.00,12,480000.00,5,2026-06-01,6.12
2026,6,CHOA CHU KANG,4 ROOM,3000.00,48,577000.00,46,2026-06-01,6.24
2026,6,CHOA CHU KANG,5 ROOM,3200.00,36,666500.00,34,2026-06-01,5.76
2026,6,CHOA CHU KANG,EXECUTIVE,3400.00,7,825000.00,5,2026-06-01,4.95
2026,6,CLEMENTI,3 ROOM,3100.00,69,436944.00,20,2026-06-01,8.51
2026,6,CLEMENTI,4 ROOM,4000.00,49,875500.00,14,2026-06-01,5.48
2026,6,CLEMENTI,5 ROOM,4500.00,12,1243000.00,7,2026-06-01,4.34
2026,6,CLEMENTI,EXECUTIVE,5300.00,2,1100000.00,1,2026-06-01,5.78
2026,6,GEYLANG,2 ROOM,2300.00,3,290000.00,2,2026-06-01,9.52
2026,6,GEYLANG,3 ROOM,2800.00,39,359000.00,26,2026-06-01,9.36
2026,6,GEYLANG,4 ROOM,3800.00,25,766444.00,14,2026-06-01,5.95
2026,6,GEYLANG,5 ROOM,3800.00,11,792000.00,5,2026-06-01,5.76
2026,6,GEYLANG,EXECUTIVE,3775.00,2,1188000.00,1,2026-06-01,3.81
2026,6,HOUGANG,2 ROOM,2450.00,2,371000.00,4,2026-06-01,7.92
2026,6,HOUGANG,3 ROOM,2800.00,37,442888.00,27,2026-06-01,7.59
2026,6,HOUGANG,4 ROOM,3200.00,48,605444.00,54,2026-06-01,6.34
2026,6,HOUGANG,5 ROOM,3450.00,21,730000.00,16,2026-06-01,5.67
2026,6,HOUGANG,EXECUTIVE,3400.00,9,989000.00,10,2026-06-01,4.13
2026,6,JURONG EAST,3 ROOM,2825.00,34,420000.00,13,2026-06-01,8.07
2026,6,JURONG EAST,4 ROOM,3300.00,22,577500.00,10,2026-06-01,6.86
2026,6,JURONG EAST,5 ROOM,3825.00,26,722500.00,6,2026-06-01,6.35
2026,6,JURONG EAST,EXECUTIVE,4000.00,9,929000.00,2,2026-06-01,5.17
2026,6,JURONG WEST,2 ROOM,2400.00,3,354000.00,3,2026-06-01,8.14
2026,6,JURONG WEST,3 ROOM,2700.00,42,412250.00,22,2026-06-01,7.86
2026,6,JURONG WEST,4 ROOM,3500.00,100,527500.00,44,2026-06-01,7.96
2026,6,JURONG WEST,5 ROOM,3900.00,108,618444.00,36,2026-06-01,7.57
2026,6,JURONG WEST,EXECUTIVE,4200.00,39,778000.00,9,2026-06-01,6.48
2026,6,KALLANG/WHAMPOA,3 ROOM,3000.00,59,449000.00,28,2026-06-01,8.02
2026,6,KALLANG/WHAMPOA,4 ROOM,3600.00,32,945000.00,26,2026-06-01,4.57
2026,6,KALLANG/WHAMPOA,5 ROOM,4050.00,16,976250.00,12,2026-06-01,4.98
2026,6,KALLANG/WHAMPOA,EXECUTIVE,4600.00,3,1000000.00,5,2026-06-01,5.52
2026,6,MARINE PARADE,3 ROOM,3000.00,20,468000.00,3,2026-06-01,7.69
2026,6,MARINE PARADE,4 ROOM,3250.00,6,639000.00,4,2026-06-01,6.10
2026,6,PASIR RIS,2 ROOM,2100.00,1,420000.00,2,2026-06-01,6.00
2026,6,PASIR RIS,3 ROOM,2600.00,3,630000.00,3,2026-06-01,4.95
2026,6,PASIR RIS,4 ROOM,3325.00,30,628000.00,26,2026-06-01,6.35
2026,6,PASIR RIS,5 ROOM,3600.00,31,716250.00,22,2026-06-01,6.03
2026,6,PASIR RIS,EXECUTIVE,4000.00,16,908000.00,21,2026-06-01,5.29
2026,6,PUNGGOL,2 ROOM,2325.00,11,402000.00,17,2026-06-01,6.94
2026,6,PUNGGOL,3 ROOM,2900.00,15,549000.00,20,2026-06-01,6.34
2026,6,PUNGGOL,4 ROOM,3225.00,66,670000.00,67,2026-06-01,5.78
2026,6,PUNGGOL,5 ROOM,3200.00,59,800000.00,45,2026-06-01,4.80
2026,6,PUNGGOL,EXECUTIVE,3450.00,5,850000.00,4,2026-06-01,4.87
2026,6,QUEENSTOWN,2 ROOM,2800.00,3,409000.00,2,2026-06-01,8.22
2026,6,QUEENSTOWN,3 ROOM,3075.00,78,735000.00,27,2026-06-01,5.02
2026,6,QUEENSTOWN,4 ROOM,4300.00,46,1092500.00,26,2026-06-01,4.72
2026,6,QUEENSTOWN,5 ROOM,4400.00,27,1260000.00,8,2026-06-01,4.19
2026,6,SEMBAWANG,2 ROOM,2300.00,13,377500.00,8,2026-06-01,7.31
2026,6,SEMBAWANG,3 ROOM,2900.00,3,552500.00,6,2026-06-01,6.30
2026,6,SEMBAWANG,4 ROOM,3000.00,19,580000.00,31,2026-06-01,6.21
2026,6,SEMBAWANG,5 ROOM,3300.00,18,595000.00,11,2026-06-01,6.66
2026,6,SEMBAWANG,EXECUTIVE,3600.00,9,762500.00,4,2026-06-01,5.67
2026,6,SENGKANG,2 ROOM,2300.00,6,395000.00,7,2026-06-01,6.99
2026,6,SENGKANG,3 ROOM,2825.00,16,541500.00,12,2026-06-01,6.26
2026,6,SENGKANG,4 ROOM,3200.00,87,625000.00,81,2026-06-01,6.14
2026,6,SENGKANG,5 ROOM,3300.00,72,696000.00,54,2026-06-01,5.69
2026,6,SENGKANG,EXECUTIVE,3500.00,22,858000.00,13,2026-06-01,4.90
2026,6,SERANGOON,3 ROOM,2950.00,18,438000.00,9,2026-06-01,8.08
2026,6,SERANGOON,4 ROOM,3500.00,27,638000.00,19,2026-06-01,6.58
2026,6,SERANGOON,5 ROOM,4000.00,3,938000.00,7,2026-06-01,5.12
2026,6,SERANGOON,EXECUTIVE,3800.00,5,970000.00,1,2026-06-01,4.70
2026,6,TAMPINES,2 ROOM,700.00,1,390000.00,1,2026-06-01,2.15
2026,6,TAMPINES,3 ROOM,2800.00,51,465000.00,35,2026-06-01,7.23
2026,6,TAMPINES,4 ROOM,3500.00,89,650000.00,74,2026-06-01,6.46
2026,6,TAMPINES,5 ROOM,3675.00,42,824444.00,44,2026-06-01,5.35
2026,6,TAMPINES,EXECUTIVE,4000.00,12,980000.00,17,2026-06-01,4.90
2026,6,TOA PAYOH,3 ROOM,3000.00,59,368000.00,35,2026-06-01,9.78
2026,6,TOA PAYOH,4 ROOM,4000.00,31,1029000.00,32,2026-06-01,4.66
2026,6,TOA PAYOH,5 ROOM,4200.00,10,1222500.00,8,2026-06-01,4.12
2026,6,TOA PAYOH,EXECUTIVE,4500.00,2,988000.00,3,2026-06-01,5.47
2026,6,WOODLANDS,2 ROOM,2100.00,4,380000.00,3,2026-06-01,6.63
2026,6,WOODLANDS,3 ROOM,2525.00,14,428888.00,23,2026-06-01,7.06
2026,6,WOODLANDS,4 ROOM,3000.00,55,545000.00,67,2026-06-01,6.61
2026,6,WOODLANDS,5 ROOM,3300.00,49,668000.00,51,2026-06-01,5.93
2026,6,WOODLANDS,EXECUTIVE,3650.00,9,899000.00,18,2026-06-01,4.87
2026,6,YISHUN,2 ROOM,2400.00,5,365000.00,8,2026-06-01,7.89
2026,6,YISHUN,3 ROOM,2700.00,62,428000.00,36,2026-06-01,7.57
2026,6,YISHUN,4 ROOM,3100.00,54,546500.00,74,2026-06-01,6.81
2026,6,YISHUN,5 ROOM,3400.00,28,695000.00,24,2026-06-01,5.87
2026,6,YISHUN,EXECUTIVE,3900.00,5,1056500.00,2,2026-06-01,4.43
